,PJME_MW,hour,dayofweek,quarter,month,year,dayofyear,dayofmonth,weekofyear,lag_364d,lag_728d,lag_1092d,prediction
2018-08-03 01:00:00,,1,4,3,8,2018,215,3,31,30781.0,29503.0,29128.0,29934.256
2018-08-03 02:00:00,,2,4,3,8,2018,215,3,31,29015.0,27712.0,27373.0,28660.596
2018-08-03 03:00:00,,3,4,3,8,2018,215,3,31,27884.0,26535.0,26233.0,28116.69
2018-08-03 04:00:00,,4,4,3,8,2018,215,3,31,27223.0,25870.0,25643.0,27726.979
2018-08-03 05:00:00,,5,4,3,8,2018,215,3,31,27460.0,25961.0,25727.0,27752.912
2018-08-03 06:00:00,,6,4,3,8,2018,215,3,31,28680.0,27215.0,26972.0,28711.2
2018-08-03 07:00:00,,7,4,3,8,2018,215,3,31,30509.0,28935.0,28660.0,30315.342
2018-08-03 08:00:00,,8,4,3,8,2018,215,3,31,32971.0,31324.0,30757.0,32897.457
2018-08-03 09:00:00,,9,4,3,8,2018,215,3,31,35507.0,33695.0,32643.0,34632.05
2018-08-03 10:00:00,,10,4,3,8,2018,215,3,31,37913.0,35589.0,34327.0,36960.344
2018-08-03 11:00:00,,11,4,3,8,2018,215,3,31,40478.0,37384.0,35972.0,40102.87
2018-08-03 12:00:00,,12,4,3,8,2018,215,3,31,42909.0,39024.0,37200.0,41285.387
2018-08-03 13:00:00,,13,4,3,8,2018,215,3,31,44808.0,40431.0,38136.0,43114.33
2018-08-03 14:00:00,,14,4,3,8,2018,215,3,31,46430.0,41687.0,39167.0,44163.39
2018-08-03 15:00:00,,15,4,3,8,2018,215,3,31,47263.0,42523.0,40107.0,45082.516
2018-08-03 16:00:00,,16,4,3,8,2018,215,3,31,47780.0,42950.0,40812.0,46108.78
2018-08-03 17:00:00,,17,4,3,8,2018,215,3,31,48100.0,43121.0,41249.0,46576.09
2018-08-03 18:00:00,,18,4,3,8,2018,215,3,31,47819.0,43091.0,41072.0,46121.832
2018-08-03 19:00:00,,19,4,3,8,2018,215,3,31,46141.0,42034.0,39875.0,44733.79
2018-08-03 20:00:00,,20,4,3,8,2018,215,3,31,43606.0,40513.0,38124.0,42711.973
2018-08-03 21:00:00,,21,4,3,8,2018,215,3,31,41863.0,39840.0,37316.0,42402.277
2018-08-03 22:00:00,,22,4,3,8,2018,215,3,31,40005.0,38664.0,36094.0,40737.113
2018-08-03 23:00:00,,23,4,3,8,2018,215,3,31,37174.0,36125.0,33474.0,37602.887
2018-08-04 00:00:00,,0,5,3,8,2018,216,4,31,34310.0,33373.0,30618.0,32246.598
2018-08-04 01:00:00,,1,5,3,8,2018,216,4,31,31720.0,31016.0,28106.0,30295.146
2018-08-04 02:00:00,,2,5,3,8,2018,216,4,31,29985.0,29342.0,26342.0,28820.79
2018-08-04 03:00:00,,3,5,3,8,2018,216,4,31,28747.0,28254.0,25138.0,28231.238
2018-08-04 04:00:00,,4,5,3,8,2018,216,4,31,27764.0,27658.0,24356.0,27451.285
2018-08-04 05:00:00,,5,5,3,8,2018,216,4,31,27281.0,27510.0,24018.0,27350.04
2018-08-04 06:00:00,,6,5,3,8,2018,216,4,31,27294.0,28081.0,24229.0,27666.475
2018-08-04 07:00:00,,7,5,3,8,2018,216,4,31,27569.0,28694.0,24526.0,28239.951
2018-08-04 08:00:00,,8,5,3,8,2018,216,4,31,28419.0,30257.0,26065.0,29066.82
2018-08-04 09:00:00,,9,5,3,8,2018,216,4,31,30179.0,33056.0,28444.0,31714.195
2018-08-04 10:00:00,,10,5,3,8,2018,216,4,31,31838.0,36174.0,30781.0,33511.906
2018-08-04 11:00:00,,11,5,3,8,2018,216,4,31,32973.0,39060.0,32682.0,36053.42
2018-08-04 12:00:00,,12,5,3,8,2018,216,4,31,33521.0,41168.0,34122.0,37975.74
2018-08-04 13:00:00,,13,5,3,8,2018,216,4,31,33830.0,42875.0,35256.0,39408.863
2018-08-04 14:00:00,,14,5,3,8,2018,216,4,31,33713.0,44366.0,36155.0,40741.547
2018-08-04 15:00:00,,15,5,3,8,2018,216,4,31,33934.0,45601.0,36760.0,41196.75
2018-08-04 16:00:00,,16,5,3,8,2018,216,4,31,34601.0,46445.0,37157.0,41570.91
2018-08-04 17:00:00,,17,5,3,8,2018,216,4,31,35241.0,46683.0,37400.0,41699.734
2018-08-04 18:00:00,,18,5,3,8,2018,216,4,31,35414.0,46312.0,37372.0,41699.734
2018-08-04 19:00:00,,19,5,3,8,2018,216,4,31,34686.0,45190.0,36706.0,41415.99
2018-08-04 20:00:00,,20,5,3,8,2018,216,4,31,33181.0,43176.0,35474.0,39774.535
2018-08-04 21:00:00,,21,5,3,8,2018,216,4,31,32415.0,42025.0,35103.0,38945.367
2018-08-04 22:00:00,,22,5,3,8,2018,216,4,31,31456.0,40657.0,34180.0,36308.652
2018-08-04 23:00:00,,23,5,3,8,2018,216,4,31,29512.0,37843.0,32010.0,34826.62
2018-08-05 00:00:00,,0,6,3,8,2018,217,5,31,27286.0,34621.0,29580.0,31005.805
2018-08-05 01:00:00,,1,6,3,8,2018,217,5,31,25304.0,31702.0,27307.0,28568.709
2018-08-05 02:00:00,,2,6,3,8,2018,217,5,31,23804.0,29382.0,25687.0,27431.367
2018-08-05 03:00:00,,3,6,3,8,2018,217,5,31,22856.0,27684.0,24583.0,26352.465
2018-08-05 04:00:00,,4,6,3,8,2018,217,5,31,22169.0,26469.0,23870.0,25912.203
2018-08-05 05:00:00,,5,6,3,8,2018,217,5,31,21914.0,25663.0,23559.0,25571.227
2018-08-05 06:00:00,,6,6,3,8,2018,217,5,31,21985.0,25423.0,23638.0,25384.197
2018-08-05 07:00:00,,7,6,3,8,2018,217,5,31,21936.0,25192.0,23620.0,25402.764
2018-08-05 08:00:00,,8,6,3,8,2018,217,5,31,22895.0,26546.0,24825.0,26506.91
2018-08-05 09:00:00,,9,6,3,8,2018,217,5,31,24610.0,29165.0,27102.0,28522.357
2018-08-05 10:00:00,,10,6,3,8,2018,217,5,31,26206.0,31799.0,29466.0,30423.814
2018-08-05 11:00:00,,11,6,3,8,2018,217,5,31,27417.0,34308.0,31598.0,32753.895
2018-08-05 12:00:00,,12,6,3,8,2018,217,5,31,28571.0,36507.0,33585.0,34610.332
2018-08-05 13:00:00,,13,6,3,8,2018,217,5,31,29586.0,38266.0,35372.0,36422.51
2018-08-05 14:00:00,,14,6,3,8,2018,217,5,31,30413.0,39760.0,36680.0,38086.355
2018-08-05 15:00:00,,15,6,3,8,2018,217,5,31,31152.0,41044.0,37578.0,38626.777
2018-08-05 16:00:00,,16,6,3,8,2018,217,5,31,31703.0,42211.0,38150.0,39062.53
2018-08-05 17:00:00,,17,6,3,8,2018,217,5,31,32473.0,43242.0,38687.0,40913.766
2018-08-05 18:00:00,,18,6,3,8,2018,217,5,31,33016.0,43863.0,38945.0,41632.332
2018-08-05 19:00:00,,19,6,3,8,2018,217,5,31,32965.0,43381.0,38351.0,41204.35
2018-08-05 20:00:00,,20,6,3,8,2018,217,5,31,32333.0,41663.0,37054.0,39816.105
2018-08-05 21:00:00,,21,6,3,8,2018,217,5,31,32628.0,40377.0,36903.0,39339.195
2018-08-05 22:00:00,,22,6,3,8,2018,217,5,31,31869.0,38744.0,35863.0,36904.996
2018-08-05 23:00:00,,23,6,3,8,2018,217,5,31,29946.0,35692.0,33461.0,35175.47
2018-08-06 00:00:00,,0,0,3,8,2018,218,6,32,27711.0,32524.0,30719.0,30795.424
2018-08-06 01:00:00,,1,0,3,8,2018,218,6,32,25823.0,29930.0,28425.0,28937.947
2018-08-06 02:00:00,,2,0,3,8,2018,218,6,32,24637.0,28099.0,26927.0,27791.08
2018-08-06 03:00:00,,3,0,3,8,2018,218,6,32,23983.0,26982.0,26020.0,27115.775
2018-08-06 04:00:00,,4,0,3,8,2018,218,6,32,23812.0,26422.0,25605.0,26912.232
2018-08-06 05:00:00,,5,0,3,8,2018,218,6,32,24277.0,26665.0,25969.0,27197.76
2018-08-06 06:00:00,,6,0,3,8,2018,218,6,32,25872.0,27920.0,27465.0,28233.598
2018-08-06 07:00:00,,7,0,3,8,2018,218,6,32,28091.0,29654.0,29530.0,30014.291
2018-08-06 08:00:00,,8,0,3,8,2018,218,6,32,30041.0,32075.0,31840.0,32645.8
2018-08-06 09:00:00,,9,0,3,8,2018,218,6,32,31574.0,34431.0,33724.0,33639.004
2018-08-06 10:00:00,,10,0,3,8,2018,218,6,32,32702.0,36658.0,35167.0,35992.254
2018-08-06 11:00:00,,11,0,3,8,2018,218,6,32,33688.0,38682.0,36586.0,38436.332
2018-08-06 12:00:00,,12,0,3,8,2018,218,6,32,34110.0,40529.0,37412.0,39873.004
2018-08-06 13:00:00,,13,0,3,8,2018,218,6,32,34287.0,41879.0,37946.0,40886.688
2018-08-06 14:00:00,,14,0,3,8,2018,218,6,32,34277.0,42913.0,38442.0,41400.453
2018-08-06 15:00:00,,15,0,3,8,2018,218,6,32,34066.0,43358.0,38626.0,41739.855
2018-08-06 16:00:00,,16,0,3,8,2018,218,6,32,33781.0,43596.0,38545.0,41762.793
2018-08-06 17:00:00,,17,0,3,8,2018,218,6,32,33612.0,43769.0,38227.0,41785.473
2018-08-06 18:00:00,,18,0,3,8,2018,218,6,32,33796.0,43808.0,37940.0,41749.64
2018-08-06 19:00:00,,19,0,3,8,2018,218,6,32,33489.0,43144.0,37167.0,40729.74
2018-08-06 20:00:00,,20,0,3,8,2018,218,6,32,33189.0,41747.0,36712.0,40729.74
2018-08-06 21:00:00,,21,0,3,8,2018,218,6,32,33325.0,40784.0,36983.0,40158.766
2018-08-06 22:00:00,,22,0,3,8,2018,218,6,32,32288.0,38991.0,35859.0,38300.094
2018-08-06 23:00:00,,23,0,3,8,2018,218,6,32,30077.0,35585.0,33334.0,35100.12
2018-08-07 00:00:00,,0,1,3,8,2018,219,7,32,27915.0,32235.0,30822.0,31082.955
2018-08-07 01:00:00,,1,1,3,8,2018,219,7,32,25969.0,29496.0,28663.0,28888.389
2018-08-07 02:00:00,,2,1,3,8,2018,219,7,32,24786.0,27672.0,27349.0,27742.904
2018-08-07 03:00:00,,3,1,3,8,2018,219,7,32,24088.0,26533.0,26496.0,27097.459
2018-08-07 04:00:00,,4,1,3,8,2018,219,7,32,23845.0,25909.0,26098.0,26676.217
2018-08-07 05:00:00,,5,1,3,8,2018,219,7,32,24213.0,26036.0,26498.0,27014.725
2018-08-07 06:00:00,,6,1,3,8,2018,219,7,32,25666.0,27390.0,28123.0,28511.11
2018-08-07 07:00:00,,7,1,3,8,2018,219,7,32,27826.0,29313.0,30679.0,30187.525
2018-08-07 08:00:00,,8,1,3,8,2018,219,7,32,29645.0,31720.0,32785.0,32387.07
2018-08-07 09:00:00,,9,1,3,8,2018,219,7,32,31080.0,34065.0,34399.0,33765.926
2018-08-07 10:00:00,,10,1,3,8,2018,219,7,32,32076.0,36341.0,35797.0,35681.367
2018-08-07 11:00:00,,11,1,3,8,2018,219,7,32,33040.0,38704.0,37360.0,38494.844
2018-08-07 12:00:00,,12,1,3,8,2018,219,7,32,33699.0,40671.0,38489.0,40143.723
2018-08-07 13:00:00,,13,1,3,8,2018,219,7,32,34469.0,42323.0,39506.0,41351.992
2018-08-07 14:00:00,,14,1,3,8,2018,219,7,32,35217.0,43843.0,40763.0,43558.316
2018-08-07 15:00:00,,15,1,3,8,2018,219,7,32,35954.0,44764.0,41769.0,43817.13
2018-08-07 16:00:00,,16,1,3,8,2018,219,7,32,36500.0,45345.0,42323.0,44481.562
2018-08-07 17:00:00,,17,1,3,8,2018,219,7,32,37292.0,45616.0,42835.0,45347.953
2018-08-07 18:00:00,,18,1,3,8,2018,219,7,32,38004.0,45559.0,42728.0,45491.02
2018-08-07 19:00:00,,19,1,3,8,2018,219,7,32,37851.0,44497.0,41785.0,44401.656
2018-08-07 20:00:00,,20,1,3,8,2018,219,7,32,36515.0,43095.0,40344.0,43076.918
2018-08-07 21:00:00,,21,1,3,8,2018,219,7,32,35830.0,42782.0,39869.0,42074.613
2018-08-07 22:00:00,,22,1,3,8,2018,219,7,32,34403.0,41234.0,38427.0,40503.02
2018-08-07 23:00:00,,23,1,3,8,2018,219,7,32,31611.0,38409.0,35371.0,36321.55
2018-08-08 00:00:00,,0,2,3,8,2018,220,8,32,28718.0,35715.0,32214.0,32592.574
2018-08-08 01:00:00,,1,2,3,8,2018,220,8,32,26432.0,33248.0,29568.0,30338.09
2018-08-08 02:00:00,,2,2,3,8,2018,220,8,32,24898.0,31609.0,27714.0,28749.043
2018-08-08 03:00:00,,3,2,3,8,2018,220,8,32,23921.0,30621.0,26565.0,27677.418
2018-08-08 04:00:00,,4,2,3,8,2018,220,8,32,23417.0,30137.0,25870.0,27480.406
2018-08-08 05:00:00,,5,2,3,8,2018,220,8,32,23582.0,30491.0,25874.0,27527.465
2018-08-08 06:00:00,,6,2,3,8,2018,220,8,32,24855.0,32195.0,27151.0,28789.309
2018-08-08 07:00:00,,7,2,3,8,2018,220,8,32,26543.0,34629.0,29093.0,31089.098
2018-08-08 08:00:00,,8,2,3,8,2018,220,8,32,28625.0,37046.0,31415.0,33139.285
2018-08-08 09:00:00,,9,2,3,8,2018,220,8,32,30413.0,39367.0,33567.0,34720.83
2018-08-08 10:00:00,,10,2,3,8,2018,220,8,32,32024.0,41575.0,35353.0,37004.695
2018-08-08 11:00:00,,11,2,3,8,2018,220,8,32,33697.0,43714.0,37047.0,39893.78
2018-08-08 12:00:00,,12,2,3,8,2018,220,8,32,35225.0,45999.0,38480.0,41942.902
2018-08-08 13:00:00,,13,2,3,8,2018,220,8,32,36485.0,47698.0,39445.0,42882.816
2018-08-08 14:00:00,,14,2,3,8,2018,220,8,32,37894.0,48895.0,40197.0,43856.484
2018-08-08 15:00:00,,15,2,3,8,2018,220,8,32,39246.0,50047.0,41251.0,44881.363
2018-08-08 16:00:00,,16,2,3,8,2018,220,8,32,40475.0,51195.0,42229.0,45576.535
2018-08-08 17:00:00,,17,2,3,8,2018,220,8,32,41473.0,52170.0,42922.0,46451.19
2018-08-08 18:00:00,,18,2,3,8,2018,220,8,32,42057.0,52358.0,43029.0,46451.19
2018-08-08 19:00:00,,19,2,3,8,2018,220,8,32,41188.0,51420.0,41766.0,45599.215
2018-08-08 20:00:00,,20,2,3,8,2018,220,8,32,39283.0,49820.0,39770.0,43910.9
2018-08-08 21:00:00,,21,2,3,8,2018,220,8,32,38245.0,49110.0,38852.0,43348.69
2018-08-08 22:00:00,,22,2,3,8,2018,220,8,32,36424.0,46930.0,37161.0,41963.98
2018-08-08 23:00:00,,23,2,3,8,2018,220,8,32,33222.0,43409.0,33938.0,38128.973
2018-08-09 00:00:00,,0,3,3,8,2018,221,9,32,30096.0,39942.0,30718.0,32517.22
2018-08-09 01:00:00,,1,3,3,8,2018,221,9,32,27541.0,37301.0,28093.0,31078.312
2018-08-09 02:00:00,,2,3,3,8,2018,221,9,32,25870.0,35224.0,26337.0,29443.977
2018-08-09 03:00:00,,3,3,3,8,2018,221,9,32,24813.0,33869.0,25256.0,28889.479
2018-08-09 04:00:00,,4,3,3,8,2018,221,9,32,24231.0,33107.0,24634.0,28275.385
2018-08-09 05:00:00,,5,3,3,8,2018,221,9,32,24380.0,33156.0,24748.0,28380.236
2018-08-09 06:00:00,,6,3,3,8,2018,221,9,32,25622.0,34558.0,26062.0,29332.508
2018-08-09 07:00:00,,7,3,3,8,2018,221,9,32,27358.0,36688.0,27865.0,31347.154
2018-08-09 08:00:00,,8,3,3,8,2018,221,9,32,29482.0,39271.0,30135.0,32496.033
2018-08-09 09:00:00,,9,3,3,8,2018,221,9,32,31587.0,41808.0,32204.0,34020.46
2018-08-09 10:00:00,,10,3,3,8,2018,221,9,32,33543.0,44176.0,34042.0,37514.594
2018-08-09 11:00:00,,11,3,3,8,2018,221,9,32,35582.0,47097.0,35691.0,40210.707
2018-08-09 12:00:00,,12,3,3,8,2018,221,9,32,37339.0,49743.0,37100.0,42061.75
2018-08-09 13:00:00,,13,3,3,8,2018,221,9,32,38740.0,52000.0,38243.0,43653.72
2018-08-09 14:00:00,,14,3,3,8,2018,221,9,32,40057.0,53962.0,39270.0,44149.53
2018-08-09 15:00:00,,15,3,3,8,2018,221,9,32,41058.0,55038.0,40088.0,44852.55
2018-08-09 16:00:00,,16,3,3,8,2018,221,9,32,41685.0,55644.0,40885.0,45387.74
2018-08-09 17:00:00,,17,3,3,8,2018,221,9,32,41971.0,55900.0,41567.0,45715.598
2018-08-09 18:00:00,,18,3,3,8,2018,221,9,32,41589.0,55517.0,41653.0,45507.145
2018-08-09 19:00:00,,19,3,3,8,2018,221,9,32,40253.0,54115.0,40478.0,45031.56
2018-08-09 20:00:00,,20,3,3,8,2018,221,9,32,38561.0,52119.0,38504.0,43683.445
2018-08-09 21:00:00,,21,3,3,8,2018,221,9,32,38025.0,51114.0,37645.0,43063.99
2018-08-09 22:00:00,,22,3,3,8,2018,221,9,32,36411.0,48813.0,35836.0,41721.508
2018-08-09 23:00:00,,23,3,3,8,2018,221,9,32,33462.0,45249.0,32693.0,37078.977
2018-08-10 00:00:00,,0,4,3,8,2018,222,10,32,30440.0,41722.0,29667.0,32036.932
2018-08-10 01:00:00,,1,4,3,8,2018,222,10,32,28030.0,38580.0,27145.0,30679.266
2018-08-10 02:00:00,,2,4,3,8,2018,222,10,32,26488.0,36121.0,25464.0,29872.707
2018-08-10 03:00:00,,3,4,3,8,2018,222,10,32,25512.0,34599.0,24448.0,28972.133
2018-08-10 04:00:00,,4,4,3,8,2018,222,10,32,25011.0,33720.0,23805.0,28778.896
2018-08-10 05:00:00,,5,4,3,8,2018,222,10,32,25209.0,33690.0,23926.0,28778.896
2018-08-10 06:00:00,,6,4,3,8,2018,222,10,32,26510.0,35021.0,25166.0,29689.434
2018-08-10 07:00:00,,7,4,3,8,2018,222,10,32,28258.0,36891.0,26794.0,30986.854
2018-08-10 08:00:00,,8,4,3,8,2018,222,10,32,30251.0,39577.0,28953.0,32790.133
2018-08-10 09:00:00,,9,4,3,8,2018,222,10,32,32223.0,42632.0,31212.0,34146.383
2018-08-10 10:00:00,,10,4,3,8,2018,222,10,32,34026.0,45771.0,33243.0,37803.867
2018-08-10 11:00:00,,11,4,3,8,2018,222,10,32,35787.0,48944.0,35239.0,40277.72
2018-08-10 12:00:00,,12,4,3,8,2018,222,10,32,37474.0,51813.0,37043.0,42325.035
2018-08-10 13:00:00,,13,4,3,8,2018,222,10,32,38707.0,53999.0,38744.0,43529.844
2018-08-10 14:00:00,,14,4,3,8,2018,222,10,32,39779.0,55593.0,40478.0,44403.137
2018-08-10 15:00:00,,15,4,3,8,2018,222,10,32,40307.0,56304.0,42110.0,45296.344
2018-08-10 16:00:00,,16,4,3,8,2018,222,10,32,40516.0,56382.0,43484.0,46406.637
2018-08-10 17:00:00,,17,4,3,8,2018,222,10,32,40595.0,55846.0,44494.0,46647.82
2018-08-10 18:00:00,,18,4,3,8,2018,222,10,32,40239.0,54799.0,44703.0,46488.008
2018-08-10 19:00:00,,19,4,3,8,2018,222,10,32,38868.0,52715.0,43413.0,45611.63
2018-08-10 20:00:00,,20,4,3,8,2018,222,10,32,37704.0,50436.0,41183.0,44544.023
2018-08-10 21:00:00,,21,4,3,8,2018,222,10,32,37214.0,49664.0,40136.0,43669.727
2018-08-10 22:00:00,,22,4,3,8,2018,222,10,32,35703.0,47839.0,38294.0,41896.83
2018-08-10 23:00:00,,23,4,3,8,2018,222,10,32,33359.0,44735.0,35277.0,39425.65
2018-08-11 00:00:00,,0,5,3,8,2018,223,11,32,30916.0,41519.0,32193.0,32519.8
2018-08-11 01:00:00,,1,5,3,8,2018,223,11,32,28711.0,38746.0,29380.0,31245.4
2018-08-11 02:00:00,,2,5,3,8,2018,223,11,32,27066.0,36619.0,27467.0,29942.361
2018-08-11 03:00:00,,3,5,3,8,2018,223,11,32,25944.0,35036.0,26091.0,29015.307
2018-08-11 04:00:00,,4,5,3,8,2018,223,11,32,25253.0,33988.0,25250.0,28493.484
2018-08-11 05:00:00,,5,5,3,8,2018,223,11,32,25044.0,33438.0,24770.0,28217.715
2018-08-11 06:00:00,,6,5,3,8,2018,223,11,32,25382.0,33631.0,24987.0,28600.08
2018-08-11 07:00:00,,7,5,3,8,2018,223,11,32,25900.0,33987.0,25295.0,29024.514
2018-08-11 08:00:00,,8,5,3,8,2018,223,11,32,27069.0,36091.0,26807.0,30221.783
2018-08-11 09:00:00,,9,5,3,8,2018,223,11,32,29091.0,39925.0,29633.0,31631.21
2018-08-11 10:00:00,,10,5,3,8,2018,223,11,32,31021.0,43843.0,32512.0,33822.047
2018-08-11 11:00:00,,11,5,3,8,2018,223,11,32,32520.0,47406.0,35272.0,38334.08
2018-08-11 12:00:00,,12,5,3,8,2018,223,11,32,33588.0,50438.0,37721.0,41439.016
2018-08-11 13:00:00,,13,5,3,8,2018,223,11,32,34468.0,52465.0,39845.0,42865.64
2018-08-11 14:00:00,,14,5,3,8,2018,223,11,32,35307.0,53553.0,41465.0,43944.42
2018-08-11 15:00:00,,15,5,3,8,2018,223,11,32,36309.0,54285.0,42904.0,45003.156
2018-08-11 16:00:00,,16,5,3,8,2018,223,11,32,37139.0,54899.0,44067.0,45357.953
2018-08-11 17:00:00,,17,5,3,8,2018,223,11,32,37641.0,55116.0,44898.0,45255.773
2018-08-11 18:00:00,,18,5,3,8,2018,223,11,32,37803.0,54950.0,44932.0,45305.484
2018-08-11 19:00:00,,19,5,3,8,2018,223,11,32,37204.0,54069.0,43940.0,45380.633
2018-08-11 20:00:00,,20,5,3,8,2018,223,11,32,36426.0,52500.0,41872.0,44316.438
2018-08-11 21:00:00,,21,5,3,8,2018,223,11,32,36014.0,51738.0,40880.0,43915.215
2018-08-11 22:00:00,,22,5,3,8,2018,223,11,32,34924.0,49666.0,39057.0,42013.66
2018-08-11 23:00:00,,23,5,3,8,2018,223,11,32,33004.0,46552.0,36277.0,39577.88
2018-08-12 00:00:00,,0,6,3,8,2018,224,12,32,30819.0,43391.0,33226.0,33819.527
2018-08-12 01:00:00,,1,6,3,8,2018,224,12,32,28756.0,40597.0,30498.0,31343.27
2018-08-12 02:00:00,,2,6,3,8,2018,224,12,32,27254.0,38312.0,28475.0,30651.678
2018-08-12 03:00:00,,3,6,3,8,2018,224,12,32,26042.0,36568.0,27027.0,29617.588
2018-08-12 04:00:00,,4,6,3,8,2018,224,12,32,25240.0,35225.0,26014.0,28821.033
2018-08-12 05:00:00,,5,6,3,8,2018,224,12,32,24693.0,34390.0,25430.0,28570.104
2018-08-12 06:00:00,,6,6,3,8,2018,224,12,32,24597.0,34152.0,25331.0,28523.576
2018-08-12 07:00:00,,7,6,3,8,2018,224,12,32,24445.0,33932.0,25215.0,28808.396
2018-08-12 08:00:00,,8,6,3,8,2018,224,12,32,25439.0,35540.0,26514.0,29496.26
2018-08-12 09:00:00,,9,6,3,8,2018,224,12,32,27481.0,39012.0,29264.0,31419.982
2018-08-12 10:00:00,,10,6,3,8,2018,224,12,32,29522.0,42680.0,32411.0,33236.695
2018-08-12 11:00:00,,11,6,3,8,2018,224,12,32,31406.0,45850.0,35596.0,37268.79
2018-08-12 12:00:00,,12,6,3,8,2018,224,12,32,32989.0,48427.0,38734.0,41591.168
2018-08-12 13:00:00,,13,6,3,8,2018,224,12,32,34399.0,50265.0,41311.0,43476.99
2018-08-12 14:00:00,,14,6,3,8,2018,224,12,32,35695.0,51456.0,43377.0,44727.08
2018-08-12 15:00:00,,15,6,3,8,2018,224,12,32,36769.0,52276.0,44800.0,45276.32
2018-08-12 16:00:00,,16,6,3,8,2018,224,12,32,37802.0,53046.0,45942.0,45297.57
2018-08-12 17:00:00,,17,6,3,8,2018,224,12,32,38842.0,53716.0,46786.0,43113.84
2018-08-12 18:00:00,,18,6,3,8,2018,224,12,32,39438.0,53933.0,47115.0,43024.14
2018-08-12 19:00:00,,19,6,3,8,2018,224,12,32,38970.0,53014.0,46298.0,43113.84
2018-08-12 20:00:00,,20,6,3,8,2018,224,12,32,37482.0,51030.0,44502.0,45239.27
2018-08-12 21:00:00,,21,6,3,8,2018,224,12,32,36866.0,49600.0,43882.0,44816.938
2018-08-12 22:00:00,,22,6,3,8,2018,224,12,32,35168.0,46599.0,41875.0,41940.797
2018-08-12 23:00:00,,23,6,3,8,2018,224,12,32,32547.0,43245.0,38600.0,39425.555
2018-08-13 00:00:00,,0,0,3,8,2018,225,13,33,29713.0,39796.0,35228.0,34314.39
2018-08-13 01:00:00,,1,0,3,8,2018,225,13,33,27316.0,36819.0,32376.0,31384.125
2018-08-13 02:00:00,,2,0,3,8,2018,225,13,33,25701.0,34705.0,30304.0,29536.6
2018-08-13 03:00:00,,3,0,3,8,2018,225,13,33,24752.0,33227.0,29066.0,29162.469
2018-08-13 04:00:00,,4,0,3,8,2018,225,13,33,24333.0,32314.0,28341.0,28634.309
2018-08-13 05:00:00,,5,0,3,8,2018,225,13,33,24637.0,32280.0,28458.0,28698.035
2018-08-13 06:00:00,,6,0,3,8,2018,225,13,33,26069.0,33450.0,29871.0,29519.148
2018-08-13 07:00:00,,7,0,3,8,2018,225,13,33,27949.0,35221.0,31858.0,31481.496
2018-08-13 08:00:00,,8,0,3,8,2018,225,13,33,30008.0,37816.0,34323.0,33536.402
2018-08-13 09:00:00,,9,0,3,8,2018,225,13,33,31958.0,40541.0,37128.0,36122.035
2018-08-13 10:00:00,,10,0,3,8,2018,225,13,33,33721.0,43214.0,40112.0,39432.434
2018-08-13 11:00:00,,11,0,3,8,2018,225,13,33,35330.0,45887.0,43396.0,42559.74
2018-08-13 12:00:00,,12,0,3,8,2018,225,13,33,36587.0,48346.0,46544.0,43716.14
2018-08-13 13:00:00,,13,0,3,8,2018,225,13,33,37572.0,50496.0,49168.0,44124.57
2018-08-13 14:00:00,,14,0,3,8,2018,225,13,33,38498.0,52244.0,51198.0,44853.92
2018-08-13 15:00:00,,15,0,3,8,2018,225,13,33,38937.0,53632.0,52323.0,45571.293
2018-08-13 16:00:00,,16,0,3,8,2018,225,13,33,39043.0,54402.0,52678.0,45656.676
2018-08-13 17:00:00,,17,0,3,8,2018,225,13,33,39035.0,54777.0,52935.0,45679.355
2018-08-13 18:00:00,,18,0,3,8,2018,225,13,33,38938.0,54352.0,52614.0,45679.355
2018-08-13 19:00:00,,19,0,3,8,2018,225,13,33,38220.0,52524.0,51139.0,45092.42
2018-08-13 20:00:00,,20,0,3,8,2018,225,13,33,37677.0,50122.0,49215.0,44564.75
2018-08-13 21:00:00,,21,0,3,8,2018,225,13,33,37800.0,49101.0,48327.0,44314.43
2018-08-13 22:00:00,,22,0,3,8,2018,225,13,33,36386.0,46572.0,45597.0,43145.707
2018-08-13 23:00:00,,23,0,3,8,2018,225,13,33,33648.0,42695.0,41421.0,40525.89
2018-08-14 00:00:00,,0,1,3,8,2018,226,14,33,30914.0,39137.0,37491.0,34543.547
2018-08-14 01:00:00,,1,1,3,8,2018,226,14,33,28755.0,36089.0,34342.0,32433.42
2018-08-14 02:00:00,,2,1,3,8,2018,226,14,33,27275.0,34041.0,32141.0,30322.895
2018-08-14 03:00:00,,3,1,3,8,2018,226,14,33,26414.0,32671.0,30697.0,29125.11
2018-08-14 04:00:00,,4,1,3,8,2018,226,14,33,25936.0,31847.0,29881.0,28853.223
2018-08-14 05:00:00,,5,1,3,8,2018,226,14,33,26221.0,31832.0,29798.0,28814.062
2018-08-14 06:00:00,,6,1,3,8,2018,226,14,33,27753.0,33152.0,31125.0,30135.27
2018-08-14 07:00:00,,7,1,3,8,2018,226,14,33,30078.0,35174.0,33270.0,32205.078
2018-08-14 08:00:00,,8,1,3,8,2018,226,14,33,32039.0,37600.0,35635.0,34313.15
2018-08-14 09:00:00,,9,1,3,8,2018,226,14,33,33685.0,40238.0,37955.0,37640.14
2018-08-14 10:00:00,,10,1,3,8,2018,226,14,33,34957.0,42900.0,40385.0,39695.69
2018-08-14 11:00:00,,11,1,3,8,2018,226,14,33,36158.0,45538.0,43110.0,42540.668
2018-08-14 12:00:00,,12,1,3,8,2018,226,14,33,36996.0,48035.0,45894.0,43581.793
2018-08-14 13:00:00,,13,1,3,8,2018,226,14,33,37385.0,50073.0,48107.0,44118.62
2018-08-14 14:00:00,,14,1,3,8,2018,226,14,33,37702.0,51999.0,49781.0,44525.816
2018-08-14 15:00:00,,15,1,3,8,2018,226,14,33,37833.0,53502.0,50642.0,44694.04
2018-08-14 16:00:00,,16,1,3,8,2018,226,14,33,37928.0,54547.0,50923.0,45069.742
2018-08-14 17:00:00,,17,1,3,8,2018,226,14,33,38287.0,54878.0,50967.0,45092.42
2018-08-14 18:00:00,,18,1,3,8,2018,226,14,33,38625.0,54456.0,50418.0,44920.6
2018-08-14 19:00:00,,19,1,3,8,2018,226,14,33,38477.0,52658.0,48489.0,44920.6
2018-08-14 20:00:00,,20,1,3,8,2018,226,14,33,37937.0,50965.0,46566.0,44857.57
2018-08-14 21:00:00,,21,1,3,8,2018,226,14,33,38089.0,50140.0,45965.0,44382.12
2018-08-14 22:00:00,,22,1,3,8,2018,226,14,33,36644.0,47957.0,43643.0,42885.664
2018-08-14 23:00:00,,23,1,3,8,2018,226,14,33,34052.0,44614.0,39983.0,40414.453
2018-08-15 00:00:00,,0,2,3,8,2018,227,15,33,31175.0,41361.0,36431.0,35123.125
2018-08-15 01:00:00,,1,2,3,8,2018,227,15,33,28862.0,38626.0,33619.0,32753.527
2018-08-15 02:00:00,,2,2,3,8,2018,227,15,33,27294.0,36004.0,31786.0,31059.857
2018-08-15 03:00:00,,3,2,3,8,2018,227,15,33,26314.0,34265.0,30617.0,29697.092
2018-08-15 04:00:00,,4,2,3,8,2018,227,15,33,25841.0,33304.0,30095.0,29273.246
2018-08-15 05:00:00,,5,2,3,8,2018,227,15,33,26154.0,33188.0,30264.0,29273.246
2018-08-15 06:00:00,,6,2,3,8,2018,227,15,33,27607.0,34443.0,31878.0,30642.97
2018-08-15 07:00:00,,7,2,3,8,2018,227,15,33,29821.0,36327.0,34349.0,33000.973
2018-08-15 08:00:00,,8,2,3,8,2018,227,15,33,31891.0,38799.0,36774.0,35063.28
2018-08-15 09:00:00,,9,2,3,8,2018,227,15,33,33766.0,41233.0,39117.0,38110.277
2018-08-15 10:00:00,,10,2,3,8,2018,227,15,33,35890.0,43293.0,41290.0,40407.7
2018-08-15 11:00:00,,11,2,3,8,2018,227,15,33,38218.0,45074.0,43672.0,42743.484
2018-08-15 12:00:00,,12,2,3,8,2018,227,15,33,40417.0,46612.0,45750.0,44567.695
2018-08-15 13:00:00,,13,2,3,8,2018,227,15,33,42200.0,47755.0,47557.0,44826.625
2018-08-15 14:00:00,,14,2,3,8,2018,227,15,33,44022.0,49052.0,48855.0,44547.0
2018-08-15 15:00:00,,15,2,3,8,2018,227,15,33,45226.0,50044.0,49427.0,45190.04
2018-08-15 16:00:00,,16,2,3,8,2018,227,15,33,46268.0,50936.0,49604.0,45501.027
2018-08-15 17:00:00,,17,2,3,8,2018,227,15,33,46779.0,51574.0,49259.0,45670.094
2018-08-15 18:00:00,,18,2,3,8,2018,227,15,33,46849.0,51653.0,48869.0,45670.094
2018-08-15 19:00:00,,19,2,3,8,2018,227,15,33,45616.0,50346.0,47467.0,45288.473
2018-08-15 20:00:00,,20,2,3,8,2018,227,15,33,43670.0,48341.0,45782.0,44669.53
2018-08-15 21:00:00,,21,2,3,8,2018,227,15,33,42549.0,47485.0,45300.0,44854.297
2018-08-15 22:00:00,,22,2,3,8,2018,227,15,33,40325.0,44699.0,43245.0,43453.82
2018-08-15 23:00:00,,23,2,3,8,2018,227,15,33,36921.0,40825.0,39914.0,39402.188
2018-08-16 00:00:00,,0,3,3,8,2018,228,16,33,33427.0,37298.0,36507.0,34876.84
2018-08-16 01:00:00,,1,3,3,8,2018,228,16,33,30653.0,34490.0,33831.0,31456.291
2018-08-16 02:00:00,,2,3,3,8,2018,228,16,33,28681.0,32478.0,32060.0,30088.156
2018-08-16 03:00:00,,3,3,3,8,2018,228,16,33,27436.0,31203.0,30935.0,29240.137
2018-08-16 04:00:00,,4,3,3,8,2018,228,16,33,26713.0,30497.0,30460.0,28388.648
2018-08-16 05:00:00,,5,3,3,8,2018,228,16,33,26791.0,30604.0,30748.0,28823.41
2018-08-16 06:00:00,,6,3,3,8,2018,228,16,33,28106.0,32012.0,32458.0,30315.168
2018-08-16 07:00:00,,7,3,3,8,2018,228,16,33,29984.0,34288.0,34994.0,32758.734
2018-08-16 08:00:00,,8,3,3,8,2018,228,16,33,32091.0,36154.0,37324.0,34770.906
2018-08-16 09:00:00,,9,3,3,8,2018,228,16,33,34130.0,37734.0,39657.0,36778.23
2018-08-16 10:00:00,,10,3,3,8,2018,228,16,33,36079.0,39206.0,41757.0,39075.523
2018-08-16 11:00:00,,11,3,3,8,2018,228,16,33,38287.0,41057.0,43774.0,41629.973
2018-08-16 12:00:00,,12,3,3,8,2018,228,16,33,40382.0,42902.0,45548.0,43917.645
2018-08-16 13:00:00,,13,3,3,8,2018,228,16,33,42438.0,44500.0,46689.0,44600.152
2018-08-16 14:00:00,,14,3,3,8,2018,228,16,33,44383.0,46112.0,47341.0,44723.844
2018-08-16 15:00:00,,15,3,3,8,2018,228,16,33,45635.0,47554.0,47332.0,45190.04
2018-08-16 16:00:00,,16,3,3,8,2018,228,16,33,46594.0,48736.0,46924.0,45358.543
2018-08-16 17:00:00,,17,3,3,8,2018,228,16,33,47126.0,49645.0,46676.0,45527.61
2018-08-16 18:00:00,,18,3,3,8,2018,228,16,33,47072.0,49925.0,45990.0,45502.562
2018-08-16 19:00:00,,19,3,3,8,2018,228,16,33,45768.0,48778.0,44671.0,45156.21
2018-08-16 20:00:00,,20,3,3,8,2018,228,16,33,44085.0,46746.0,43624.0,44632.246
2018-08-16 21:00:00,,21,3,3,8,2018,228,16,33,43498.0,45924.0,43189.0,44074.293
2018-08-16 22:00:00,,22,3,3,8,2018,228,16,33,41543.0,43764.0,41385.0,42391.043
2018-08-16 23:00:00,,23,3,3,8,2018,228,16,33,38517.0,40293.0,38414.0,39260.93
2018-08-17 00:00:00,,0,4,3,8,2018,229,17,33,35433.0,36768.0,35279.0,34247.445
2018-08-17 01:00:00,,1,4,3,8,2018,229,17,33,32861.0,33774.0,32749.0,31177.236
2018-08-17 02:00:00,,2,4,3,8,2018,229,17,33,31066.0,31744.0,30838.0,30529.023
2018-08-17 03:00:00,,3,4,3,8,2018,229,17,33,29959.0,30325.0,29607.0,29181.344
2018-08-17 04:00:00,,4,4,3,8,2018,229,17,33,29401.0,29456.0,28931.0,28605.832
2018-08-17 05:00:00,,5,4,3,8,2018,229,17,33,29588.0,29390.0,28849.0,28617.164
2018-08-17 06:00:00,,6,4,3,8,2018,229,17,33,31106.0,30566.0,30030.0,29845.0
2018-08-17 07:00:00,,7,4,3,8,2018,229,17,33,33466.0,32289.0,31933.0,32031.3
2018-08-17 08:00:00,,8,4,3,8,2018,229,17,33,35560.0,34689.0,33749.0,33986.633
2018-08-17 09:00:00,,9,4,3,8,2018,229,17,33,37407.0,37440.0,35822.0,37075.195
2018-08-17 10:00:00,,10,4,3,8,2018,229,17,33,39089.0,39989.0,37598.0,38816.113
2018-08-17 11:00:00,,11,4,3,8,2018,229,17,33,40837.0,42448.0,39251.0,41019.082
2018-08-17 12:00:00,,12,4,3,8,2018,229,17,33,42408.0,44512.0,40683.0,42875.03
2018-08-17 13:00:00,,13,4,3,8,2018,229,17,33,43971.0,46170.0,41862.0,43343.01
2018-08-17 14:00:00,,14,4,3,8,2018,229,17,33,45561.0,47620.0,43100.0,44808.49
2018-08-17 15:00:00,,15,4,3,8,2018,229,17,33,46960.0,48725.0,44309.0,45301.17
2018-08-17 16:00:00,,16,4,3,8,2018,229,17,33,48168.0,49466.0,45164.0,45796.484
2018-08-17 17:00:00,,17,4,3,8,2018,229,17,33,48437.0,49835.0,45658.0,45824.305
2018-08-17 18:00:00,,18,4,3,8,2018,229,17,33,47434.0,49511.0,45285.0,45602.652
2018-08-17 19:00:00,,19,4,3,8,2018,229,17,33,45070.0,47880.0,43466.0,45056.43
2018-08-17 20:00:00,,20,4,3,8,2018,229,17,33,42654.0,45533.0,41021.0,44116.504
2018-08-17 21:00:00,,21,4,3,8,2018,229,17,33,41361.0,44276.0,39868.0,42928.0
2018-08-17 22:00:00,,22,4,3,8,2018,229,17,33,39596.0,41961.0,37727.0,40458.348
2018-08-17 23:00:00,,23,4,3,8,2018,229,17,33,36969.0,38812.0,34732.0,37159.85
2018-08-18 00:00:00,,0,5,3,8,2018,230,18,33,34211.0,35437.0,31531.0,32233.959
2018-08-18 01:00:00,,1,5,3,8,2018,230,18,33,31800.0,32535.0,28864.0,29867.64
2018-08-18 02:00:00,,2,5,3,8,2018,230,18,33,30287.0,30424.0,26935.0,28382.398
2018-08-18 03:00:00,,3,5,3,8,2018,230,18,33,28875.0,28879.0,25603.0,27792.344
2018-08-18 04:00:00,,4,5,3,8,2018,230,18,33,28205.0,27877.0,24664.0,27104.172
2018-08-18 05:00:00,,5,5,3,8,2018,230,18,33,27911.0,27375.0,24230.0,26779.871
2018-08-18 06:00:00,,6,5,3,8,2018,230,18,33,28128.0,27507.0,24384.0,26783.818
2018-08-18 07:00:00,,7,5,3,8,2018,230,18,33,28488.0,27836.0,24670.0,27326.166
2018-08-18 08:00:00,,8,5,3,8,2018,230,18,33,29798.0,29417.0,25818.0,28788.91
2018-08-18 09:00:00,,9,5,3,8,2018,230,18,33,32591.0,32547.0,28094.0,31190.445
2018-08-18 10:00:00,,10,5,3,8,2018,230,18,33,35329.0,35960.0,30268.0,33762.324
2018-08-18 11:00:00,,11,5,3,8,2018,230,18,33,37608.0,39006.0,31918.0,35622.316
2018-08-18 12:00:00,,12,5,3,8,2018,230,18,33,39451.0,41451.0,33262.0,38079.137
2018-08-18 13:00:00,,13,5,3,8,2018,230,18,33,40806.0,43220.0,34381.0,39916.812
2018-08-18 14:00:00,,14,5,3,8,2018,230,18,33,41750.0,44414.0,35387.0,40736.465
2018-08-18 15:00:00,,15,5,3,8,2018,230,18,33,42604.0,45331.0,36405.0,41222.85
2018-08-18 16:00:00,,16,5,3,8,2018,230,18,33,43448.0,46023.0,37317.0,41015.066
2018-08-18 17:00:00,,17,5,3,8,2018,230,18,33,44189.0,46501.0,38164.0,40902.348
2018-08-18 18:00:00,,18,5,3,8,2018,230,18,33,44316.0,46376.0,38412.0,41261.94
2018-08-18 19:00:00,,19,5,3,8,2018,230,18,33,43264.0,45160.0,37551.0,40990.492
2018-08-18 20:00:00,,20,5,3,8,2018,230,18,33,41371.0,43236.0,35695.0,40510.38
2018-08-18 21:00:00,,21,5,3,8,2018,230,18,33,40246.0,42476.0,35065.0,39983.508
2018-08-18 22:00:00,,22,5,3,8,2018,230,18,33,38202.0,40716.0,33377.0,37689.523
2018-08-18 23:00:00,,23,5,3,8,2018,230,18,33,35209.0,38123.0,30988.0,34925.28
2018-08-19 00:00:00,,0,6,3,8,2018,231,19,33,32324.0,35380.0,28392.0,31446.752
2018-08-19 01:00:00,,1,6,3,8,2018,231,19,33,29696.0,33069.0,26219.0,29046.727
2018-08-19 02:00:00,,2,6,3,8,2018,231,19,33,27618.0,31160.0,24571.0,27434.957
2018-08-19 03:00:00,,3,6,3,8,2018,231,19,33,26094.0,29773.0,23455.0,26840.809
2018-08-19 04:00:00,,4,6,3,8,2018,231,19,33,25085.0,28875.0,22824.0,26077.246
2018-08-19 05:00:00,,5,6,3,8,2018,231,19,33,24499.0,28415.0,22465.0,25601.215
2018-08-19 06:00:00,,6,6,3,8,2018,231,19,33,24416.0,28459.0,22574.0,25770.686
2018-08-19 07:00:00,,7,6,3,8,2018,231,19,33,24334.0,28554.0,22603.0,25848.447
2018-08-19 08:00:00,,8,6,3,8,2018,231,19,33,25284.0,29822.0,23577.0,27064.945
2018-08-19 09:00:00,,9,6,3,8,2018,231,19,33,27451.0,32577.0,25607.0,28666.73
2018-08-19 10:00:00,,10,6,3,8,2018,231,19,33,29665.0,35442.0,27877.0,31431.488
2018-08-19 11:00:00,,11,6,3,8,2018,231,19,33,31517.0,37713.0,29884.0,32799.613
2018-08-19 12:00:00,,12,6,3,8,2018,231,19,33,33246.0,39776.0,31681.0,35667.105
2018-08-19 13:00:00,,13,6,3,8,2018,231,19,33,34774.0,41436.0,33315.0,37419.883
2018-08-19 14:00:00,,14,6,3,8,2018,231,19,33,36244.0,42614.0,34894.0,38528.92
2018-08-19 15:00:00,,15,6,3,8,2018,231,19,33,37570.0,42897.0,36094.0,39534.19
2018-08-19 16:00:00,,16,6,3,8,2018,231,19,33,39010.0,42424.0,37162.0,39867.293
2018-08-19 17:00:00,,17,6,3,8,2018,231,19,33,40310.0,41726.0,38258.0,40919.49
2018-08-19 18:00:00,,18,6,3,8,2018,231,19,33,41063.0,41307.0,38844.0,40575.14
2018-08-19 19:00:00,,19,6,3,8,2018,231,19,33,40503.0,40312.0,38429.0,40280.668
2018-08-19 20:00:00,,20,6,3,8,2018,231,19,33,38860.0,39561.0,37274.0,38951.695
2018-08-19 21:00:00,,21,6,3,8,2018,231,19,33,38187.0,39428.0,37244.0,39004.91
2018-08-19 22:00:00,,22,6,3,8,2018,231,19,33,36248.0,37830.0,35564.0,37261.344
2018-08-19 23:00:00,,23,6,3,8,2018,231,19,33,33475.0,35242.0,32801.0,34559.805
2018-08-20 00:00:00,,0,0,3,8,2018,232,20,34,30724.0,32339.0,30040.0,30337.02
2018-08-20 01:00:00,,1,0,3,8,2018,232,20,34,28361.0,29894.0,27742.0,28383.455
2018-08-20 02:00:00,,2,0,3,8,2018,232,20,34,26780.0,28158.0,26280.0,27292.525
2018-08-20 03:00:00,,3,0,3,8,2018,232,20,34,25864.0,26952.0,25329.0,26666.576
2018-08-20 04:00:00,,4,0,3,8,2018,232,20,34,25394.0,26331.0,24932.0,25990.451
2018-08-20 05:00:00,,5,0,3,8,2018,232,20,34,25660.0,26399.0,25313.0,26504.326
2018-08-20 06:00:00,,6,0,3,8,2018,232,20,34,27255.0,27748.0,26844.0,27569.445
2018-08-20 07:00:00,,7,0,3,8,2018,232,20,34,29286.0,29558.0,29146.0,29285.959
2018-08-20 08:00:00,,8,0,3,8,2018,232,20,34,31447.0,31700.0,31264.0,31824.152
2018-08-20 09:00:00,,9,0,3,8,2018,232,20,34,33812.0,33829.0,33332.0,33392.844
2018-08-20 10:00:00,,10,0,3,8,2018,232,20,34,36277.0,35377.0,35424.0,35954.918
2018-08-20 11:00:00,,11,0,3,8,2018,232,20,34,38760.0,36795.0,37747.0,38354.176
2018-08-20 12:00:00,,12,0,3,8,2018,232,20,34,41203.0,37895.0,40091.0,40183.18
2018-08-20 13:00:00,,13,0,3,8,2018,232,20,34,43630.0,38892.0,42464.0,41322.383
2018-08-20 14:00:00,,14,0,3,8,2018,232,20,34,45863.0,39840.0,44549.0,43522.51
2018-08-20 15:00:00,,15,0,3,8,2018,232,20,34,46146.0,40545.0,46046.0,43871.402
2018-08-20 16:00:00,,16,0,3,8,2018,232,20,34,45422.0,40935.0,46904.0,44128.484
2018-08-20 17:00:00,,17,0,3,8,2018,232,20,34,46406.0,41252.0,47314.0,44399.94
2018-08-20 18:00:00,,18,0,3,8,2018,232,20,34,46709.0,41191.0,47044.0,44555.957
2018-08-20 19:00:00,,19,0,3,8,2018,232,20,34,45550.0,39907.0,45548.0,43915.004
2018-08-20 20:00:00,,20,0,3,8,2018,232,20,34,44136.0,37958.0,43870.0,42425.566
2018-08-20 21:00:00,,21,0,3,8,2018,232,20,34,43557.0,37253.0,43257.0,41695.395
2018-08-20 22:00:00,,22,0,3,8,2018,232,20,34,41312.0,35087.0,40846.0,40181.496
2018-08-20 23:00:00,,23,0,3,8,2018,232,20,34,37966.0,31933.0,37387.0,36656.684
2018-08-21 00:00:00,,0,1,3,8,2018,233,21,34,34705.0,28868.0,34002.0,31699.79
2018-08-21 01:00:00,,1,1,3,8,2018,233,21,34,32102.0,26474.0,31377.0,29119.945
2018-08-21 02:00:00,,2,1,3,8,2018,233,21,34,30319.0,25017.0,29629.0,28201.916
2018-08-21 03:00:00,,3,1,3,8,2018,233,21,34,29170.0,24075.0,28404.0,27597.209
2018-08-21 04:00:00,,4,1,3,8,2018,233,21,34,28584.0,23616.0,27768.0,26953.76
2018-08-21 05:00:00,,5,1,3,8,2018,233,21,34,28762.0,23808.0,27848.0,27160.615
2018-08-21 06:00:00,,6,1,3,8,2018,233,21,34,30362.0,25136.0,29260.0,28273.121
2018-08-21 07:00:00,,7,1,3,8,2018,233,21,34,32766.0,27020.0,31554.0,30652.523
2018-08-21 08:00:00,,8,1,3,8,2018,233,21,34,35075.0,28943.0,33385.0,33035.168
2018-08-21 09:00:00,,9,1,3,8,2018,233,21,34,37389.0,30682.0,35422.0,34288.94
2018-08-21 10:00:00,,10,1,3,8,2018,233,21,34,39709.0,32198.0,37531.0,36168.605
2018-08-21 11:00:00,,11,1,3,8,2018,233,21,34,42293.0,33641.0,39655.0,38515.25
2018-08-21 12:00:00,,12,1,3,8,2018,233,21,34,44958.0,34932.0,41299.0,40341.73
2018-08-21 13:00:00,,13,1,3,8,2018,233,21,34,47602.0,36147.0,42606.0,41007.88
2018-08-21 14:00:00,,14,1,3,8,2018,233,21,34,49968.0,37461.0,43920.0,42636.125
2018-08-21 15:00:00,,15,1,3,8,2018,233,21,34,51476.0,38664.0,44763.0,44057.344
2018-08-21 16:00:00,,16,1,3,8,2018,233,21,34,52507.0,39803.0,45507.0,44654.605
2018-08-21 17:00:00,,17,1,3,8,2018,233,21,34,52931.0,40813.0,46102.0,45642.652
2018-08-21 18:00:00,,18,1,3,8,2018,233,21,34,52768.0,41247.0,45911.0,45109.65
2018-08-21 19:00:00,,19,1,3,8,2018,233,21,34,51349.0,40352.0,44111.0,44797.22
2018-08-21 20:00:00,,20,1,3,8,2018,233,21,34,49671.0,38711.0,41780.0,43109.746
2018-08-21 21:00:00,,21,1,3,8,2018,233,21,34,48565.0,38198.0,40737.0,42572.195
2018-08-21 22:00:00,,22,1,3,8,2018,233,21,34,45792.0,35992.0,37995.0,39422.223
2018-08-21 23:00:00,,23,1,3,8,2018,233,21,34,41861.0,32834.0,34298.0,36217.26
2018-08-22 00:00:00,,0,2,3,8,2018,234,22,34,37754.0,29828.0,30745.0,31275.873
2018-08-22 01:00:00,,1,2,3,8,2018,234,22,34,34652.0,27076.0,28061.0,29900.414
2018-08-22 02:00:00,,2,2,3,8,2018,234,22,34,32539.0,25844.0,26304.0,28289.018
2018-08-22 03:00:00,,3,2,3,8,2018,234,22,34,31150.0,24899.0,25177.0,27307.264
2018-08-22 04:00:00,,4,2,3,8,2018,234,22,34,30284.0,24411.0,24585.0,27112.162
2018-08-22 05:00:00,,5,2,3,8,2018,234,22,34,30253.0,24584.0,24772.0,27112.162
2018-08-22 06:00:00,,6,2,3,8,2018,234,22,34,31568.0,26068.0,26219.0,27675.352
2018-08-22 07:00:00,,7,2,3,8,2018,234,22,34,33720.0,28126.0,28448.0,30589.168
2018-08-22 08:00:00,,8,2,3,8,2018,234,22,34,35394.0,30183.0,30233.0,32047.014
2018-08-22 09:00:00,,9,2,3,8,2018,234,22,34,36844.0,32238.0,31936.0,33484.258
2018-08-22 10:00:00,,10,2,3,8,2018,234,22,34,38076.0,34066.0,33478.0,35307.1
2018-08-22 11:00:00,,11,2,3,8,2018,234,22,34,39236.0,36157.0,34858.0,37415.184
2018-08-22 12:00:00,,12,2,3,8,2018,234,22,34,40271.0,38126.0,36163.0,39272.46
2018-08-22 13:00:00,,13,2,3,8,2018,234,22,34,41295.0,39988.0,37208.0,40321.812
2018-08-22 14:00:00,,14,2,3,8,2018,234,22,34,42082.0,41758.0,38413.0,41672.145
2018-08-22 15:00:00,,15,2,3,8,2018,234,22,34,42648.0,43271.0,39278.0,42158.7
2018-08-22 16:00:00,,16,2,3,8,2018,234,22,34,42983.0,44491.0,39813.0,42623.027
2018-08-22 17:00:00,,17,2,3,8,2018,234,22,34,43328.0,45379.0,40200.0,42992.266
2018-08-22 18:00:00,,18,2,3,8,2018,234,22,34,43246.0,45478.0,39984.0,42878.7
2018-08-22 19:00:00,,19,2,3,8,2018,234,22,34,41925.0,44141.0,38680.0,42683.645
2018-08-22 20:00:00,,20,2,3,8,2018,234,22,34,39925.0,42319.0,37154.0,41249.73
2018-08-22 21:00:00,,21,2,3,8,2018,234,22,34,38936.0,41670.0,36875.0,40503.523
2018-08-22 22:00:00,,22,2,3,8,2018,234,22,34,36636.0,39290.0,34774.0,37723.625
2018-08-22 23:00:00,,23,2,3,8,2018,234,22,34,33385.0,35745.0,31780.0,35129.562
2018-08-23 00:00:00,,0,3,3,8,2018,235,23,34,30283.0,32403.0,28800.0,29940.629
2018-08-23 01:00:00,,1,3,3,8,2018,235,23,34,27845.0,29731.0,26475.0,27907.87
2018-08-23 02:00:00,,2,3,3,8,2018,235,23,34,26058.0,27996.0,24955.0,26850.014
2018-08-23 03:00:00,,3,3,3,8,2018,235,23,34,25006.0,26780.0,24048.0,25929.06
2018-08-23 04:00:00,,4,3,3,8,2018,235,23,34,24458.0,26143.0,23600.0,25591.357
2018-08-23 05:00:00,,5,3,3,8,2018,235,23,34,24655.0,26263.0,23783.0,25654.525
2018-08-23 06:00:00,,6,3,3,8,2018,235,23,34,26104.0,27767.0,25300.0,26947.293
2018-08-23 07:00:00,,7,3,3,8,2018,235,23,34,28060.0,30051.0,27474.0,28692.65
2018-08-23 08:00:00,,8,3,3,8,2018,235,23,34,29722.0,32213.0,29332.0,30850.094
2018-08-23 09:00:00,,9,3,3,8,2018,235,23,34,31224.0,34410.0,31089.0,32340.604
2018-08-23 10:00:00,,10,3,3,8,2018,235,23,34,32569.0,36621.0,32562.0,34247.53
2018-08-23 11:00:00,,11,3,3,8,2018,235,23,34,33930.0,38924.0,33905.0,36306.01
2018-08-23 12:00:00,,12,3,3,8,2018,235,23,34,35182.0,41043.0,34978.0,38346.62
2018-08-23 13:00:00,,13,3,3,8,2018,235,23,34,36211.0,43051.0,35999.0,39480.516
2018-08-23 14:00:00,,14,3,3,8,2018,235,23,34,37348.0,45096.0,36974.0,41060.8
2018-08-23 15:00:00,,15,3,3,8,2018,235,23,34,38303.0,46486.0,37521.0,41680.55
2018-08-23 16:00:00,,16,3,3,8,2018,235,23,34,38987.0,47039.0,37735.0,41765.934
2018-08-23 17:00:00,,17,3,3,8,2018,235,23,34,39548.0,47346.0,37819.0,42110.586
2018-08-23 18:00:00,,18,3,3,8,2018,235,23,34,39446.0,47233.0,37561.0,42110.586
2018-08-23 19:00:00,,19,3,3,8,2018,235,23,34,38263.0,46243.0,36552.0,41616.61
2018-08-23 20:00:00,,20,3,3,8,2018,235,23,34,36602.0,45192.0,35528.0,40750.82
2018-08-23 21:00:00,,21,3,3,8,2018,235,23,34,36147.0,44958.0,35658.0,40102.168
2018-08-23 22:00:00,,22,3,3,8,2018,235,23,34,34116.0,42779.0,33804.0,37749.348
2018-08-23 23:00:00,,23,3,3,8,2018,235,23,34,31315.0,39373.0,30909.0,33771.95
2018-08-24 00:00:00,,0,4,3,8,2018,236,24,34,28646.0,36106.0,28066.0,30632.293
2018-08-24 01:00:00,,1,4,3,8,2018,236,24,34,26480.0,33399.0,25793.0,28536.023
2018-08-24 02:00:00,,2,4,3,8,2018,236,24,34,25078.0,31479.0,24413.0,26727.352
2018-08-24 03:00:00,,3,4,3,8,2018,236,24,34,24238.0,30333.0,23515.0,26448.98
2018-08-24 04:00:00,,4,4,3,8,2018,236,24,34,23787.0,29740.0,23080.0,25889.387
2018-08-24 05:00:00,,5,4,3,8,2018,236,24,34,24077.0,29890.0,23331.0,26058.492
2018-08-24 06:00:00,,6,4,3,8,2018,236,24,34,25326.0,31472.0,24717.0,27085.438
2018-08-24 07:00:00,,7,4,3,8,2018,236,24,34,27242.0,33952.0,26788.0,29638.002
2018-08-24 08:00:00,,8,4,3,8,2018,236,24,34,28911.0,36364.0,28685.0,31530.252
2018-08-24 09:00:00,,9,4,3,8,2018,236,24,34,30452.0,39359.0,30460.0,32493.637
2018-08-24 10:00:00,,10,4,3,8,2018,236,24,34,31769.0,42587.0,31971.0,33537.324
2018-08-24 11:00:00,,11,4,3,8,2018,236,24,34,33057.0,45477.0,33394.0,37282.965
2018-08-24 12:00:00,,12,4,3,8,2018,236,24,34,34107.0,47846.0,34559.0,39189.168
2018-08-24 13:00:00,,13,4,3,8,2018,236,24,34,35150.0,49665.0,35714.0,40314.418
2018-08-24 14:00:00,,14,4,3,8,2018,236,24,34,36062.0,51165.0,36686.0,41234.71
2018-08-24 15:00:00,,15,4,3,8,2018,236,24,34,36600.0,52026.0,37465.0,41886.16
2018-08-24 16:00:00,,16,4,3,8,2018,236,24,34,36871.0,52667.0,38125.0,42107.46
2018-08-24 17:00:00,,17,4,3,8,2018,236,24,34,36879.0,53069.0,38708.0,42489.734
2018-08-24 18:00:00,,18,4,3,8,2018,236,24,34,36359.0,52763.0,38740.0,42467.938
2018-08-24 19:00:00,,19,4,3,8,2018,236,24,34,35088.0,50902.0,37522.0,41639.973
2018-08-24 20:00:00,,20,4,3,8,2018,236,24,34,34042.0,48375.0,35972.0,40646.105
2018-08-24 21:00:00,,21,4,3,8,2018,236,24,34,33895.0,46901.0,35533.0,40074.387
2018-08-24 22:00:00,,22,4,3,8,2018,236,24,34,32467.0,44075.0,33643.0,37081.33
2018-08-24 23:00:00,,23,4,3,8,2018,236,24,34,30335.0,40454.0,31126.0,33793.41
2018-08-25 00:00:00,,0,5,3,8,2018,237,25,34,27912.0,36846.0,28422.0,30717.236
2018-08-25 01:00:00,,1,5,3,8,2018,237,25,34,25810.0,33746.0,26163.0,28640.172
2018-08-25 02:00:00,,2,5,3,8,2018,237,25,34,24393.0,31387.0,24636.0,26703.418
2018-08-25 03:00:00,,3,5,3,8,2018,237,25,34,23360.0,29711.0,23606.0,26160.023
2018-08-25 04:00:00,,4,5,3,8,2018,237,25,34,22751.0,28553.0,22975.0,25298.219
2018-08-25 05:00:00,,5,5,3,8,2018,237,25,34,22570.0,27930.0,22755.0,25132.652
2018-08-25 06:00:00,,6,5,3,8,2018,237,25,34,22826.0,27982.0,23080.0,25174.959
2018-08-25 07:00:00,,7,5,3,8,2018,237,25,34,23347.0,28237.0,23531.0,25929.682
2018-08-25 08:00:00,,8,5,3,8,2018,237,25,34,24228.0,29657.0,24691.0,26913.637
2018-08-25 09:00:00,,9,5,3,8,2018,237,25,34,25968.0,32708.0,26978.0,28665.695
2018-08-25 10:00:00,,10,5,3,8,2018,237,25,34,27632.0,35810.0,29302.0,31383.79
2018-08-25 11:00:00,,11,5,3,8,2018,237,25,34,28960.0,38446.0,31375.0,32719.184
2018-08-25 12:00:00,,12,5,3,8,2018,237,25,34,29842.0,40689.0,33218.0,35215.03
2018-08-25 13:00:00,,13,5,3,8,2018,237,25,34,30567.0,42429.0,34773.0,36440.5
2018-08-25 14:00:00,,14,5,3,8,2018,237,25,34,31292.0,43802.0,36224.0,38057.81
2018-08-25 15:00:00,,15,5,3,8,2018,237,25,34,32014.0,44927.0,37358.0,38841.105
2018-08-25 16:00:00,,16,5,3,8,2018,237,25,34,32633.0,45510.0,38416.0,40537.105
2018-08-25 17:00:00,,17,5,3,8,2018,237,25,34,33054.0,46352.0,39257.0,40935.133
2018-08-25 18:00:00,,18,5,3,8,2018,237,25,34,33213.0,46120.0,39309.0,40935.133
2018-08-25 19:00:00,,19,5,3,8,2018,237,25,34,32634.0,44706.0,38342.0,40298.984
2018-08-25 20:00:00,,20,5,3,8,2018,237,25,34,31631.0,42703.0,37055.0,37738.746
2018-08-25 21:00:00,,21,5,3,8,2018,237,25,34,31433.0,41763.0,36822.0,37593.008
2018-08-25 22:00:00,,22,5,3,8,2018,237,25,34,29981.0,39453.0,35161.0,35384.098
2018-08-25 23:00:00,,23,5,3,8,2018,237,25,34,28020.0,36571.0,32808.0,33489.836
2018-08-26 00:00:00,,0,6,3,8,2018,238,26,34,26232.0,33660.0,30241.0,29905.186
2018-08-26 01:00:00,,1,6,3,8,2018,238,26,34,24180.0,31084.0,27923.0,27923.662
2018-08-26 02:00:00,,2,6,3,8,2018,238,26,34,23052.0,29154.0,26241.0,26519.824
2018-08-26 03:00:00,,3,6,3,8,2018,238,26,34,22189.0,27769.0,25006.0,25706.379
2018-08-26 04:00:00,,4,6,3,8,2018,238,26,34,21539.0,26811.0,24174.0,25221.773
2018-08-26 05:00:00,,5,6,3,8,2018,238,26,34,21264.0,26309.0,23778.0,24896.934
2018-08-26 06:00:00,,6,6,3,8,2018,238,26,34,21372.0,26222.0,23839.0,24900.88
2018-08-26 07:00:00,,7,6,3,8,2018,238,26,34,21530.0,26303.0,23993.0,25104.896
2018-08-26 08:00:00,,8,6,3,8,2018,238,26,34,22148.0,27277.0,24892.0,25832.863
2018-08-26 09:00:00,,9,6,3,8,2018,238,26,34,23701.0,30086.0,27270.0,27688.334
2018-08-26 10:00:00,,10,6,3,8,2018,238,26,34,25192.0,33076.0,29855.0,30155.174
2018-08-26 11:00:00,,11,6,3,8,2018,238,26,34,26430.0,35996.0,32392.0,32479.008
2018-08-26 12:00:00,,12,6,3,8,2018,238,26,34,27479.0,38483.0,34944.0,35082.28
2018-08-26 13:00:00,,13,6,3,8,2018,238,26,34,28343.0,40642.0,37286.0,37023.96
2018-08-26 14:00:00,,14,6,3,8,2018,238,26,34,29074.0,42448.0,39290.0,37899.2
2018-08-26 15:00:00,,15,6,3,8,2018,238,26,34,29777.0,43909.0,40872.0,39316.074
2018-08-26 16:00:00,,16,6,3,8,2018,238,26,34,30540.0,45073.0,42081.0,39535.344
2018-08-26 17:00:00,,17,6,3,8,2018,238,26,34,31312.0,46007.0,43017.0,39973.934
2018-08-26 18:00:00,,18,6,3,8,2018,238,26,34,31749.0,46325.0,43205.0,39973.934
2018-08-26 19:00:00,,19,6,3,8,2018,238,26,34,31380.0,45289.0,42233.0,39558.023
2018-08-26 20:00:00,,20,6,3,8,2018,238,26,34,31101.0,43653.0,41658.0,39068.062
2018-08-26 21:00:00,,21,6,3,8,2018,238,26,34,31411.0,42975.0,41582.0,38678.84
2018-08-26 22:00:00,,22,6,3,8,2018,238,26,34,29917.0,40486.0,39473.0,37025.016
2018-08-26 23:00:00,,23,6,3,8,2018,238,26,34,27784.0,37195.0,36486.0,35932.695
2018-08-27 00:00:00,,0,0,3,8,2018,239,27,35,25687.0,33982.0,33430.0,31240.047
2018-08-27 01:00:00,,1,0,3,8,2018,239,27,35,23963.0,31318.0,30978.0,28766.229
2018-08-27 02:00:00,,2,0,3,8,2018,239,27,35,22860.0,29563.0,29336.0,27593.285
2018-08-27 03:00:00,,3,0,3,8,2018,239,27,35,22202.0,28451.0,28270.0,27170.65
2018-08-27 04:00:00,,4,0,3,8,2018,239,27,35,21980.0,27930.0,27814.0,26661.908
2018-08-27 05:00:00,,5,0,3,8,2018,239,27,35,22393.0,28185.0,28185.0,27177.88
2018-08-27 06:00:00,,6,0,3,8,2018,239,27,35,23969.0,29829.0,29947.0,28011.05
2018-08-27 07:00:00,,7,0,3,8,2018,239,27,35,26161.0,32238.0,32931.0,30566.12
2018-08-27 08:00:00,,8,0,3,8,2018,239,27,35,27753.0,34298.0,34894.0,32794.953
2018-08-27 09:00:00,,9,0,3,8,2018,239,27,35,29188.0,36732.0,36688.0,34579.15
2018-08-27 10:00:00,,10,0,3,8,2018,239,27,35,30375.0,39299.0,38614.0,35755.676
2018-08-27 11:00:00,,11,0,3,8,2018,239,27,35,31334.0,42164.0,40985.0,37879.32
2018-08-27 12:00:00,,12,0,3,8,2018,239,27,35,31942.0,44747.0,43299.0,39609.56
2018-08-27 13:00:00,,13,0,3,8,2018,239,27,35,32427.0,47008.0,45094.0,42029.945
2018-08-27 14:00:00,,14,0,3,8,2018,239,27,35,33098.0,49006.0,46584.0,43025.434
2018-08-27 15:00:00,,15,0,3,8,2018,239,27,35,33485.0,50391.0,47762.0,43161.82
2018-08-27 16:00:00,,16,0,3,8,2018,239,27,35,33790.0,51421.0,48576.0,43740.1
2018-08-27 17:00:00,,17,0,3,8,2018,239,27,35,33962.0,52038.0,49331.0,43929.246
2018-08-27 18:00:00,,18,0,3,8,2018,239,27,35,33849.0,51904.0,49510.0,43929.246
2018-08-27 19:00:00,,19,0,3,8,2018,239,27,35,32995.0,50284.0,48189.0,43073.715
2018-08-27 20:00:00,,20,0,3,8,2018,239,27,35,32761.0,48083.0,46751.0,42645.977
2018-08-27 21:00:00,,21,0,3,8,2018,239,27,35,32906.0,46825.0,46075.0,42503.18
2018-08-27 22:00:00,,22,0,3,8,2018,239,27,35,31126.0,43450.0,43196.0,38494.145
2018-08-27 23:00:00,,23,0,3,8,2018,239,27,35,28627.0,39234.0,39239.0,36304.49
2018-08-28 00:00:00,,0,1,3,8,2018,240,28,35,26296.0,35221.0,35526.0,32426.492
2018-08-28 01:00:00,,1,1,3,8,2018,240,28,35,24440.0,32104.0,32581.0,29705.934
2018-08-28 02:00:00,,2,1,3,8,2018,240,28,35,23333.0,29909.0,30537.0,27806.762
2018-08-28 03:00:00,,3,1,3,8,2018,240,28,35,22681.0,28530.0,29235.0,27222.295
2018-08-28 04:00:00,,4,1,3,8,2018,240,28,35,22476.0,27698.0,28449.0,27006.322
2018-08-28 05:00:00,,5,1,3,8,2018,240,28,35,22945.0,27663.0,28510.0,27040.037
2018-08-28 06:00:00,,6,1,3,8,2018,240,28,35,24557.0,29068.0,30006.0,28126.512
2018-08-28 07:00:00,,7,1,3,8,2018,240,28,35,27307.0,31269.0,32712.0,30066.885
2018-08-28 08:00:00,,8,1,3,8,2018,240,28,35,29019.0,33146.0,34704.0,32435.219
2018-08-28 09:00:00,,9,1,3,8,2018,240,28,35,30180.0,35222.0,36961.0,34174.875
2018-08-28 10:00:00,,10,1,3,8,2018,240,28,35,31081.0,37317.0,39461.0,35466.82
2018-08-28 11:00:00,,11,1,3,8,2018,240,28,35,31714.0,39577.0,42268.0,36896.3
2018-08-28 12:00:00,,12,1,3,8,2018,240,28,35,32006.0,41715.0,44674.0,39299.016
2018-08-28 13:00:00,,13,1,3,8,2018,240,28,35,32073.0,43596.0,46675.0,39819.82
2018-08-28 14:00:00,,14,1,3,8,2018,240,28,35,32179.0,45271.0,48364.0,40844.613
2018-08-28 15:00:00,,15,1,3,8,2018,240,28,35,31924.0,46564.0,49514.0,40351.13
2018-08-28 16:00:00,,16,1,3,8,2018,240,28,35,31693.0,47595.0,50168.0,40418.1
2018-08-28 17:00:00,,17,1,3,8,2018,240,28,35,31569.0,48361.0,50622.0,40518.37
2018-08-28 18:00:00,,18,1,3,8,2018,240,28,35,31502.0,48427.0,50284.0,40518.37
2018-08-28 19:00:00,,19,1,3,8,2018,240,28,35,31167.0,46917.0,48618.0,40440.78
2018-08-28 20:00:00,,20,1,3,8,2018,240,28,35,31158.0,45025.0,47175.0,40265.617
2018-08-28 21:00:00,,21,1,3,8,2018,240,28,35,31025.0,44139.0,46180.0,39831.156
2018-08-28 22:00:00,,22,1,3,8,2018,240,28,35,29517.0,41303.0,43012.0,37910.805
2018-08-28 23:00:00,,23,1,3,8,2018,240,28,35,27336.0,37566.0,38885.0,36260.02
2018-08-29 00:00:00,,0,2,3,8,2018,241,29,35,25260.0,34058.0,35080.0,32079.545
2018-08-29 01:00:00,,1,2,3,8,2018,241,29,35,23669.0,31264.0,32148.0,28853.818
2018-08-29 02:00:00,,2,2,3,8,2018,241,29,35,22648.0,29495.0,30120.0,27561.465
2018-08-29 03:00:00,,3,2,3,8,2018,241,29,35,22071.0,28308.0,28789.0,27184.88
2018-08-29 04:00:00,,4,2,3,8,2018,241,29,35,21836.0,27639.0,28011.0,26710.186
2018-08-29 05:00:00,,5,2,3,8,2018,241,29,35,22252.0,27852.0,28115.0,27056.494
2018-08-29 06:00:00,,6,2,3,8,2018,241,29,35,23775.0,29536.0,29696.0,27874.246
2018-08-29 07:00:00,,7,2,3,8,2018,241,29,35,26200.0,32226.0,32635.0,30239.88
2018-08-29 08:00:00,,8,2,3,8,2018,241,29,35,27704.0,34149.0,34519.0,32724.25
2018-08-29 09:00:00,,9,2,3,8,2018,241,29,35,28764.0,36276.0,36320.0,34584.47
2018-08-29 10:00:00,,10,2,3,8,2018,241,29,35,29596.0,38603.0,38454.0,35829.2
2018-08-29 11:00:00,,11,2,3,8,2018,241,29,35,30336.0,41143.0,41009.0,37510.547
2018-08-29 12:00:00,,12,2,3,8,2018,241,29,35,31173.0,43455.0,43584.0,38938.92
2018-08-29 13:00:00,,13,2,3,8,2018,241,29,35,31867.0,45661.0,45801.0,39917.098
2018-08-29 14:00:00,,14,2,3,8,2018,241,29,35,32734.0,47161.0,47864.0,42482.97
2018-08-29 15:00:00,,15,2,3,8,2018,241,29,35,33419.0,48326.0,49291.0,43064.87
2018-08-29 16:00:00,,16,2,3,8,2018,241,29,35,34163.0,49078.0,50118.0,43989.934
2018-08-29 17:00:00,,17,2,3,8,2018,241,29,35,34907.0,49386.0,50450.0,44405.633
2018-08-29 18:00:00,,18,2,3,8,2018,241,29,35,35181.0,48887.0,50076.0,44308.684
2018-08-29 19:00:00,,19,2,3,8,2018,241,29,35,34452.0,47271.0,48512.0,43838.074
2018-08-29 20:00:00,,20,2,3,8,2018,241,29,35,33921.0,46283.0,47125.0,43549.19
2018-08-29 21:00:00,,21,2,3,8,2018,241,29,35,33998.0,45495.0,46197.0,43267.035
2018-08-29 22:00:00,,22,2,3,8,2018,241,29,35,32301.0,42759.0,43294.0,40358.703
2018-08-29 23:00:00,,23,2,3,8,2018,241,29,35,29681.0,39112.0,39238.0,36357.965
2018-08-30 00:00:00,,0,3,3,8,2018,242,30,35,27199.0,35356.0,35437.0,32558.516
2018-08-30 01:00:00,,1,3,3,8,2018,242,30,35,25413.0,32756.0,32410.0,29730.654
2018-08-30 02:00:00,,2,3,3,8,2018,242,30,35,24026.0,30913.0,30396.0,28046.473
2018-08-30 03:00:00,,3,3,3,8,2018,242,30,35,23276.0,29700.0,29027.0,27535.496
2018-08-30 04:00:00,,4,3,3,8,2018,242,30,35,22954.0,29022.0,28249.0,27500.037
2018-08-30 05:00:00,,5,3,3,8,2018,242,30,35,23284.0,29132.0,28284.0,27513.861
2018-08-30 06:00:00,,6,3,3,8,2018,242,30,35,24872.0,30748.0,29936.0,28414.133
2018-08-30 07:00:00,,7,3,3,8,2018,242,30,35,27295.0,33697.0,32835.0,31328.88
2018-08-30 08:00:00,,8,3,3,8,2018,242,30,35,28996.0,35389.0,34795.0,32940.297
2018-08-30 09:00:00,,9,3,3,8,2018,242,30,35,30523.0,36349.0,36904.0,34600.6
2018-08-30 10:00:00,,10,3,3,8,2018,242,30,35,32028.0,37138.0,39365.0,35672.984
2018-08-30 11:00:00,,11,3,3,8,2018,242,30,35,33587.0,38104.0,42192.0,39074.363
2018-08-30 12:00:00,,12,3,3,8,2018,242,30,35,34971.0,38753.0,44883.0,41241.797
2018-08-30 13:00:00,,13,3,3,8,2018,242,30,35,36320.0,39402.0,47137.0,41940.42
2018-08-30 14:00:00,,14,3,3,8,2018,242,30,35,37610.0,40288.0,49038.0,42828.227
2018-08-30 15:00:00,,15,3,3,8,2018,242,30,35,38430.0,40844.0,50387.0,43275.598
2018-08-30 16:00:00,,16,3,3,8,2018,242,30,35,38694.0,40978.0,51110.0,43708.09
2018-08-30 17:00:00,,17,3,3,8,2018,242,30,35,38684.0,41180.0,51601.0,43730.77
2018-08-30 18:00:00,,18,3,3,8,2018,242,30,35,38499.0,41255.0,51251.0,43730.77
2018-08-30 19:00:00,,19,3,3,8,2018,242,30,35,37181.0,40259.0,49699.0,43072.676
2018-08-30 20:00:00,,20,3,3,8,2018,242,30,35,36409.0,39492.0,48513.0,42365.18
2018-08-30 21:00:00,,21,3,3,8,2018,242,30,35,35904.0,39205.0,47514.0,41897.52
2018-08-30 22:00:00,,22,3,3,8,2018,242,30,35,33838.0,37009.0,44485.0,39605.7
2018-08-30 23:00:00,,23,3,3,8,2018,242,30,35,31008.0,33776.0,40560.0,35738.617
2018-08-31 00:00:00,,0,4,3,8,2018,243,31,35,28254.0,30556.0,36803.0,31583.56
2018-08-31 01:00:00,,1,4,3,8,2018,243,31,35,25851.0,28024.0,33726.0,29239.086
2018-08-31 02:00:00,,2,4,3,8,2018,243,31,35,24184.0,26304.0,31633.0,27423.37
2018-08-31 03:00:00,,3,4,3,8,2018,243,31,35,23130.0,25080.0,30251.0,26374.943
2018-08-31 04:00:00,,4,4,3,8,2018,243,31,35,22611.0,24304.0,29404.0,26152.885
2018-08-31 05:00:00,,5,4,3,8,2018,243,31,35,22668.0,24518.0,29323.0,26097.111
2018-08-31 06:00:00,,6,4,3,8,2018,243,31,35,23779.0,25844.0,30715.0,27142.848
2018-08-31 07:00:00,,7,4,3,8,2018,243,31,35,25650.0,27873.0,33255.0,29593.072
2018-08-31 08:00:00,,8,4,3,8,2018,243,31,35,27006.0,29547.0,35190.0,31252.762
2018-08-31 09:00:00,,9,4,3,8,2018,243,31,35,27924.0,31137.0,37549.0,32538.682
2018-08-31 10:00:00,,10,4,3,8,2018,243,31,35,28394.0,32602.0,40114.0,33409.727
2018-08-31 11:00:00,,11,4,3,8,2018,243,31,35,28768.0,33889.0,42676.0,35690.797
2018-08-31 12:00:00,,12,4,3,8,2018,243,31,35,29021.0,34973.0,44906.0,36886.71
2018-08-31 13:00:00,,13,4,3,8,2018,243,31,35,29241.0,35970.0,46432.0,37716.055
2018-08-31 14:00:00,,14,4,3,8,2018,243,31,35,29524.0,37126.0,47557.0,38297.06
2018-08-31 15:00:00,,15,4,3,8,2018,243,31,35,29622.0,37916.0,48173.0,38544.34
2018-08-31 16:00:00,,16,4,3,8,2018,243,31,35,29590.0,38310.0,48203.0,38595.18
2018-08-31 17:00:00,,17,4,3,8,2018,243,31,35,29523.0,38466.0,47686.0,38822.836
2018-08-31 18:00:00,,18,4,3,8,2018,243,31,35,29399.0,37987.0,46565.0,38617.86
2018-08-31 19:00:00,,19,4,3,8,2018,243,31,35,28844.0,36393.0,44234.0,38051.273
2018-08-31 20:00:00,,20,4,3,8,2018,243,31,35,28977.0,35451.0,42788.0,37435.24
2018-08-31 21:00:00,,21,4,3,8,2018,243,31,35,28959.0,34970.0,41819.0,36780.36
2018-08-31 22:00:00,,22,4,3,8,2018,243,31,35,27779.0,33328.0,39585.0,35410.6
2018-08-31 23:00:00,,23,4,3,8,2018,243,31,35,26034.0,30929.0,36685.0,32902.766
2018-09-01 00:00:00,,0,5,3,9,2018,244,1,35,24104.0,28419.0,33615.0,29235.904
2018-09-01 01:00:00,,1,5,3,9,2018,244,1,35,22550.0,26231.0,30890.0,26928.6
2018-09-01 02:00:00,,2,5,3,9,2018,244,1,35,21431.0,24775.0,28957.0,25994.832
2018-09-01 03:00:00,,3,5,3,9,2018,244,1,35,20774.0,23818.0,27706.0,25336.45
2018-09-01 04:00:00,,4,5,3,9,2018,244,1,35,20407.0,23220.0,26795.0,24641.398
2018-09-01 05:00:00,,5,5,3,9,2018,244,1,35,20337.0,23042.0,26405.0,24533.348
2018-09-01 06:00:00,,6,5,3,9,2018,244,1,35,20701.0,23367.0,26618.0,24595.049
2018-09-01 07:00:00,,7,5,3,9,2018,244,1,35,21345.0,24023.0,27098.0,25143.295
2018-09-01 08:00:00,,8,5,3,9,2018,244,1,35,22061.0,24833.0,27986.0,26122.953
2018-09-01 09:00:00,,9,5,3,9,2018,244,1,35,23607.0,26606.0,30077.0,27671.354
2018-09-01 10:00:00,,10,5,3,9,2018,244,1,35,24979.0,28241.0,32211.0,29079.26
2018-09-01 11:00:00,,11,5,3,9,2018,244,1,35,25795.0,29462.0,34065.0,30799.543
2018-09-01 12:00:00,,12,5,3,9,2018,244,1,35,26045.0,30246.0,35546.0,32230.887
2018-09-01 13:00:00,,13,5,3,9,2018,244,1,35,26059.0,30597.0,36815.0,32809.93
2018-09-01 14:00:00,,14,5,3,9,2018,244,1,35,25949.0,30719.0,37878.0,33218.82
2018-09-01 15:00:00,,15,5,3,9,2018,244,1,35,25833.0,30868.0,38730.0,33336.547
2018-09-01 16:00:00,,16,5,3,9,2018,244,1,35,25758.0,31208.0,39314.0,33567.836
2018-09-01 17:00:00,,17,5,3,9,2018,244,1,35,25898.0,31717.0,39660.0,33852.254
2018-09-01 18:00:00,,18,5,3,9,2018,244,1,35,26079.0,31954.0,39456.0,34365.543
2018-09-01 19:00:00,,19,5,3,9,2018,244,1,35,26293.0,31392.0,38078.0,33592.223
2018-09-01 20:00:00,,20,5,3,9,2018,244,1,35,26946.0,31047.0,36782.0,33502.82
2018-09-01 21:00:00,,21,5,3,9,2018,244,1,35,26976.0,31171.0,36195.0,33529.516
2018-09-01 22:00:00,,22,5,3,9,2018,244,1,35,26137.0,29973.0,34359.0,31932.812
2018-09-01 23:00:00,,23,5,3,9,2018,244,1,35,24771.0,28192.0,31992.0,30209.193
2018-09-02 00:00:00,,0,6,3,9,2018,245,2,35,23274.0,26228.0,29324.0,26996.494
2018-09-02 01:00:00,,1,6,3,9,2018,245,2,35,21929.0,24410.0,26994.0,25354.553
2018-09-02 02:00:00,,2,6,3,9,2018,245,2,35,21047.0,23120.0,25304.0,24328.742
2018-09-02 03:00:00,,3,6,3,9,2018,245,2,35,20493.0,22279.0,24147.0,23848.344
2018-09-02 04:00:00,,4,6,3,9,2018,245,2,35,20197.0,21727.0,23386.0,23554.664
2018-09-02 05:00:00,,5,6,3,9,2018,245,2,35,20149.0,21532.0,22942.0,23147.809
2018-09-02 06:00:00,,6,6,3,9,2018,245,2,35,20451.0,21673.0,23001.0,23190.111
2018-09-02 07:00:00,,7,6,3,9,2018,245,2,35,21018.0,21939.0,23157.0,23478.006
2018-09-02 08:00:00,,8,6,3,9,2018,245,2,35,21718.0,22473.0,23897.0,24302.637
2018-09-02 09:00:00,,9,6,3,9,2018,245,2,35,23221.0,24063.0,25933.0,25724.12
2018-09-02 10:00:00,,10,6,3,9,2018,245,2,35,24490.0,25683.0,28163.0,27728.299
2018-09-02 11:00:00,,11,6,3,9,2018,245,2,35,25406.0,27030.0,30149.0,28791.387
2018-09-02 12:00:00,,12,6,3,9,2018,245,2,35,25881.0,28117.0,31959.0,30021.445
2018-09-02 13:00:00,,13,6,3,9,2018,245,2,35,26173.0,29039.0,33605.0,31438.418
2018-09-02 14:00:00,,14,6,3,9,2018,245,2,35,26369.0,29922.0,35112.0,32446.6
2018-09-02 15:00:00,,15,6,3,9,2018,245,2,35,26528.0,30746.0,36477.0,33095.477
2018-09-02 16:00:00,,16,6,3,9,2018,245,2,35,26618.0,31661.0,37524.0,33899.723
2018-09-02 17:00:00,,17,6,3,9,2018,245,2,35,26946.0,32567.0,38309.0,34499.273
2018-09-02 18:00:00,,18,6,3,9,2018,245,2,35,27474.0,32984.0,38475.0,35309.836
2018-09-02 19:00:00,,19,6,3,9,2018,245,2,35,27571.0,32390.0,37297.0,34397.176
2018-09-02 20:00:00,,20,6,3,9,2018,245,2,35,27698.0,31656.0,35907.0,33901.797
2018-09-02 21:00:00,,21,6,3,9,2018,245,2,35,27996.0,31536.0,35219.0,33652.07
2018-09-02 22:00:00,,22,6,3,9,2018,245,2,35,27036.0,30171.0,33445.0,31867.543
2018-09-02 23:00:00,,23,6,3,9,2018,245,2,35,25572.0,28310.0,31204.0,30049.78
2018-09-03 00:00:00,,0,0,3,9,2018,246,3,36,23914.0,26246.0,28828.0,27351.586
2018-09-03 01:00:00,,1,0,3,9,2018,246,3,36,22358.0,24340.0,26656.0,25275.574
2018-09-03 02:00:00,,2,0,3,9,2018,246,3,36,21334.0,22969.0,25138.0,24275.186
2018-09-03 03:00:00,,3,0,3,9,2018,246,3,36,20527.0,22116.0,24101.0,23924.404
2018-09-03 04:00:00,,4,0,3,9,2018,246,3,36,20212.0,21629.0,23492.0,23630.725
2018-09-03 05:00:00,,5,0,3,9,2018,246,3,36,20170.0,21544.0,23350.0,23630.725
2018-09-03 06:00:00,,6,0,3,9,2018,246,3,36,20640.0,21896.0,23802.0,23934.25
2018-09-03 07:00:00,,7,0,3,9,2018,246,3,36,21084.0,22345.0,24279.0,24513.6
2018-09-03 08:00:00,,8,0,3,9,2018,246,3,36,21635.0,22766.0,25013.0,25220.516
2018-09-03 09:00:00,,9,0,3,9,2018,246,3,36,23164.0,24415.0,27241.0,26469.736
2018-09-03 10:00:00,,10,0,3,9,2018,246,3,36,24826.0,26350.0,30150.0,28628.29
2018-09-03 11:00:00,,11,0,3,9,2018,246,3,36,26259.0,28053.0,33089.0,30542.318
2018-09-03 12:00:00,,12,0,3,9,2018,246,3,36,27528.0,29427.0,35706.0,32662.764
2018-09-03 13:00:00,,13,0,3,9,2018,246,3,36,28511.0,30555.0,38105.0,33939.68
2018-09-03 14:00:00,,14,0,3,9,2018,246,3,36,29405.0,31645.0,40176.0,34711.195
2018-09-03 15:00:00,,15,0,3,9,2018,246,3,36,30254.0,32821.0,42057.0,35470.33
2018-09-03 16:00:00,,16,0,3,9,2018,246,3,36,31258.0,34186.0,43699.0,37008.65
2018-09-03 17:00:00,,17,0,3,9,2018,246,3,36,32336.0,35753.0,45055.0,39542.88
2018-09-03 18:00:00,,18,0,3,9,2018,246,3,36,33112.0,36938.0,45594.0,39975.004
2018-09-03 19:00:00,,19,0,3,9,2018,246,3,36,32821.0,36822.0,44591.0,39664.207
2018-09-03 20:00:00,,20,0,3,9,2018,246,3,36,32724.0,36562.0,43562.0,39269.527
2018-09-03 21:00:00,,21,0,3,9,2018,246,3,36,32964.0,36688.0,43105.0,39248.2
2018-09-03 22:00:00,,22,0,3,9,2018,246,3,36,31308.0,34669.0,40358.0,36178.742
2018-09-03 23:00:00,,23,0,3,9,2018,246,3,36,28914.0,31767.0,36621.0,34374.06
2018-09-04 00:00:00,,0,1,3,9,2018,247,4,36,26638.0,29003.0,33263.0,29659.076
2018-09-04 01:00:00,,1,1,3,9,2018,247,4,36,24808.0,26792.0,30664.0,27716.633
2018-09-04 02:00:00,,2,1,3,9,2018,247,4,36,23746.0,25337.0,28811.0,26506.846
2018-09-04 03:00:00,,3,1,3,9,2018,247,4,36,23061.0,24514.0,27588.0,25460.197
2018-09-04 04:00:00,,4,1,3,9,2018,247,4,36,22798.0,24186.0,27011.0,25262.076
2018-09-04 05:00:00,,5,1,3,9,2018,247,4,36,23257.0,24604.0,27169.0,25388.314
2018-09-04 06:00:00,,6,1,3,9,2018,247,4,36,25133.0,26329.0,28878.0,27393.465
2018-09-04 07:00:00,,7,1,3,9,2018,247,4,36,28091.0,29391.0,31990.0,29901.076
2018-09-04 08:00:00,,8,1,3,9,2018,247,4,36,30062.0,31221.0,34164.0,31730.504
2018-09-04 09:00:00,,9,1,3,9,2018,247,4,36,31589.0,32918.0,36520.0,33694.684
2018-09-04 10:00:00,,10,1,3,9,2018,247,4,36,33191.0,34701.0,39239.0,35660.582
2018-09-04 11:00:00,,11,1,3,9,2018,247,4,36,34991.0,36496.0,42279.0,38720.22
2018-09-04 12:00:00,,12,1,3,9,2018,247,4,36,36617.0,38165.0,45249.0,41471.2
2018-09-04 13:00:00,,13,1,3,9,2018,247,4,36,38384.0,39802.0,47926.0,42600.0
2018-09-04 14:00:00,,14,1,3,9,2018,247,4,36,40136.0,41350.0,50119.0,43713.605
2018-09-04 15:00:00,,15,1,3,9,2018,247,4,36,41605.0,42475.0,51525.0,44509.68
2018-09-04 16:00:00,,16,1,3,9,2018,247,4,36,42708.0,43167.0,52439.0,45181.996
2018-09-04 17:00:00,,17,1,3,9,2018,247,4,36,43260.0,43724.0,53112.0,44825.184
2018-09-04 18:00:00,,18,1,3,9,2018,247,4,36,42681.0,43782.0,52946.0,45306.875
2018-09-04 19:00:00,,19,1,3,9,2018,247,4,36,40792.0,42839.0,51317.0,44683.145
2018-09-04 20:00:00,,20,1,3,9,2018,247,4,36,39558.0,42201.0,49889.0,44254.832
2018-09-04 21:00:00,,21,1,3,9,2018,247,4,36,37894.0,41698.0,48638.0,43528.09
2018-09-04 22:00:00,,22,1,3,9,2018,247,4,36,35418.0,39133.0,45301.0,40938.562
2018-09-04 23:00:00,,23,1,3,9,2018,247,4,36,32195.0,35608.0,41097.0,36520.527
2018-09-05 00:00:00,,0,2,3,9,2018,248,5,36,29380.0,32289.0,37198.0,32486.186
2018-09-05 01:00:00,,1,2,3,9,2018,248,5,36,27161.0,29696.0,34006.0,29775.334
2018-09-05 02:00:00,,2,2,3,9,2018,248,5,36,25719.0,28030.0,31913.0,28252.252
2018-09-05 03:00:00,,3,2,3,9,2018,248,5,36,24970.0,26961.0,30585.0,27547.826
2018-09-05 04:00:00,,4,2,3,9,2018,248,5,36,24560.0,26421.0,29956.0,27412.795
2018-09-05 05:00:00,,5,2,3,9,2018,248,5,36,24879.0,26648.0,30108.0,27459.572
2018-09-05 06:00:00,,6,2,3,9,2018,248,5,36,26545.0,28422.0,31996.0,28462.922
2018-09-05 07:00:00,,7,2,3,9,2018,248,5,36,29528.0,31445.0,35393.0,31988.947
2018-09-05 08:00:00,,8,2,3,9,2018,248,5,36,31247.0,33384.0,37457.0,33750.74
2018-09-05 09:00:00,,9,2,3,9,2018,248,5,36,31977.0,34959.0,39288.0,34491.684
2018-09-05 10:00:00,,10,2,3,9,2018,248,5,36,32585.0,36633.0,41429.0,37131.152
2018-09-05 11:00:00,,11,2,3,9,2018,248,5,36,32814.0,38506.0,44050.0,39374.543
2018-09-05 12:00:00,,12,2,3,9,2018,248,5,36,32837.0,40559.0,46774.0,40808.48
2018-09-05 13:00:00,,13,2,3,9,2018,248,5,36,32691.0,42429.0,49146.0,41428.848
2018-09-05 14:00:00,,14,2,3,9,2018,248,5,36,32514.0,44292.0,51146.0,42197.715
2018-09-05 15:00:00,,15,2,3,9,2018,248,5,36,32146.0,45618.0,52149.0,41637.973
2018-09-05 16:00:00,,16,2,3,9,2018,248,5,36,31763.0,47055.0,52484.0,40962.945
2018-09-05 17:00:00,,17,2,3,9,2018,248,5,36,31634.0,48224.0,52467.0,41063.215
2018-09-05 18:00:00,,18,2,3,9,2018,248,5,36,31659.0,48292.0,51751.0,40638.156
2018-09-05 19:00:00,,19,2,3,9,2018,248,5,36,31487.0,46617.0,50215.0,40388.746
2018-09-05 20:00:00,,20,2,3,9,2018,248,5,36,31662.0,45432.0,49517.0,40325.715
2018-09-05 21:00:00,,21,2,3,9,2018,248,5,36,31167.0,44294.0,48457.0,39779.12
2018-09-05 22:00:00,,22,2,3,9,2018,248,5,36,29519.0,41501.0,45486.0,38159.965
2018-09-05 23:00:00,,23,2,3,9,2018,248,5,36,27228.0,37772.0,41434.0,36751.63
2018-09-06 00:00:00,,0,3,3,9,2018,249,6,36,25086.0,34311.0,37644.0,33018.62
2018-09-06 01:00:00,,1,3,3,9,2018,249,6,36,23499.0,31591.0,34534.0,30181.639
2018-09-06 02:00:00,,2,3,3,9,2018,249,6,36,22514.0,29892.0,32459.0,28363.857
2018-09-06 03:00:00,,3,3,3,9,2018,249,6,36,21950.0,28790.0,31061.0,27916.893
2018-09-06 04:00:00,,4,3,3,9,2018,249,6,36,21762.0,28231.0,30180.0,27325.842
2018-09-06 05:00:00,,5,3,3,9,2018,249,6,36,22184.0,28451.0,30111.0,27325.842
2018-09-06 06:00:00,,6,3,3,9,2018,249,6,36,23798.0,30192.0,31743.0,28715.402
2018-09-06 07:00:00,,7,3,3,9,2018,249,6,36,26697.0,33286.0,35008.0,32301.12
2018-09-06 08:00:00,,8,3,3,9,2018,249,6,36,28009.0,35277.0,36765.0,33907.07
2018-09-06 09:00:00,,9,3,3,9,2018,249,6,36,28641.0,37289.0,37656.0,35059.6
2018-09-06 10:00:00,,10,3,3,9,2018,249,6,36,29215.0,39718.0,38610.0,36314.504
2018-09-06 11:00:00,,11,3,3,9,2018,249,6,36,29835.0,42380.0,39531.0,37284.97
2018-09-06 12:00:00,,12,3,3,9,2018,249,6,36,30003.0,44995.0,40126.0,38572.137
2018-09-06 13:00:00,,13,3,3,9,2018,249,6,36,30183.0,47572.0,40514.0,39258.016
2018-09-06 14:00:00,,14,3,3,9,2018,249,6,36,30620.0,49955.0,40479.0,39679.39
2018-09-06 15:00:00,,15,3,3,9,2018,249,6,36,30869.0,51546.0,39809.0,39635.992
2018-09-06 16:00:00,,16,3,3,9,2018,249,6,36,31087.0,52814.0,39416.0,39542.438
2018-09-06 17:00:00,,17,3,3,9,2018,249,6,36,31489.0,53545.0,39309.0,39565.117
2018-09-06 18:00:00,,18,3,3,9,2018,249,6,36,31708.0,53463.0,39113.0,39565.117
2018-09-06 19:00:00,,19,3,3,9,2018,249,6,36,31187.0,52302.0,38415.0,39811.5
2018-09-06 20:00:00,,20,3,3,9,2018,249,6,36,31170.0,51431.0,38463.0,39459.74
2018-09-06 21:00:00,,21,3,3,9,2018,249,6,36,31259.0,50277.0,37994.0,39242.277
2018-09-06 22:00:00,,22,3,3,9,2018,249,6,36,29519.0,47329.0,35951.0,37971.066
2018-09-06 23:00:00,,23,3,3,9,2018,249,6,36,27041.0,43405.0,33186.0,34633.16
2018-09-07 00:00:00,,0,4,3,9,2018,250,7,36,24802.0,39801.0,30212.0,30571.855
2018-09-07 01:00:00,,1,4,3,9,2018,250,7,36,23060.0,37033.0,27951.0,29635.748
2018-09-07 02:00:00,,2,4,3,9,2018,250,7,36,21957.0,35058.0,26455.0,28080.377
2018-09-07 03:00:00,,3,4,3,9,2018,250,7,36,21340.0,33704.0,25563.0,27783.508
2018-09-07 04:00:00,,4,4,3,9,2018,250,7,36,21122.0,33055.0,25057.0,27251.281
2018-09-07 05:00:00,,5,4,3,9,2018,250,7,36,21516.0,33069.0,25358.0,27251.281
2018-09-07 06:00:00,,6,4,3,9,2018,250,7,36,23045.0,34671.0,26907.0,28170.857
2018-09-07 07:00:00,,7,4,3,9,2018,250,7,36,25760.0,37665.0,29992.0,30894.68
2018-09-07 08:00:00,,8,4,3,9,2018,250,7,36,27147.0,39407.0,31603.0,32051.914
2018-09-07 09:00:00,,9,4,3,9,2018,250,7,36,27945.0,41080.0,32755.0,32827.66
2018-09-07 10:00:00,,10,4,3,9,2018,250,7,36,28512.0,43372.0,33925.0,34742.26
2018-09-07 11:00:00,,11,4,3,9,2018,250,7,36,29052.0,45992.0,34994.0,37109.516
2018-09-07 12:00:00,,12,4,3,9,2018,250,7,36,29390.0,48301.0,35935.0,38167.82
2018-09-07 13:00:00,,13,4,3,9,2018,250,7,36,29683.0,50264.0,36724.0,38754.906
2018-09-07 14:00:00,,14,4,3,9,2018,250,7,36,30004.0,51640.0,37813.0,39436.45
2018-09-07 15:00:00,,15,4,3,9,2018,250,7,36,30119.0,52417.0,38671.0,39597.973
2018-09-07 16:00:00,,16,4,3,9,2018,250,7,36,30200.0,53074.0,39421.0,39418.562
2018-09-07 17:00:00,,17,4,3,9,2018,250,7,36,30399.0,53467.0,40078.0,39589.895
2018-09-07 18:00:00,,18,4,3,9,2018,250,7,36,30456.0,52935.0,40037.0,39589.895
2018-09-07 19:00:00,,19,4,3,9,2018,250,7,36,29851.0,50992.0,38562.0,39687.625
2018-09-07 20:00:00,,20,4,3,9,2018,250,7,36,29811.0,49506.0,37349.0,39353.215
2018-09-07 21:00:00,,21,4,3,9,2018,250,7,36,29599.0,48080.0,36458.0,38803.656
2018-09-07 22:00:00,,22,4,3,9,2018,250,7,36,28201.0,45481.0,34420.0,36828.17
2018-09-07 23:00:00,,23,4,3,9,2018,250,7,36,26306.0,42023.0,31756.0,32972.777
2018-09-08 00:00:00,,0,5,3,9,2018,251,8,36,24236.0,38809.0,29089.0,30310.389
2018-09-08 01:00:00,,1,5,3,9,2018,251,8,36,22564.0,35939.0,26743.0,28711.229
2018-09-08 02:00:00,,2,5,3,9,2018,251,8,36,21462.0,33838.0,25149.0,27680.586
2018-09-08 03:00:00,,3,5,3,9,2018,251,8,36,20767.0,32304.0,24108.0,26724.863
2018-09-08 04:00:00,,4,5,3,9,2018,251,8,36,20424.0,31200.0,23449.0,26104.906
2018-09-08 05:00:00,,5,5,3,9,2018,251,8,36,20403.0,30664.0,23246.0,25781.61
2018-09-08 06:00:00,,6,5,3,9,2018,251,8,36,20899.0,30810.0,23646.0,26069.236
2018-09-08 07:00:00,,7,5,3,9,2018,251,8,36,21640.0,31428.0,24427.0,26401.635
2018-09-08 08:00:00,,8,5,3,9,2018,251,8,36,22570.0,32691.0,25553.0,27619.383
2018-09-08 09:00:00,,9,5,3,9,2018,251,8,36,23949.0,35779.0,27671.0,30058.389
2018-09-08 10:00:00,,10,5,3,9,2018,251,8,36,24844.0,39196.0,29577.0,31095.54
2018-09-08 11:00:00,,11,5,3,9,2018,251,8,36,25406.0,42312.0,30954.0,32015.918
2018-09-08 12:00:00,,12,5,3,9,2018,251,8,36,25602.0,45279.0,31842.0,33216.8
2018-09-08 13:00:00,,13,5,3,9,2018,251,8,36,25739.0,47539.0,32257.0,33660.67
2018-09-08 14:00:00,,14,5,3,9,2018,251,8,36,25791.0,49136.0,32297.0,35262.293
2018-09-08 15:00:00,,15,5,3,9,2018,251,8,36,25822.0,49988.0,32102.0,34978.094
2018-09-08 16:00:00,,16,5,3,9,2018,251,8,36,25971.0,50253.0,31925.0,35045.066
2018-09-08 17:00:00,,17,5,3,9,2018,251,8,36,26240.0,50249.0,31911.0,35067.746
2018-09-08 18:00:00,,18,5,3,9,2018,251,8,36,26543.0,49494.0,31973.0,35067.746
2018-09-08 19:00:00,,19,5,3,9,2018,251,8,36,26504.0,47983.0,31886.0,33951.176
2018-09-08 20:00:00,,20,5,3,9,2018,251,8,36,26932.0,47156.0,32488.0,34546.727
2018-09-08 21:00:00,,21,5,3,9,2018,251,8,36,27090.0,46257.0,32331.0,34359.18
2018-09-08 22:00:00,,22,5,3,9,2018,251,8,36,26048.0,44073.0,31288.0,32582.367
2018-09-08 23:00:00,,23,5,3,9,2018,251,8,36,24511.0,41531.0,29573.0,31910.918
2018-09-09 00:00:00,,0,6,3,9,2018,252,9,36,22924.0,38610.0,27495.0,29137.615
2018-09-09 01:00:00,,1,6,3,9,2018,252,9,36,21469.0,35994.0,25613.0,28650.63
2018-09-09 02:00:00,,2,6,3,9,2018,252,9,36,20521.0,33927.0,24295.0,27584.078
2018-09-09 03:00:00,,3,6,3,9,2018,252,9,36,19922.0,32494.0,23337.0,26221.496
2018-09-09 04:00:00,,4,6,3,9,2018,252,9,36,19612.0,31461.0,22660.0,25731.941
2018-09-09 05:00:00,,5,6,3,9,2018,252,9,36,19558.0,30916.0,22308.0,25491.773
2018-09-09 06:00:00,,6,6,3,9,2018,252,9,36,19902.0,30815.0,22451.0,25510.209
2018-09-09 07:00:00,,7,6,3,9,2018,252,9,36,20356.0,31055.0,22856.0,25914.818
2018-09-09 08:00:00,,8,6,3,9,2018,252,9,36,21000.0,31550.0,23390.0,26747.11
2018-09-09 09:00:00,,9,6,3,9,2018,252,9,36,22272.0,33430.0,24904.0,28391.09
2018-09-09 10:00:00,,10,6,3,9,2018,252,9,36,23238.0,35448.0,26429.0,29311.523
2018-09-09 11:00:00,,11,6,3,9,2018,252,9,36,23871.0,36739.0,27616.0,30486.3
2018-09-09 12:00:00,,12,6,3,9,2018,252,9,36,24339.0,37539.0,28413.0,31989.523
2018-09-09 13:00:00,,13,6,3,9,2018,252,9,36,24751.0,38077.0,29076.0,32270.996
2018-09-09 14:00:00,,14,6,3,9,2018,252,9,36,25058.0,38539.0,29477.0,32527.025
2018-09-09 15:00:00,,15,6,3,9,2018,252,9,36,25403.0,38988.0,29389.0,32652.223
2018-09-09 16:00:00,,16,6,3,9,2018,252,9,36,25903.0,39535.0,29119.0,32593.625
2018-09-09 17:00:00,,17,6,3,9,2018,252,9,36,26712.0,39939.0,29034.0,32718.46
2018-09-09 18:00:00,,18,6,3,9,2018,252,9,36,27409.0,39821.0,29208.0,32920.445
2018-09-09 19:00:00,,19,6,3,9,2018,252,9,36,27614.0,38600.0,28980.0,33022.094
2018-09-09 20:00:00,,20,6,3,9,2018,252,9,36,28375.0,37699.0,29543.0,33257.246
2018-09-09 21:00:00,,21,6,3,9,2018,252,9,36,28529.0,36899.0,29578.0,33187.125
2018-09-09 22:00:00,,22,6,3,9,2018,252,9,36,26992.0,34464.0,28073.0,31786.117
2018-09-09 23:00:00,,23,6,3,9,2018,252,9,36,24892.0,31441.0,26119.0,29015.662
2018-09-10 00:00:00,,0,0,3,9,2018,253,10,37,22995.0,28601.0,24111.0,25913.12
2018-09-10 01:00:00,,1,0,3,9,2018,253,10,37,21569.0,26248.0,22487.0,24119.115
2018-09-10 02:00:00,,2,0,3,9,2018,253,10,37,20699.0,24773.0,21525.0,23087.676
2018-09-10 03:00:00,,3,0,3,9,2018,253,10,37,20297.0,23784.0,21053.0,22869.67
2018-09-10 04:00:00,,4,0,3,9,2018,253,10,37,20200.0,23316.0,20884.0,22635.377
2018-09-10 05:00:00,,5,0,3,9,2018,253,10,37,20713.0,23654.0,21403.0,22828.25
2018-09-10 06:00:00,,6,0,3,9,2018,253,10,37,22534.0,25226.0,22995.0,23847.904
2018-09-10 07:00:00,,7,0,3,9,2018,253,10,37,25365.0,27859.0,25674.0,27057.432
2018-09-10 08:00:00,,8,0,3,9,2018,253,10,37,26914.0,29317.0,27168.0,27988.84
2018-09-10 09:00:00,,9,0,3,9,2018,253,10,37,27520.0,30527.0,28174.0,29042.244
2018-09-10 10:00:00,,10,0,3,9,2018,253,10,37,28062.0,31714.0,29041.0,29649.35
2018-09-10 11:00:00,,11,0,3,9,2018,253,10,37,28575.0,32962.0,29810.0,30689.043
2018-09-10 12:00:00,,12,0,3,9,2018,253,10,37,29016.0,34059.0,30273.0,31248.38
2018-09-10 13:00:00,,13,0,3,9,2018,253,10,37,29332.0,35104.0,30627.0,31849.088
2018-09-10 14:00:00,,14,0,3,9,2018,253,10,37,29898.0,36299.0,31041.0,32822.35
2018-09-10 15:00:00,,15,0,3,9,2018,253,10,37,30373.0,37276.0,31463.0,33138.9
2018-09-10 16:00:00,,16,0,3,9,2018,253,10,37,30840.0,38329.0,31948.0,33465.26
2018-09-10 17:00:00,,17,0,3,9,2018,253,10,37,31303.0,39115.0,32566.0,33800.336
2018-09-10 18:00:00,,18,0,3,9,2018,253,10,37,31297.0,39305.0,32871.0,33916.66
2018-09-10 19:00:00,,19,0,3,9,2018,253,10,37,31003.0,38052.0,32354.0,33743.906
2018-09-10 20:00:00,,20,0,3,9,2018,253,10,37,31593.0,37224.0,32592.0,33649.15
2018-09-10 21:00:00,,21,0,3,9,2018,253,10,37,31287.0,36412.0,32219.0,33173.07
2018-09-10 22:00:00,,22,0,3,9,2018,253,10,37,29361.0,33900.0,30220.0,31409.973
2018-09-10 23:00:00,,23,0,3,9,2018,253,10,37,26777.0,30891.0,27606.0,28454.535
2018-09-11 00:00:00,,0,1,3,9,2018,254,11,37,24522.0,27977.0,25174.0,26464.623
2018-09-11 01:00:00,,1,1,3,9,2018,254,11,37,22850.0,25887.0,23372.0,24587.902
2018-09-11 02:00:00,,2,1,3,9,2018,254,11,37,21799.0,24540.0,22232.0,23304.242
2018-09-11 03:00:00,,3,1,3,9,2018,254,11,37,21277.0,23768.0,21717.0,22959.434
2018-09-11 04:00:00,,4,1,3,9,2018,254,11,37,21051.0,23446.0,21435.0,22648.992
2018-09-11 05:00:00,,5,1,3,9,2018,254,11,37,21515.0,23829.0,21882.0,23053.332
2018-09-11 06:00:00,,6,1,3,9,2018,254,11,37,23218.0,25495.0,23504.0,24457.346
2018-09-11 07:00:00,,7,1,3,9,2018,254,11,37,26181.0,28423.0,26374.0,27300.193
2018-09-11 08:00:00,,8,1,3,9,2018,254,11,37,27658.0,30048.0,27919.0,28592.324
2018-09-11 09:00:00,,9,1,3,9,2018,254,11,37,28386.0,31399.0,28980.0,29535.201
2018-09-11 10:00:00,,10,1,3,9,2018,254,11,37,28916.0,32855.0,30058.0,30454.375
2018-09-11 11:00:00,,11,1,3,9,2018,254,11,37,29547.0,34351.0,31043.0,31703.883
2018-09-11 12:00:00,,12,1,3,9,2018,254,11,37,30126.0,35733.0,31984.0,32661.33
2018-09-11 13:00:00,,13,1,3,9,2018,254,11,37,30755.0,37229.0,32837.0,33307.805
2018-09-11 14:00:00,,14,1,3,9,2018,254,11,37,31405.0,38808.0,33780.0,33890.78
2018-09-11 15:00:00,,15,1,3,9,2018,254,11,37,31941.0,40221.0,34694.0,35222.062
2018-09-11 16:00:00,,16,1,3,9,2018,254,11,37,32557.0,41442.0,35704.0,36667.7
2018-09-11 17:00:00,,17,1,3,9,2018,254,11,37,33115.0,42564.0,36570.0,37984.316
2018-09-11 18:00:00,,18,1,3,9,2018,254,11,37,33209.0,42773.0,36868.0,37984.316
2018-09-11 19:00:00,,19,1,3,9,2018,254,11,37,32678.0,41386.0,35875.0,36977.42
2018-09-11 20:00:00,,20,1,3,9,2018,254,11,37,33045.0,40701.0,35633.0,36979.91
2018-09-11 21:00:00,,21,1,3,9,2018,254,11,37,32755.0,39865.0,35005.0,36309.906
2018-09-11 22:00:00,,22,1,3,9,2018,254,11,37,30789.0,37201.0,32533.0,33221.71
2018-09-11 23:00:00,,23,1,3,9,2018,254,11,37,28067.0,33832.0,29408.0,30782.36
2018-09-12 00:00:00,,0,2,3,9,2018,255,12,37,25705.0,30609.0,26707.0,27028.746
2018-09-12 01:00:00,,1,2,3,9,2018,255,12,37,23895.0,28125.0,24620.0,25712.46
2018-09-12 02:00:00,,2,2,3,9,2018,255,12,37,22762.0,26548.0,23345.0,24586.074
2018-09-12 03:00:00,,3,2,3,9,2018,255,12,37,22142.0,25515.0,22589.0,23688.799
2018-09-12 04:00:00,,4,2,3,9,2018,255,12,37,21922.0,25075.0,22288.0,23351.266
2018-09-12 05:00:00,,5,2,3,9,2018,255,12,37,22395.0,25330.0,22622.0,23692.277
2018-09-12 06:00:00,,6,2,3,9,2018,255,12,37,24150.0,26992.0,24299.0,25403.787
2018-09-12 07:00:00,,7,2,3,9,2018,255,12,37,27191.0,29947.0,27232.0,28039.004
2018-09-12 08:00:00,,8,2,3,9,2018,255,12,37,28875.0,31637.0,28827.0,29585.744
2018-09-12 09:00:00,,9,2,3,9,2018,255,12,37,29764.0,33261.0,29947.0,31079.898
2018-09-12 10:00:00,,10,2,3,9,2018,255,12,37,30547.0,35241.0,31269.0,32095.113
2018-09-12 11:00:00,,11,2,3,9,2018,255,12,37,31419.0,37470.0,32799.0,32958.57
2018-09-12 12:00:00,,12,2,3,9,2018,255,12,37,32228.0,39588.0,34022.0,33889.715
2018-09-12 13:00:00,,13,2,3,9,2018,255,12,37,32931.0,41527.0,35199.0,36393.53
2018-09-12 14:00:00,,14,2,3,9,2018,255,12,37,33629.0,43596.0,36682.0,38043.18
2018-09-12 15:00:00,,15,2,3,9,2018,255,12,37,33906.0,45300.0,37960.0,39015.57
2018-09-12 16:00:00,,16,2,3,9,2018,255,12,37,34000.0,46758.0,39138.0,39572.023
2018-09-12 17:00:00,,17,2,3,9,2018,255,12,37,34416.0,47715.0,40102.0,40126.582
2018-09-12 18:00:00,,18,2,3,9,2018,255,12,37,34956.0,47130.0,40265.0,40591.645
2018-09-12 19:00:00,,19,2,3,9,2018,255,12,37,34750.0,45107.0,38904.0,39770.305
2018-09-12 20:00:00,,20,2,3,9,2018,255,12,37,35244.0,43900.0,38320.0,39591.69
2018-09-12 21:00:00,,21,2,3,9,2018,255,12,37,34884.0,42237.0,37330.0,38300.348
2018-09-12 22:00:00,,22,2,3,9,2018,255,12,37,33069.0,39316.0,34832.0,35070.92
2018-09-12 23:00:00,,23,2,3,9,2018,255,12,37,30397.0,35621.0,31511.0,32358.037
2018-09-13 00:00:00,,0,3,3,9,2018,256,13,37,27866.0,32057.0,28527.0,28851.61
2018-09-13 01:00:00,,1,3,3,9,2018,256,13,37,25850.0,29261.0,26113.0,26851.523
2018-09-13 02:00:00,,2,3,3,9,2018,256,13,37,24627.0,27378.0,24572.0,25522.203
2018-09-13 03:00:00,,3,3,3,9,2018,256,13,37,23875.0,26110.0,23671.0,24664.453
2018-09-13 04:00:00,,4,3,3,9,2018,256,13,37,23658.0,25379.0,23203.0,23983.617
2018-09-13 05:00:00,,5,3,3,9,2018,256,13,37,24048.0,25438.0,23455.0,24472.664
2018-09-13 06:00:00,,6,3,3,9,2018,256,13,37,25840.0,26810.0,25083.0,26148.674
2018-09-13 07:00:00,,7,3,3,9,2018,256,13,37,29071.0,29515.0,28096.0,28518.54
2018-09-13 08:00:00,,8,3,3,9,2018,256,13,37,30987.0,30740.0,29534.0,30085.383
2018-09-13 09:00:00,,9,3,3,9,2018,256,13,37,31959.0,31431.0,30766.0,31356.166
2018-09-13 10:00:00,,10,3,3,9,2018,256,13,37,32765.0,32121.0,32275.0,32347.47
2018-09-13 11:00:00,,11,3,3,9,2018,256,13,37,33802.0,32806.0,33862.0,32990.77
2018-09-13 12:00:00,,12,3,3,9,2018,256,13,37,34882.0,33377.0,35386.0,34219.34
2018-09-13 13:00:00,,13,3,3,9,2018,256,13,37,35636.0,33863.0,36747.0,35549.543
2018-09-13 14:00:00,,14,3,3,9,2018,256,13,37,36629.0,34629.0,38195.0,36921.375
2018-09-13 15:00:00,,15,3,3,9,2018,256,13,37,37266.0,35222.0,39385.0,37233.51
2018-09-13 16:00:00,,16,3,3,9,2018,256,13,37,37638.0,35814.0,40544.0,38173.496
2018-09-13 17:00:00,,17,3,3,9,2018,256,13,37,37859.0,36206.0,41350.0,38920.54
2018-09-13 18:00:00,,18,3,3,9,2018,256,13,37,37724.0,35920.0,41223.0,38888.703
2018-09-13 19:00:00,,19,3,3,9,2018,256,13,37,36923.0,34740.0,39532.0,37169.41
2018-09-13 20:00:00,,20,3,3,9,2018,256,13,37,37148.0,34678.0,38849.0,37172.996
2018-09-13 21:00:00,,21,3,3,9,2018,256,13,37,36600.0,34148.0,37885.0,36849.64
2018-09-13 22:00:00,,22,3,3,9,2018,256,13,37,34519.0,32075.0,35259.0,33933.742
2018-09-13 23:00:00,,23,3,3,9,2018,256,13,37,31641.0,29320.0,32074.0,30939.322
2018-09-14 00:00:00,,0,4,3,9,2018,257,14,37,28801.0,26701.0,28821.0,27832.549
2018-09-14 01:00:00,,1,4,3,9,2018,257,14,37,26579.0,24681.0,26449.0,25856.5
2018-09-14 02:00:00,,2,4,3,9,2018,257,14,37,25088.0,23438.0,24858.0,24297.992
2018-09-14 03:00:00,,3,4,3,9,2018,257,14,37,24215.0,22756.0,23975.0,23977.871
2018-09-14 04:00:00,,4,4,3,9,2018,257,14,37,23739.0,22411.0,23499.0,23580.262
2018-09-14 05:00:00,,5,4,3,9,2018,257,14,37,23910.0,22719.0,23699.0,23795.621
2018-09-14 06:00:00,,6,4,3,9,2018,257,14,37,25512.0,24314.0,25199.0,25258.62
2018-09-14 07:00:00,,7,4,3,9,2018,257,14,37,28358.0,27039.0,28078.0,27873.05
2018-09-14 08:00:00,,8,4,3,9,2018,257,14,37,29903.0,28578.0,29642.0,29228.508
2018-09-14 09:00:00,,9,4,3,9,2018,257,14,37,31227.0,29533.0,31064.0,30670.299
2018-09-14 10:00:00,,10,4,3,9,2018,257,14,37,32620.0,30458.0,32676.0,31818.889
2018-09-14 11:00:00,,11,4,3,9,2018,257,14,37,34088.0,31263.0,34305.0,32856.184
2018-09-14 12:00:00,,12,4,3,9,2018,257,14,37,35454.0,31866.0,35884.0,34686.36
2018-09-14 13:00:00,,13,4,3,9,2018,257,14,37,36735.0,32370.0,37189.0,35411.83
2018-09-14 14:00:00,,14,4,3,9,2018,257,14,37,37969.0,32897.0,38542.0,36574.297
2018-09-14 15:00:00,,15,4,3,9,2018,257,14,37,38654.0,33385.0,39644.0,37251.69
2018-09-14 16:00:00,,16,4,3,9,2018,257,14,37,39265.0,33755.0,40526.0,38550.863
2018-09-14 17:00:00,,17,4,3,9,2018,257,14,37,39765.0,34121.0,40958.0,38906.816
2018-09-14 18:00:00,,18,4,3,9,2018,257,14,37,39563.0,33764.0,40366.0,38265.176
2018-09-14 19:00:00,,19,4,3,9,2018,257,14,37,38151.0,32736.0,38441.0,36802.24
2018-09-14 20:00:00,,20,4,3,9,2018,257,14,37,37444.0,32654.0,37494.0,36203.004
2018-09-14 21:00:00,,21,4,3,9,2018,257,14,37,36443.0,32004.0,36170.0,35674.03
2018-09-14 22:00:00,,22,4,3,9,2018,257,14,37,34499.0,30419.0,34105.0,33123.34
2018-09-14 23:00:00,,23,4,3,9,2018,257,14,37,31955.0,28342.0,31463.0,30838.479
2018-09-15 00:00:00,,0,5,3,9,2018,258,15,37,29304.0,26046.0,28784.0,27480.848
2018-09-15 01:00:00,,1,5,3,9,2018,258,15,37,27020.0,24155.0,26468.0,25973.924
2018-09-15 02:00:00,,2,5,3,9,2018,258,15,37,25390.0,22976.0,24910.0,24305.266
2018-09-15 03:00:00,,3,5,3,9,2018,258,15,37,24307.0,22149.0,23928.0,23821.598
2018-09-15 04:00:00,,4,5,3,9,2018,258,15,37,23672.0,21729.0,23265.0,23025.52
2018-09-15 05:00:00,,5,5,3,9,2018,258,15,37,23440.0,21671.0,23091.0,22850.043
2018-09-15 06:00:00,,6,5,3,9,2018,258,15,37,23883.0,22155.0,23478.0,23499.729
2018-09-15 07:00:00,,7,5,3,9,2018,258,15,37,24636.0,22957.0,24415.0,24258.506
2018-09-15 08:00:00,,8,5,3,9,2018,258,15,37,25637.0,23927.0,25514.0,25422.172
2018-09-15 09:00:00,,9,5,3,9,2018,258,15,37,27776.0,25592.0,27474.0,26892.81
2018-09-15 10:00:00,,10,5,3,9,2018,258,15,37,30012.0,27018.0,29286.0,28620.617
2018-09-15 11:00:00,,11,5,3,9,2018,258,15,37,32082.0,28136.0,30912.0,30401.035
2018-09-15 12:00:00,,12,5,3,9,2018,258,15,37,33873.0,29070.0,32521.0,31961.03
2018-09-15 13:00:00,,13,5,3,9,2018,258,15,37,35241.0,30056.0,33953.0,32924.605
2018-09-15 14:00:00,,14,5,3,9,2018,258,15,37,36258.0,31047.0,35166.0,33642.23
2018-09-15 15:00:00,,15,5,3,9,2018,258,15,37,37031.0,31908.0,36184.0,35083.176
2018-09-15 16:00:00,,16,5,3,9,2018,258,15,37,37577.0,32483.0,37020.0,35244.395
2018-09-15 17:00:00,,17,5,3,9,2018,258,15,37,37903.0,32981.0,37619.0,36145.3
2018-09-15 18:00:00,,18,5,3,9,2018,258,15,37,37518.0,33121.0,37516.0,35980.348
2018-09-15 19:00:00,,19,5,3,9,2018,258,15,37,36425.0,32797.0,36433.0,35473.12
2018-09-15 20:00:00,,20,5,3,9,2018,258,15,37,36060.0,33252.0,36289.0,35364.887
2018-09-15 21:00:00,,21,5,3,9,2018,258,15,37,35244.0,32956.0,35522.0,34350.547
2018-09-15 22:00:00,,22,5,3,9,2018,258,15,37,33499.0,31721.0,33983.0,32500.018
2018-09-15 23:00:00,,23,5,3,9,2018,258,15,37,31229.0,29963.0,31856.0,30899.965
2018-09-16 00:00:00,,0,6,3,9,2018,259,16,37,28901.0,28007.0,29527.0,28053.465
2018-09-16 01:00:00,,1,6,3,9,2018,259,16,37,26823.0,26209.0,27424.0,26557.945
2018-09-16 02:00:00,,2,6,3,9,2018,259,16,37,25304.0,24908.0,25880.0,25453.678
2018-09-16 03:00:00,,3,6,3,9,2018,259,16,37,24243.0,23963.0,24809.0,24192.979
2018-09-16 04:00:00,,4,6,3,9,2018,259,16,37,23625.0,23433.0,24114.0,23663.053
2018-09-16 05:00:00,,5,6,3,9,2018,259,16,37,23330.0,23246.0,23747.0,23491.768
2018-09-16 06:00:00,,6,6,3,9,2018,259,16,37,23547.0,23559.0,23860.0,23791.355
2018-09-16 07:00:00,,7,6,3,9,2018,259,16,37,24097.0,24182.0,24256.0,24379.246
2018-09-16 08:00:00,,8,6,3,9,2018,259,16,37,24861.0,25118.0,24622.0,25061.432
2018-09-16 09:00:00,,9,6,3,9,2018,259,16,37,26634.0,27167.0,25954.0,26864.207
2018-09-16 10:00:00,,10,6,3,9,2018,259,16,37,28377.0,29358.0,27156.0,28043.463
2018-09-16 11:00:00,,11,6,3,9,2018,259,16,37,29828.0,31452.0,28010.0,29672.387
2018-09-16 12:00:00,,12,6,3,9,2018,259,16,37,30973.0,33343.0,28704.0,31056.166
2018-09-16 13:00:00,,13,6,3,9,2018,259,16,37,32298.0,35047.0,29352.0,32277.576
2018-09-16 14:00:00,,14,6,3,9,2018,259,16,37,33553.0,36505.0,30129.0,33296.832
2018-09-16 15:00:00,,15,6,3,9,2018,259,16,37,34761.0,37769.0,30950.0,34059.99
2018-09-16 16:00:00,,16,6,3,9,2018,259,16,37,35767.0,38628.0,31677.0,34469.59
2018-09-16 17:00:00,,17,6,3,9,2018,259,16,37,36678.0,39200.0,32269.0,35111.77
2018-09-16 18:00:00,,18,6,3,9,2018,259,16,37,37055.0,39725.0,32480.0,35307.746
2018-09-16 19:00:00,,19,6,3,9,2018,259,16,37,36480.0,39513.0,31944.0,34809.184
2018-09-16 20:00:00,,20,6,3,9,2018,259,16,37,36489.0,40153.0,32232.0,35153.098
2018-09-16 21:00:00,,21,6,3,9,2018,259,16,37,35726.0,39420.0,31801.0,34384.805
2018-09-16 22:00:00,,22,6,3,9,2018,259,16,37,33611.0,37304.0,29828.0,33313.15
2018-09-16 23:00:00,,23,6,3,9,2018,259,16,37,30853.0,34597.0,27366.0,30662.676
2018-09-17 00:00:00,,0,0,3,9,2018,260,17,38,28266.0,31969.0,25028.0,27881.162
2018-09-17 01:00:00,,1,0,3,9,2018,260,17,38,26296.0,29829.0,23255.0,26175.676
2018-09-17 02:00:00,,2,0,3,9,2018,260,17,38,24977.0,28414.0,22186.0,25166.793
2018-09-17 03:00:00,,3,0,3,9,2018,260,17,38,24223.0,27588.0,21593.0,24354.121
2018-09-17 04:00:00,,4,0,3,9,2018,260,17,38,24070.0,27329.0,21389.0,24213.158
2018-09-17 05:00:00,,5,0,3,9,2018,260,17,38,24649.0,27798.0,21863.0,24784.79
2018-09-17 06:00:00,,6,0,3,9,2018,260,17,38,26598.0,29727.0,23600.0,26619.36
2018-09-17 07:00:00,,7,0,3,9,2018,260,17,38,29876.0,32983.0,26670.0,29181.338
2018-09-17 08:00:00,,8,0,3,9,2018,260,17,38,31684.0,34856.0,28226.0,30972.756
2018-09-17 09:00:00,,9,0,3,9,2018,260,17,38,32580.0,35640.0,28865.0,32476.814
2018-09-17 10:00:00,,10,0,3,9,2018,260,17,38,33331.0,36209.0,29447.0,32989.953
2018-09-17 11:00:00,,11,0,3,9,2018,260,17,38,34018.0,36658.0,30157.0,33414.96
2018-09-17 12:00:00,,12,0,3,9,2018,260,17,38,34539.0,36801.0,30571.0,33691.605
2018-09-17 13:00:00,,13,0,3,9,2018,260,17,38,34980.0,36796.0,30870.0,33972.758
2018-09-17 14:00:00,,14,0,3,9,2018,260,17,38,35461.0,36804.0,31195.0,34147.285
2018-09-17 15:00:00,,15,0,3,9,2018,260,17,38,35814.0,36487.0,31207.0,34195.125
2018-09-17 16:00:00,,16,0,3,9,2018,260,17,38,36078.0,36322.0,31100.0,34280.508
2018-09-17 17:00:00,,17,0,3,9,2018,260,17,38,36509.0,36452.0,31230.0,34657.44
2018-09-17 18:00:00,,18,0,3,9,2018,260,17,38,36767.0,36648.0,31273.0,34679.246
2018-09-17 19:00:00,,19,0,3,9,2018,260,17,38,36275.0,36575.0,31388.0,34657.44
2018-09-17 20:00:00,,20,0,3,9,2018,260,17,38,36675.0,37129.0,32244.0,35015.375
2018-09-17 21:00:00,,21,0,3,9,2018,260,17,38,36016.0,36476.0,31471.0,34302.465
2018-09-17 22:00:00,,22,0,3,9,2018,260,17,38,33960.0,34462.0,29685.0,32989.66
2018-09-17 23:00:00,,23,0,3,9,2018,260,17,38,31117.0,31690.0,27200.0,29767.549
2018-09-18 00:00:00,,0,1,3,9,2018,261,18,38,28527.0,29064.0,24905.0,27364.262
2018-09-18 01:00:00,,1,1,3,9,2018,261,18,38,26517.0,26909.0,23214.0,25439.072
2018-09-18 02:00:00,,2,1,3,9,2018,261,18,38,25228.0,25568.0,22230.0,24318.758
2018-09-18 03:00:00,,3,1,3,9,2018,261,18,38,24524.0,24767.0,21641.0,23728.633
2018-09-18 04:00:00,,4,1,3,9,2018,261,18,38,24209.0,24417.0,21431.0,23464.59
2018-09-18 05:00:00,,5,1,3,9,2018,261,18,38,24691.0,24871.0,21920.0,23941.59
2018-09-18 06:00:00,,6,1,3,9,2018,261,18,38,26497.0,26661.0,23670.0,25734.438
2018-09-18 07:00:00,,7,1,3,9,2018,261,18,38,29798.0,30041.0,26916.0,28443.209
2018-09-18 08:00:00,,8,1,3,9,2018,261,18,38,31696.0,31914.0,28549.0,30458.398
2018-09-18 09:00:00,,9,1,3,9,2018,261,18,38,32576.0,32896.0,29156.0,31416.79
2018-09-18 10:00:00,,10,1,3,9,2018,261,18,38,33342.0,33805.0,29757.0,32209.348
2018-09-18 11:00:00,,11,1,3,9,2018,261,18,38,34376.0,34912.0,30340.0,32930.727
2018-09-18 12:00:00,,12,1,3,9,2018,261,18,38,35357.0,35976.0,30743.0,33700.375
2018-09-18 13:00:00,,13,1,3,9,2018,261,18,38,36152.0,37002.0,31061.0,33980.836
2018-09-18 14:00:00,,14,1,3,9,2018,261,18,38,36855.0,38119.0,31492.0,34798.492
2018-09-18 15:00:00,,15,1,3,9,2018,261,18,38,37333.0,39023.0,31557.0,34991.215
2018-09-18 16:00:00,,16,1,3,9,2018,261,18,38,37716.0,39712.0,31570.0,35057.13
2018-09-18 17:00:00,,17,1,3,9,2018,261,18,38,38053.0,40219.0,31622.0,35561.977
2018-09-18 18:00:00,,18,1,3,9,2018,261,18,38,38009.0,40112.0,31670.0,35668.9
2018-09-18 19:00:00,,19,1,3,9,2018,261,18,38,37302.0,39397.0,31386.0,34963.375
2018-09-18 20:00:00,,20,1,3,9,2018,261,18,38,37538.0,39648.0,32257.0,35263.426
2018-09-18 21:00:00,,21,1,3,9,2018,261,18,38,36730.0,38669.0,31848.0,35127.695
2018-09-18 22:00:00,,22,1,3,9,2018,261,18,38,34608.0,36247.0,30020.0,33730.94
2018-09-18 23:00:00,,23,1,3,9,2018,261,18,38,31753.0,33026.0,27506.0,30458.498
2018-09-19 00:00:00,,0,2,3,9,2018,262,19,38,29057.0,29972.0,25182.0,27632.795
2018-09-19 01:00:00,,1,2,3,9,2018,262,19,38,26939.0,27569.0,23402.0,26080.693
2018-09-19 02:00:00,,2,2,3,9,2018,262,19,38,25553.0,26023.0,22334.0,24554.895
2018-09-19 03:00:00,,3,2,3,9,2018,262,19,38,24772.0,25093.0,21731.0,23876.07
2018-09-19 04:00:00,,4,2,3,9,2018,262,19,38,24415.0,24589.0,21438.0,23656.547
2018-09-19 05:00:00,,5,2,3,9,2018,262,19,38,24839.0,24906.0,21793.0,23963.11
2018-09-19 06:00:00,,6,2,3,9,2018,262,19,38,26546.0,26550.0,23409.0,25688.64
2018-09-19 07:00:00,,7,2,3,9,2018,262,19,38,29796.0,29750.0,26198.0,28325.63
2018-09-19 08:00:00,,8,2,3,9,2018,262,19,38,31481.0,31430.0,27588.0,29446.89
2018-09-19 09:00:00,,9,2,3,9,2018,262,19,38,32364.0,32374.0,28586.0,31171.58
2018-09-19 10:00:00,,10,2,3,9,2018,262,19,38,33482.0,33319.0,29367.0,32114.223
2018-09-19 11:00:00,,11,2,3,9,2018,262,19,38,34829.0,34476.0,30380.0,33084.65
2018-09-19 12:00:00,,12,2,3,9,2018,262,19,38,36180.0,35494.0,30931.0,33580.027
2018-09-19 13:00:00,,13,2,3,9,2018,262,19,38,37543.0,36714.0,31402.0,34280.996
2018-09-19 14:00:00,,14,2,3,9,2018,262,19,38,38942.0,38090.0,32212.0,35202.832
2018-09-19 15:00:00,,15,2,3,9,2018,262,19,38,40152.0,39223.0,32802.0,36161.43
2018-09-19 16:00:00,,16,2,3,9,2018,262,19,38,41157.0,40117.0,33323.0,37281.11
2018-09-19 17:00:00,,17,2,3,9,2018,262,19,38,41952.0,40619.0,33849.0,37619.68
2018-09-19 18:00:00,,18,2,3,9,2018,262,19,38,41965.0,40133.0,34040.0,37619.68
2018-09-19 19:00:00,,19,2,3,9,2018,262,19,38,40644.0,38914.0,33160.0,36671.652
2018-09-19 20:00:00,,20,2,3,9,2018,262,19,38,40206.0,38776.0,33412.0,36760.652
2018-09-19 21:00:00,,21,2,3,9,2018,262,19,38,38819.0,37575.0,32634.0,35388.37
2018-09-19 22:00:00,,22,2,3,9,2018,262,19,38,36240.0,35061.0,30409.0,33343.04
2018-09-19 23:00:00,,23,2,3,9,2018,262,19,38,33085.0,31875.0,27651.0,31343.309
2018-09-20 00:00:00,,0,3,3,9,2018,263,20,38,29996.0,28867.0,25235.0,27808.156
2018-09-20 01:00:00,,1,3,3,9,2018,263,20,38,27600.0,26443.0,23299.0,25819.709
2018-09-20 02:00:00,,2,3,3,9,2018,263,20,38,26010.0,24817.0,22208.0,24125.64
2018-09-20 03:00:00,,3,3,3,9,2018,263,20,38,25027.0,23906.0,21607.0,23593.422
2018-09-20 04:00:00,,4,3,3,9,2018,263,20,38,24461.0,23452.0,21300.0,23204.248
2018-09-20 05:00:00,,5,3,3,9,2018,263,20,38,24742.0,23733.0,21681.0,23545.766
2018-09-20 06:00:00,,6,3,3,9,2018,263,20,38,26274.0,25331.0,23354.0,25241.113
2018-09-20 07:00:00,,7,3,3,9,2018,263,20,38,29157.0,28348.0,26346.0,27747.127
2018-09-20 08:00:00,,8,3,3,9,2018,263,20,38,30729.0,29709.0,27884.0,29234.465
2018-09-20 09:00:00,,9,3,3,9,2018,263,20,38,32123.0,30832.0,28777.0,30286.064
2018-09-20 10:00:00,,10,3,3,9,2018,263,20,38,33666.0,32241.0,29610.0,31813.824
2018-09-20 11:00:00,,11,3,3,9,2018,263,20,38,35356.0,33791.0,30504.0,32931.605
2018-09-20 12:00:00,,12,3,3,9,2018,263,20,38,36995.0,35159.0,31265.0,33956.086
2018-09-20 13:00:00,,13,3,3,9,2018,263,20,38,38525.0,36525.0,32002.0,34688.152
2018-09-20 14:00:00,,14,3,3,9,2018,263,20,38,40025.0,38132.0,32634.0,35947.68
2018-09-20 15:00:00,,15,3,3,9,2018,263,20,38,40994.0,39418.0,33251.0,36589.773
2018-09-20 16:00:00,,16,3,3,9,2018,263,20,38,41794.0,40523.0,33741.0,37522.168
2018-09-20 17:00:00,,17,3,3,9,2018,263,20,38,42392.0,41331.0,34230.0,37752.53
2018-09-20 18:00:00,,18,3,3,9,2018,263,20,38,42258.0,41067.0,34075.0,37752.53
2018-09-20 19:00:00,,19,3,3,9,2018,263,20,38,40730.0,39430.0,33200.0,36697.836
2018-09-20 20:00:00,,20,3,3,9,2018,263,20,38,40281.0,38692.0,33849.0,36914.527
2018-09-20 21:00:00,,21,3,3,9,2018,263,20,38,39030.0,37268.0,33056.0,35651.363
2018-09-20 22:00:00,,22,3,3,9,2018,263,20,38,36511.0,34606.0,31012.0,33787.04
2018-09-20 23:00:00,,23,3,3,9,2018,263,20,38,33267.0,31375.0,28347.0,31289.254
2018-09-21 00:00:00,,0,4,3,9,2018,264,21,38,30279.0,28387.0,25862.0,27666.941
2018-09-21 01:00:00,,1,4,3,9,2018,264,21,38,27856.0,25986.0,24003.0,25948.03
2018-09-21 02:00:00,,2,4,3,9,2018,264,21,38,26310.0,24456.0,22816.0,24388.799
2018-09-21 03:00:00,,3,4,3,9,2018,264,21,38,25272.0,23603.0,22187.0,23793.578
2018-09-21 04:00:00,,4,4,3,9,2018,264,21,38,24728.0,23151.0,21878.0,23417.5
2018-09-21 05:00:00,,5,4,3,9,2018,264,21,38,24952.0,23172.0,22273.0,23511.676
2018-09-21 06:00:00,,6,4,3,9,2018,264,21,38,26366.0,25010.0,23921.0,25168.129
2018-09-21 07:00:00,,7,4,3,9,2018,264,21,38,29156.0,27892.0,26913.0,27797.205
2018-09-21 08:00:00,,8,4,3,9,2018,264,21,38,30518.0,29400.0,28437.0,29372.68
2018-09-21 09:00:00,,9,4,3,9,2018,264,21,38,31571.0,30555.0,29367.0,30103.95
2018-09-21 10:00:00,,10,4,3,9,2018,264,21,38,32538.0,31921.0,30215.0,31647.57
2018-09-21 11:00:00,,11,4,3,9,2018,264,21,38,33546.0,33436.0,31013.0,32530.123
2018-09-21 12:00:00,,12,4,3,9,2018,264,21,38,34571.0,35055.0,31436.0,33472.547
2018-09-21 13:00:00,,13,4,3,9,2018,264,21,38,35679.0,36628.0,31645.0,34077.31
2018-09-21 14:00:00,,14,4,3,9,2018,264,21,38,36828.0,38544.0,31960.0,35004.965
2018-09-21 15:00:00,,15,4,3,9,2018,264,21,38,37761.0,40244.0,32040.0,35373.445
2018-09-21 16:00:00,,16,4,3,9,2018,264,21,38,38529.0,41729.0,31884.0,35773.457
2018-09-21 17:00:00,,17,4,3,9,2018,264,21,38,38921.0,42682.0,31611.0,35728.777
2018-09-21 18:00:00,,18,4,3,9,2018,264,21,38,38528.0,42508.0,31100.0,35616.797
2018-09-21 19:00:00,,19,4,3,9,2018,264,21,38,37067.0,40597.0,30656.0,35100.047
2018-09-21 20:00:00,,20,4,3,9,2018,264,21,38,36643.0,39534.0,31132.0,34960.184
2018-09-21 21:00:00,,21,4,3,9,2018,264,21,38,35274.0,37971.0,30315.0,34362.266
2018-09-21 22:00:00,,22,4,3,9,2018,264,21,38,33323.0,35803.0,28828.0,33218.562
2018-09-21 23:00:00,,23,4,3,9,2018,264,21,38,30876.0,33158.0,26865.0,30234.287
2018-09-22 00:00:00,,0,5,3,9,2018,265,22,38,28367.0,30414.0,24777.0,27377.496
2018-09-22 01:00:00,,1,5,3,9,2018,265,22,38,26112.0,27927.0,22998.0,25634.78
2018-09-22 02:00:00,,2,5,3,9,2018,265,22,38,24533.0,26211.0,21905.0,24346.416
2018-09-22 03:00:00,,3,5,3,9,2018,265,22,38,23492.0,25018.0,21228.0,23141.05
2018-09-22 04:00:00,,4,5,3,9,2018,265,22,38,22806.0,24262.0,20853.0,22875.074
2018-09-22 05:00:00,,5,5,3,9,2018,265,22,38,22568.0,23923.0,20830.0,22686.52
2018-09-22 06:00:00,,6,5,3,9,2018,265,22,38,22891.0,24155.0,21377.0,22949.998
2018-09-22 07:00:00,,7,5,3,9,2018,265,22,38,23667.0,24981.0,22416.0,23773.092
2018-09-22 08:00:00,,8,5,3,9,2018,265,22,38,24709.0,25838.0,23270.0,24931.86
2018-09-22 09:00:00,,9,5,3,9,2018,265,22,38,26744.0,27345.0,24822.0,26222.795
2018-09-22 10:00:00,,10,5,3,9,2018,265,22,38,28732.0,28386.0,26025.0,27584.266
2018-09-22 11:00:00,,11,5,3,9,2018,265,22,38,30491.0,28957.0,26709.0,28696.283
2018-09-22 12:00:00,,12,5,3,9,2018,265,22,38,32225.0,28966.0,26995.0,29425.652
2018-09-22 13:00:00,,13,5,3,9,2018,265,22,38,33913.0,28762.0,27012.0,30855.258
2018-09-22 14:00:00,,14,5,3,9,2018,265,22,38,35508.0,28524.0,26897.0,31149.75
2018-09-22 15:00:00,,15,5,3,9,2018,265,22,38,37006.0,28419.0,26800.0,31435.541
2018-09-22 16:00:00,,16,5,3,9,2018,265,22,38,38282.0,28488.0,26764.0,31518.34
2018-09-22 17:00:00,,17,5,3,9,2018,265,22,38,39160.0,28889.0,26822.0,31528.594
2018-09-22 18:00:00,,18,5,3,9,2018,265,22,38,39195.0,29135.0,26889.0,31576.598
2018-09-22 19:00:00,,19,5,3,9,2018,265,22,38,37790.0,28880.0,27041.0,31744.957
2018-09-22 20:00:00,,20,5,3,9,2018,265,22,38,36816.0,29385.0,28107.0,32028.91
2018-09-22 21:00:00,,21,5,3,9,2018,265,22,38,35257.0,28866.0,27685.0,31500.281
2018-09-22 22:00:00,,22,5,3,9,2018,265,22,38,33252.0,27593.0,26663.0,30226.004
2018-09-22 23:00:00,,23,5,3,9,2018,265,22,38,30900.0,25884.0,25168.0,27966.523
2018-09-23 00:00:00,,0,6,3,9,2018,266,23,38,28418.0,24011.0,23450.0,25652.139
2018-09-23 01:00:00,,1,6,3,9,2018,266,23,38,26178.0,22325.0,21951.0,23732.22
2018-09-23 02:00:00,,2,6,3,9,2018,266,23,38,24641.0,21229.0,20961.0,22895.203
2018-09-23 03:00:00,,3,6,3,9,2018,266,23,38,23552.0,20509.0,20321.0,22415.84
2018-09-23 04:00:00,,4,6,3,9,2018,266,23,38,22918.0,20085.0,19962.0,22246.207
2018-09-23 05:00:00,,5,6,3,9,2018,266,23,38,22568.0,19878.0,19875.0,22165.5
2018-09-23 06:00:00,,6,6,3,9,2018,266,23,38,22761.0,20130.0,20212.0,22169.447
2018-09-23 07:00:00,,7,6,3,9,2018,266,23,38,23176.0,20660.0,20793.0,22641.613
2018-09-23 08:00:00,,8,6,3,9,2018,266,23,38,23873.0,21180.0,21460.0,23189.336
2018-09-23 09:00:00,,9,6,3,9,2018,266,23,38,25959.0,22471.0,22900.0,24347.918
2018-09-23 10:00:00,,10,6,3,9,2018,266,23,38,28480.0,23537.0,24137.0,25983.998
2018-09-23 11:00:00,,11,6,3,9,2018,266,23,38,31100.0,24154.0,24937.0,27573.21
2018-09-23 12:00:00,,12,6,3,9,2018,266,23,38,33717.0,24608.0,25558.0,29950.299
2018-09-23 13:00:00,,13,6,3,9,2018,266,23,38,36238.0,25001.0,26034.0,30473.541
2018-09-23 14:00:00,,14,6,3,9,2018,266,23,38,38473.0,25343.0,26268.0,30668.13
2018-09-23 15:00:00,,15,6,3,9,2018,266,23,38,40311.0,25812.0,26431.0,30617.068
2018-09-23 16:00:00,,16,6,3,9,2018,266,23,38,41767.0,26408.0,26682.0,31009.549
2018-09-23 17:00:00,,17,6,3,9,2018,266,23,38,42735.0,27220.0,27155.0,31190.586
2018-09-23 18:00:00,,18,6,3,9,2018,266,23,38,43072.0,27943.0,27676.0,33165.65
2018-09-23 19:00:00,,19,6,3,9,2018,266,23,38,41880.0,28036.0,28389.0,31500.55
2018-09-23 20:00:00,,20,6,3,9,2018,266,23,38,41386.0,28976.0,29802.0,31679.135
2018-09-23 21:00:00,,21,6,3,9,2018,266,23,38,39755.0,28560.0,29365.0,31302.598
2018-09-23 22:00:00,,22,6,3,9,2018,266,23,38,37092.0,26999.0,27954.0,31131.166
2018-09-23 23:00:00,,23,6,3,9,2018,266,23,38,33871.0,24939.0,26042.0,30157.006
2018-09-24 00:00:00,,0,0,3,9,2018,267,24,39,30813.0,23032.0,24250.0,26510.467
2018-09-24 01:00:00,,1,0,3,9,2018,267,24,39,28428.0,21561.0,22791.0,24916.18
2018-09-24 02:00:00,,2,0,3,9,2018,267,24,39,26795.0,20797.0,21910.0,23668.053
2018-09-24 03:00:00,,3,0,3,9,2018,267,24,39,25834.0,20329.0,21444.0,23263.838
2018-09-24 04:00:00,,4,0,3,9,2018,267,24,39,25284.0,20289.0,21433.0,23172.213
2018-09-24 05:00:00,,5,0,3,9,2018,267,24,39,25607.0,20832.0,22018.0,23331.342
2018-09-24 06:00:00,,6,0,3,9,2018,267,24,39,27362.0,22660.0,23897.0,24870.451
2018-09-24 07:00:00,,7,0,3,9,2018,267,24,39,30300.0,25703.0,27293.0,27850.34
2018-09-24 08:00:00,,8,0,3,9,2018,267,24,39,32164.0,27311.0,29219.0,29413.91
2018-09-24 09:00:00,,9,0,3,9,2018,267,24,39,33782.0,28064.0,30204.0,30929.822
2018-09-24 10:00:00,,10,0,3,9,2018,267,24,39,35777.0,28634.0,31061.0,31977.951
2018-09-24 11:00:00,,11,0,3,9,2018,267,24,39,37970.0,29355.0,31920.0,32587.973
2018-09-24 12:00:00,,12,0,3,9,2018,267,24,39,40129.0,29751.0,32631.0,32747.523
2018-09-24 13:00:00,,13,0,3,9,2018,267,24,39,42323.0,29881.0,33399.0,33533.484
2018-09-24 14:00:00,,14,0,3,9,2018,267,24,39,44473.0,30133.0,34371.0,33865.902
2018-09-24 15:00:00,,15,0,3,9,2018,267,24,39,46023.0,30192.0,35032.0,34100.0
2018-09-24 16:00:00,,16,0,3,9,2018,267,24,39,47169.0,30229.0,35571.0,34181.6
2018-09-24 17:00:00,,17,0,3,9,2018,267,24,39,47697.0,30461.0,35927.0,34230.625
2018-09-24 18:00:00,,18,0,3,9,2018,267,24,39,47213.0,30684.0,36028.0,34195.848
2018-09-24 19:00:00,,19,0,3,9,2018,267,24,39,45397.0,31123.0,35952.0,34291.133
2018-09-24 20:00:00,,20,0,3,9,2018,267,24,39,44720.0,31893.0,36887.0,35146.332
2018-09-24 21:00:00,,21,0,3,9,2018,267,24,39,42428.0,31090.0,35851.0,34410.145
2018-09-24 22:00:00,,22,0,3,9,2018,267,24,39,39159.0,29194.0,33813.0,33716.54
2018-09-24 23:00:00,,23,0,3,9,2018,267,24,39,35385.0,27083.0,30921.0,31510.684
2018-09-25 00:00:00,,0,1,3,9,2018,268,25,39,31979.0,25169.0,28245.0,28066.523
2018-09-25 01:00:00,,1,1,3,9,2018,268,25,39,29342.0,23467.0,26195.0,26217.777
2018-09-25 02:00:00,,2,1,3,9,2018,268,25,39,27489.0,22503.0,24905.0,24795.54
2018-09-25 03:00:00,,3,1,3,9,2018,268,25,39,26352.0,22036.0,24173.0,24437.918
2018-09-25 04:00:00,,4,1,3,9,2018,268,25,39,25808.0,21887.0,23871.0,24202.59
2018-09-25 05:00:00,,5,1,3,9,2018,268,25,39,26068.0,22426.0,24348.0,24437.918
2018-09-25 06:00:00,,6,1,3,9,2018,268,25,39,27645.0,24205.0,26270.0,26109.518
2018-09-25 07:00:00,,7,1,3,9,2018,268,25,39,30818.0,27486.0,29822.0,28741.096
2018-09-25 08:00:00,,8,1,3,9,2018,268,25,39,32449.0,29254.0,31743.0,31134.666
2018-09-25 09:00:00,,9,1,3,9,2018,268,25,39,33469.0,29899.0,32798.0,31615.15
2018-09-25 10:00:00,,10,1,3,9,2018,268,25,39,34611.0,30269.0,33905.0,32649.607
2018-09-25 11:00:00,,11,1,3,9,2018,268,25,39,35988.0,30769.0,35323.0,33402.965
2018-09-25 12:00:00,,12,1,3,9,2018,268,25,39,37446.0,30973.0,36589.0,33977.902
2018-09-25 13:00:00,,13,1,3,9,2018,268,25,39,39071.0,31157.0,37659.0,34325.59
2018-09-25 14:00:00,,14,1,3,9,2018,268,25,39,40776.0,31482.0,38500.0,34773.75
2018-09-25 15:00:00,,15,1,3,9,2018,268,25,39,42058.0,31774.0,38483.0,35799.27
2018-09-25 16:00:00,,16,1,3,9,2018,268,25,39,43019.0,32211.0,38266.0,35414.74
2018-09-25 17:00:00,,17,1,3,9,2018,268,25,39,43810.0,32640.0,38274.0,35619.383
2018-09-25 18:00:00,,18,1,3,9,2018,268,25,39,43727.0,32817.0,38304.0,35619.383
2018-09-25 19:00:00,,19,1,3,9,2018,268,25,39,42369.0,32363.0,38625.0,35909.48
2018-09-25 20:00:00,,20,1,3,9,2018,268,25,39,42140.0,32960.0,39089.0,36449.62
2018-09-25 21:00:00,,21,1,3,9,2018,268,25,39,40548.0,32032.0,38007.0,35392.707
2018-09-25 22:00:00,,22,1,3,9,2018,268,25,39,37692.0,30033.0,36010.0,34058.53
2018-09-25 23:00:00,,23,1,3,9,2018,268,25,39,34228.0,27386.0,33229.0,32064.725
2018-09-26 00:00:00,,0,2,3,9,2018,269,26,39,31226.0,24926.0,30565.0,28364.934
2018-09-26 01:00:00,,1,2,3,9,2018,269,26,39,28750.0,23150.0,28364.0,26879.512
2018-09-26 02:00:00,,2,2,3,9,2018,269,26,39,27180.0,22136.0,27070.0,25567.32
2018-09-26 03:00:00,,3,2,3,9,2018,269,26,39,26328.0,21544.0,26341.0,24893.34
2018-09-26 04:00:00,,4,2,3,9,2018,269,26,39,25830.0,21284.0,26112.0,24802.512
2018-09-26 05:00:00,,5,2,3,9,2018,269,26,39,26183.0,21753.0,26566.0,24951.09
2018-09-26 06:00:00,,6,2,3,9,2018,269,26,39,27936.0,23450.0,28507.0,26622.037
2018-09-26 07:00:00,,7,2,3,9,2018,269,26,39,31340.0,26653.0,32229.0,29309.041
2018-09-26 08:00:00,,8,2,3,9,2018,269,26,39,33076.0,28245.0,34365.0,31658.318
2018-09-26 09:00:00,,9,2,3,9,2018,269,26,39,34298.0,28949.0,35238.0,32559.81
2018-09-26 10:00:00,,10,2,3,9,2018,269,26,39,36034.0,29612.0,36100.0,33316.957
2018-09-26 11:00:00,,11,2,3,9,2018,269,26,39,37966.0,30358.0,36802.0,33958.62
2018-09-26 12:00:00,,12,2,3,9,2018,269,26,39,40087.0,30727.0,37131.0,33813.15
2018-09-26 13:00:00,,13,2,3,9,2018,269,26,39,41910.0,30904.0,37211.0,34179.77
2018-09-26 14:00:00,,14,2,3,9,2018,269,26,39,43706.0,30995.0,37095.0,33753.65
2018-09-26 15:00:00,,15,2,3,9,2018,269,26,39,45197.0,30839.0,36406.0,34040.906
2018-09-26 16:00:00,,16,2,3,9,2018,269,26,39,46260.0,30833.0,35865.0,34108.105
2018-09-26 17:00:00,,17,2,3,9,2018,269,26,39,47088.0,31010.0,35373.0,34090.277
2018-09-26 18:00:00,,18,2,3,9,2018,269,26,39,46982.0,31214.0,34937.0,34132.895
2018-09-26 19:00:00,,19,2,3,9,2018,269,26,39,45566.0,31561.0,34608.0,34475.438
2018-09-26 20:00:00,,20,2,3,9,2018,269,26,39,45010.0,32065.0,35073.0,34991.67
2018-09-26 21:00:00,,21,2,3,9,2018,269,26,39,43094.0,31213.0,33917.0,33673.89
2018-09-26 22:00:00,,22,2,3,9,2018,269,26,39,40069.0,29469.0,31671.0,32653.541
2018-09-26 23:00:00,,23,2,3,9,2018,269,26,39,36370.0,26970.0,28864.0,31080.234
2018-09-27 00:00:00,,0,3,3,9,2018,270,27,39,33054.0,24818.0,26148.0,28339.559
2018-09-27 01:00:00,,1,3,3,9,2018,270,27,39,30357.0,23159.0,24141.0,26288.855
2018-09-27 02:00:00,,2,3,3,9,2018,270,27,39,28675.0,22197.0,22898.0,25084.238
2018-09-27 03:00:00,,3,3,3,9,2018,270,27,39,27760.0,21641.0,22134.0,24218.744
2018-09-27 04:00:00,,4,3,3,9,2018,270,27,39,27254.0,21498.0,21777.0,23891.514
2018-09-27 05:00:00,,5,3,3,9,2018,270,27,39,27464.0,21984.0,22096.0,24051.354
2018-09-27 06:00:00,,6,3,3,9,2018,270,27,39,29048.0,23731.0,23765.0,25896.912
2018-09-27 07:00:00,,7,3,3,9,2018,270,27,39,31998.0,26981.0,26961.0,28204.506
2018-09-27 08:00:00,,8,3,3,9,2018,270,27,39,33124.0,29047.0,28789.0,30569.723
2018-09-27 09:00:00,,9,3,3,9,2018,270,27,39,33568.0,29836.0,29273.0,30865.145
2018-09-27 10:00:00,,10,3,3,9,2018,270,27,39,34010.0,30342.0,29573.0,31538.553
2018-09-27 11:00:00,,11,3,3,9,2018,270,27,39,34564.0,30834.0,29801.0,31939.977
2018-09-27 12:00:00,,12,3,3,9,2018,270,27,39,34858.0,30963.0,29861.0,32058.686
2018-09-27 13:00:00,,13,3,3,9,2018,270,27,39,35155.0,30903.0,29738.0,32153.799
2018-09-27 14:00:00,,14,3,3,9,2018,270,27,39,35498.0,30811.0,29744.0,32295.684
2018-09-27 15:00:00,,15,3,3,9,2018,270,27,39,35902.0,30496.0,29600.0,32389.367
2018-09-27 16:00:00,,16,3,3,9,2018,270,27,39,36223.0,30284.0,29463.0,32474.107
2018-09-27 17:00:00,,17,3,3,9,2018,270,27,39,36441.0,30331.0,29462.0,32664.848
2018-09-27 18:00:00,,18,3,3,9,2018,270,27,39,35806.0,30495.0,29677.0,32499.564
2018-09-27 19:00:00,,19,3,3,9,2018,270,27,39,34126.0,30895.0,30181.0,32488.502
2018-09-27 20:00:00,,20,3,3,9,2018,270,27,39,34080.0,31258.0,30734.0,32877.965
2018-09-27 21:00:00,,21,3,3,9,2018,270,27,39,32883.0,30464.0,29897.0,31855.21
2018-09-27 22:00:00,,22,3,3,9,2018,270,27,39,30646.0,28789.0,28344.0,29842.73
2018-09-27 23:00:00,,23,3,3,9,2018,270,27,39,27943.0,26436.0,26123.0,27725.072
2018-09-28 00:00:00,,0,4,3,9,2018,271,28,39,25505.0,24336.0,24063.0,25095.518
2018-09-28 01:00:00,,1,4,3,9,2018,271,28,39,23612.0,22791.0,22457.0,23171.719
2018-09-28 02:00:00,,2,4,3,9,2018,271,28,39,22430.0,21851.0,21449.0,22350.268
2018-09-28 03:00:00,,3,4,3,9,2018,271,28,39,21752.0,21329.0,20922.0,22333.174
2018-09-28 04:00:00,,4,4,3,9,2018,271,28,39,21431.0,21182.0,20757.0,22306.826
2018-09-28 05:00:00,,5,4,3,9,2018,271,28,39,21765.0,21596.0,21193.0,22333.174
2018-09-28 06:00:00,,6,4,3,9,2018,271,28,39,23233.0,23197.0,22794.0,23241.084
2018-09-28 07:00:00,,7,4,3,9,2018,271,28,39,26023.0,26149.0,25935.0,26663.734
2018-09-28 08:00:00,,8,4,3,9,2018,271,28,39,27348.0,28099.0,27872.0,27884.564
2018-09-28 09:00:00,,9,4,3,9,2018,271,28,39,27860.0,28904.0,28665.0,28567.797
2018-09-28 10:00:00,,10,4,3,9,2018,271,28,39,28272.0,29460.0,29142.0,28926.469
2018-09-28 11:00:00,,11,4,3,9,2018,271,28,39,28661.0,29821.0,29534.0,29312.027
2018-09-28 12:00:00,,12,4,3,9,2018,271,28,39,29007.0,29867.0,29592.0,29422.38
2018-09-28 13:00:00,,13,4,3,9,2018,271,28,39,29263.0,29752.0,29470.0,29561.77
2018-09-28 14:00:00,,14,4,3,9,2018,271,28,39,29579.0,29652.0,29500.0,29827.81
2018-09-28 15:00:00,,15,4,3,9,2018,271,28,39,29683.0,29380.0,29270.0,30198.37
2018-09-28 16:00:00,,16,4,3,9,2018,271,28,39,29818.0,29202.0,29146.0,30267.48
2018-09-28 17:00:00,,17,4,3,9,2018,271,28,39,30224.0,29251.0,29284.0,30308.72
2018-09-28 18:00:00,,18,4,3,9,2018,271,28,39,30264.0,29451.0,29534.0,30497.502
2018-09-28 19:00:00,,19,4,3,9,2018,271,28,39,29709.0,29647.0,30036.0,30683.008
2018-09-28 20:00:00,,20,4,3,9,2018,271,28,39,29992.0,29822.0,30189.0,30683.008
2018-09-28 21:00:00,,21,4,3,9,2018,271,28,39,29138.0,29051.0,29351.0,29771.393
2018-09-28 22:00:00,,22,4,3,9,2018,271,28,39,27727.0,27778.0,28064.0,28538.797
2018-09-28 23:00:00,,23,4,3,9,2018,271,28,39,25889.0,25993.0,26297.0,27041.402
2018-09-29 00:00:00,,0,5,3,9,2018,272,29,39,24007.0,24123.0,24480.0,24483.541
2018-09-29 01:00:00,,1,5,3,9,2018,272,29,39,22472.0,22493.0,22992.0,22993.555
2018-09-29 02:00:00,,2,5,3,9,2018,272,29,39,21458.0,21505.0,22019.0,22411.904
2018-09-29 03:00:00,,3,5,3,9,2018,272,29,39,20846.0,20902.0,21439.0,22166.906
2018-09-29 04:00:00,,4,5,3,9,2018,272,29,39,20458.0,20609.0,21183.0,22153.291
2018-09-29 05:00:00,,5,5,3,9,2018,272,29,39,20446.0,20599.0,21237.0,22153.291
2018-09-29 06:00:00,,6,5,3,9,2018,272,29,39,20922.0,21111.0,21767.0,22242.943
2018-09-29 07:00:00,,7,5,3,9,2018,272,29,39,21808.0,22099.0,22869.0,22997.096
2018-09-29 08:00:00,,8,5,3,9,2018,272,29,39,22588.0,23239.0,24096.0,23865.209
2018-09-29 09:00:00,,9,5,3,9,2018,272,29,39,23928.0,24768.0,25737.0,25289.562
2018-09-29 10:00:00,,10,5,3,9,2018,272,29,39,24798.0,26014.0,27141.0,26381.314
2018-09-29 11:00:00,,11,5,3,9,2018,272,29,39,25234.0,26778.0,27955.0,27255.008
2018-09-29 12:00:00,,12,5,3,9,2018,272,29,39,25420.0,27015.0,28108.0,27655.357
2018-09-29 13:00:00,,13,5,3,9,2018,272,29,39,25341.0,26988.0,27917.0,27556.3
2018-09-29 14:00:00,,14,5,3,9,2018,272,29,39,25029.0,26756.0,27551.0,27329.133
2018-09-29 15:00:00,,15,5,3,9,2018,272,29,39,24862.0,26546.0,27205.0,27307.385
2018-09-29 16:00:00,,16,5,3,9,2018,272,29,39,24869.0,26427.0,26976.0,27373.398
2018-09-29 17:00:00,,17,5,3,9,2018,272,29,39,25010.0,26534.0,27115.0,27443.73
2018-09-29 18:00:00,,18,5,3,9,2018,272,29,39,25281.0,26905.0,27418.0,27654.441
2018-09-29 19:00:00,,19,5,3,9,2018,272,29,39,25676.0,27405.0,28188.0,28229.871
2018-09-29 20:00:00,,20,5,3,9,2018,272,29,39,26647.0,28062.0,28643.0,28474.795
2018-09-29 21:00:00,,21,5,3,9,2018,272,29,39,26232.0,27638.0,28111.0,28173.49
2018-09-29 22:00:00,,22,5,3,9,2018,272,29,39,25247.0,26651.0,27079.0,27097.33
2018-09-29 23:00:00,,23,5,3,9,2018,272,29,39,23888.0,25195.0,25611.0,25920.197
2018-09-30 00:00:00,,0,6,3,9,2018,273,30,39,22349.0,23589.0,24001.0,23335.604
2018-09-30 01:00:00,,1,6,3,9,2018,273,30,39,21053.0,22159.0,22517.0,22238.486
2018-09-30 02:00:00,,2,6,3,9,2018,273,30,39,20182.0,21195.0,21571.0,21636.086
2018-09-30 03:00:00,,3,6,3,9,2018,273,30,39,19644.0,20554.0,20936.0,21622.47
2018-09-30 04:00:00,,4,6,3,9,2018,273,30,39,19393.0,20212.0,20574.0,21622.47
2018-09-30 05:00:00,,5,6,3,9,2018,273,30,39,19367.0,20165.0,20519.0,21622.47
2018-09-30 06:00:00,,6,6,3,9,2018,273,30,39,19745.0,20451.0,20880.0,21626.418
2018-09-30 07:00:00,,7,6,3,9,2018,273,30,39,20485.0,21195.0,21723.0,22028.111
2018-09-30 08:00:00,,8,6,3,9,2018,273,30,39,21173.0,21961.0,22530.0,22663.305
2018-09-30 09:00:00,,9,6,3,9,2018,273,30,39,22321.0,23340.0,23842.0,23441.418
2018-09-30 10:00:00,,10,6,3,9,2018,273,30,39,23029.0,24722.0,25028.0,24434.814
2018-09-30 11:00:00,,11,6,3,9,2018,273,30,39,23393.0,25565.0,25577.0,25256.682
2018-09-30 12:00:00,,12,6,3,9,2018,273,30,39,23575.0,26114.0,25766.0,25788.398
2018-09-30 13:00:00,,13,6,3,9,2018,273,30,39,23755.0,26381.0,25747.0,26027.629
2018-09-30 14:00:00,,14,6,3,9,2018,273,30,39,23852.0,26496.0,25443.0,26129.244
2018-09-30 15:00:00,,15,6,3,9,2018,273,30,39,24051.0,26569.0,25209.0,26063.695
2018-09-30 16:00:00,,16,6,3,9,2018,273,30,39,24479.0,26732.0,25106.0,26337.088
2018-09-30 17:00:00,,17,6,3,9,2018,273,30,39,25266.0,27204.0,25460.0,26791.441
2018-09-30 18:00:00,,18,6,3,9,2018,273,30,39,26108.0,27781.0,26099.0,27179.98
2018-09-30 19:00:00,,19,6,3,9,2018,273,30,39,26695.0,28380.0,27106.0,27576.81
2018-09-30 20:00:00,,20,6,3,9,2018,273,30,39,27977.0,29327.0,28592.0,28527.482
2018-09-30 21:00:00,,21,6,3,9,2018,273,30,39,27437.0,28764.0,28175.0,28267.309
2018-09-30 22:00:00,,22,6,3,9,2018,273,30,39,25938.0,27383.0,26750.0,26807.756
2018-09-30 23:00:00,,23,6,3,9,2018,273,30,39,24056.0,25579.0,25019.0,25350.525
2018-10-01 00:00:00,,0,0,4,10,2018,274,1,40,22364.0,23729.0,23218.0,23090.854
2018-10-01 01:00:00,,1,0,4,10,2018,274,1,40,21108.0,22286.0,21856.0,22271.355
2018-10-01 02:00:00,,2,0,4,10,2018,274,1,40,20327.0,21419.0,21080.0,21783.365
2018-10-01 03:00:00,,3,0,4,10,2018,274,1,40,20067.0,20984.0,20803.0,21757.018
2018-10-01 04:00:00,,4,0,4,10,2018,274,1,40,20056.0,20921.0,20772.0,21757.018
2018-10-01 05:00:00,,5,0,4,10,2018,274,1,40,20697.0,21446.0,21465.0,21796.98
2018-10-01 06:00:00,,6,0,4,10,2018,274,1,40,22572.0,23214.0,23376.0,22987.732
2018-10-01 07:00:00,,7,0,4,10,2018,274,1,40,25698.0,26145.0,26886.0,26125.277
2018-10-01 08:00:00,,8,0,4,10,2018,274,1,40,27242.0,27941.0,28466.0,27559.615
2018-10-01 09:00:00,,9,0,4,10,2018,274,1,40,27585.0,28778.0,28730.0,27985.637
2018-10-01 10:00:00,,10,0,4,10,2018,274,1,40,27747.0,29443.0,28740.0,28269.059
2018-10-01 11:00:00,,11,0,4,10,2018,274,1,40,27996.0,30013.0,28751.0,28566.027
2018-10-01 12:00:00,,12,0,4,10,2018,274,1,40,28190.0,30258.0,28668.0,28864.35
2018-10-01 13:00:00,,13,0,4,10,2018,274,1,40,28301.0,30554.0,28693.0,29050.303
2018-10-01 14:00:00,,14,0,4,10,2018,274,1,40,28632.0,30903.0,28792.0,29311.395
2018-10-01 15:00:00,,15,0,4,10,2018,274,1,40,28918.0,31113.0,28680.0,29539.047
2018-10-01 16:00:00,,16,0,4,10,2018,274,1,40,29346.0,31242.0,28561.0,29818.361
2018-10-01 17:00:00,,17,0,4,10,2018,274,1,40,29784.0,31397.0,28746.0,30328.871
2018-10-01 18:00:00,,18,0,4,10,2018,274,1,40,30202.0,31459.0,29038.0,30377.617
2018-10-01 19:00:00,,19,0,4,10,2018,274,1,40,30249.0,31510.0,29619.0,30491.037
2018-10-01 20:00:00,,20,0,4,10,2018,274,1,40,31052.0,32308.0,30892.0,31677.408
2018-10-01 21:00:00,,21,0,4,10,2018,274,1,40,30000.0,31368.0,30118.0,30579.479
2018-10-01 22:00:00,,22,0,4,10,2018,274,1,40,28149.0,29489.0,28524.0,28598.445
2018-10-01 23:00:00,,23,0,4,10,2018,274,1,40,25681.0,27014.0,26122.0,26595.57
2018-10-02 00:00:00,,0,1,4,10,2018,275,2,40,23671.0,24677.0,24011.0,23953.334
2018-10-02 01:00:00,,1,1,4,10,2018,275,2,40,22088.0,22903.0,22440.0,22377.818
2018-10-02 02:00:00,,2,1,4,10,2018,275,2,40,21218.0,21844.0,21546.0,21796.98
2018-10-02 03:00:00,,3,1,4,10,2018,275,2,40,20747.0,21355.0,21148.0,21783.365
2018-10-02 04:00:00,,4,1,4,10,2018,275,2,40,20651.0,21144.0,21097.0,21757.018
2018-10-02 05:00:00,,5,1,4,10,2018,275,2,40,21182.0,21612.0,21630.0,21869.066
2018-10-02 06:00:00,,6,1,4,10,2018,275,2,40,22949.0,23318.0,23570.0,23058.709
2018-10-02 07:00:00,,7,1,4,10,2018,275,2,40,26100.0,26463.0,26883.0,26440.242
2018-10-02 08:00:00,,8,1,4,10,2018,275,2,40,27625.0,28023.0,28450.0,27626.354
2018-10-02 09:00:00,,9,1,4,10,2018,275,2,40,27814.0,28591.0,28622.0,27798.309
2018-10-02 10:00:00,,10,1,4,10,2018,275,2,40,28045.0,29178.0,28588.0,28237.805
2018-10-02 11:00:00,,11,1,4,10,2018,275,2,40,28541.0,29671.0,28817.0,28588.945
2018-10-02 12:00:00,,12,1,4,10,2018,275,2,40,28745.0,30078.0,28838.0,29001.666
2018-10-02 13:00:00,,13,1,4,10,2018,275,2,40,28845.0,30095.0,28962.0,29150.363
2018-10-02 14:00:00,,14,1,4,10,2018,275,2,40,29156.0,30164.0,29169.0,29315.377
2018-10-02 15:00:00,,15,1,4,10,2018,275,2,40,29390.0,30070.0,29317.0,29479.7
2018-10-02 16:00:00,,16,1,4,10,2018,275,2,40,29660.0,30005.0,29553.0,29684.588
2018-10-02 17:00:00,,17,1,4,10,2018,275,2,40,30150.0,30150.0,29836.0,30196.11
2018-10-02 18:00:00,,18,1,4,10,2018,275,2,40,30426.0,30208.0,30119.0,30396.92
2018-10-02 19:00:00,,19,1,4,10,2018,275,2,40,30406.0,30525.0,30495.0,30491.67
2018-10-02 20:00:00,,20,1,4,10,2018,275,2,40,31231.0,31504.0,31596.0,31495.83
2018-10-02 21:00:00,,21,1,4,10,2018,275,2,40,30256.0,30690.0,30780.0,30817.348
2018-10-02 22:00:00,,22,1,4,10,2018,275,2,40,28463.0,28854.0,28978.0,28596.14
2018-10-02 23:00:00,,23,1,4,10,2018,275,2,40,26016.0,26483.0,26520.0,26682.975
2018-10-03 00:00:00,,0,2,4,10,2018,276,3,40,23810.0,24257.0,24232.0,23937.494
2018-10-03 01:00:00,,1,2,4,10,2018,276,3,40,22308.0,22609.0,22548.0,22518.254
2018-10-03 02:00:00,,2,2,4,10,2018,276,3,40,21297.0,21617.0,21571.0,21796.98
2018-10-03 03:00:00,,3,2,4,10,2018,276,3,40,20812.0,21079.0,21031.0,21757.018
2018-10-03 04:00:00,,4,2,4,10,2018,276,3,40,20694.0,20910.0,20914.0,21757.018
2018-10-03 05:00:00,,5,2,4,10,2018,276,3,40,21181.0,21321.0,21399.0,21796.98
2018-10-03 06:00:00,,6,2,4,10,2018,276,3,40,22980.0,23042.0,23252.0,22761.678
2018-10-03 07:00:00,,7,2,4,10,2018,276,3,40,26097.0,26218.0,26595.0,26264.754
2018-10-03 08:00:00,,8,2,4,10,2018,276,3,40,27631.0,27756.0,28321.0,27530.408
2018-10-03 09:00:00,,9,2,4,10,2018,276,3,40,27941.0,28111.0,28911.0,27870.805
2018-10-03 10:00:00,,10,2,4,10,2018,276,3,40,28214.0,28358.0,29270.0,28055.016
2018-10-03 11:00:00,,11,2,4,10,2018,276,3,40,28710.0,28606.0,29611.0,28424.455
2018-10-03 12:00:00,,12,2,4,10,2018,276,3,40,29022.0,28730.0,29660.0,28740.629
2018-10-03 13:00:00,,13,2,4,10,2018,276,3,40,29345.0,28970.0,29641.0,28886.145
2018-10-03 14:00:00,,14,2,4,10,2018,276,3,40,29990.0,29284.0,29857.0,29631.668
2018-10-03 15:00:00,,15,2,4,10,2018,276,3,40,30538.0,29368.0,29979.0,29837.68
2018-10-03 16:00:00,,16,2,4,10,2018,276,3,40,31124.0,29569.0,30138.0,30237.123
2018-10-03 17:00:00,,17,2,4,10,2018,276,3,40,31758.0,29863.0,30402.0,30328.855
2018-10-03 18:00:00,,18,2,4,10,2018,276,3,40,32054.0,30072.0,30575.0,31005.744
2018-10-03 19:00:00,,19,2,4,10,2018,276,3,40,31864.0,30293.0,30781.0,31087.945
2018-10-03 20:00:00,,20,2,4,10,2018,276,3,40,32440.0,31224.0,31764.0,31993.865
2018-10-03 21:00:00,,21,2,4,10,2018,276,3,40,31443.0,30381.0,30900.0,31065.307
2018-10-03 22:00:00,,22,2,4,10,2018,276,3,40,29565.0,28620.0,29072.0,28562.42
2018-10-03 23:00:00,,23,2,4,10,2018,276,3,40,27071.0,26279.0,26577.0,26902.74
2018-10-04 00:00:00,,0,3,4,10,2018,277,4,40,24792.0,24102.0,24299.0,24395.404
2018-10-04 01:00:00,,1,3,4,10,2018,277,4,40,23151.0,22410.0,22524.0,22446.238
2018-10-04 02:00:00,,2,3,4,10,2018,277,4,40,22156.0,21454.0,21542.0,21796.98
2018-10-04 03:00:00,,3,3,4,10,2018,277,4,40,21591.0,20986.0,21042.0,21757.018
2018-10-04 04:00:00,,4,3,4,10,2018,277,4,40,21445.0,20888.0,20909.0,21757.018
2018-10-04 05:00:00,,5,3,4,10,2018,277,4,40,21870.0,21366.0,21295.0,21783.365
2018-10-04 06:00:00,,6,3,4,10,2018,277,4,40,23578.0,23148.0,23119.0,22872.213
2018-10-04 07:00:00,,7,3,4,10,2018,277,4,40,26709.0,26383.0,26383.0,26431.988
2018-10-04 08:00:00,,8,3,4,10,2018,277,4,40,28272.0,27945.0,28019.0,27554.674
2018-10-04 09:00:00,,9,3,4,10,2018,277,4,40,28831.0,28310.0,28469.0,28036.05
2018-10-04 10:00:00,,10,3,4,10,2018,277,4,40,29528.0,28534.0,28898.0,28283.64
2018-10-04 11:00:00,,11,3,4,10,2018,277,4,40,30340.0,29008.0,29380.0,29213.932
2018-10-04 12:00:00,,12,3,4,10,2018,277,4,40,31295.0,29181.0,29711.0,29547.254
2018-10-04 13:00:00,,13,3,4,10,2018,277,4,40,32196.0,29287.0,30059.0,30127.832
2018-10-04 14:00:00,,14,3,4,10,2018,277,4,40,33078.0,29616.0,30447.0,31220.854
2018-10-04 15:00:00,,15,3,4,10,2018,277,4,40,33722.0,29825.0,30525.0,31569.113
2018-10-04 16:00:00,,16,3,4,10,2018,277,4,40,34065.0,30117.0,30501.0,31824.275
2018-10-04 17:00:00,,17,3,4,10,2018,277,4,40,34287.0,30525.0,30607.0,31891.127
2018-10-04 18:00:00,,18,3,4,10,2018,277,4,40,34312.0,30717.0,30628.0,31913.47
2018-10-04 19:00:00,,19,3,4,10,2018,277,4,40,34509.0,30873.0,30911.0,32322.791
2018-10-04 20:00:00,,20,3,4,10,2018,277,4,40,35052.0,31722.0,31732.0,32799.656
2018-10-04 21:00:00,,21,3,4,10,2018,277,4,40,34156.0,30858.0,30946.0,32088.195
2018-10-04 22:00:00,,22,3,4,10,2018,277,4,40,32245.0,29066.0,29152.0,29865.084
2018-10-04 23:00:00,,23,3,4,10,2018,277,4,40,29659.0,26544.0,26851.0,27698.121
2018-10-05 00:00:00,,0,4,4,10,2018,278,5,40,27156.0,24310.0,24580.0,25077.049
2018-10-05 01:00:00,,1,4,4,10,2018,278,5,40,25214.0,22512.0,22863.0,23283.414
2018-10-05 02:00:00,,2,4,4,10,2018,278,5,40,24000.0,21578.0,21861.0,22352.107
2018-10-05 03:00:00,,3,4,4,10,2018,278,5,40,23231.0,21203.0,21341.0,21908.34
2018-10-05 04:00:00,,4,4,4,10,2018,278,5,40,22830.0,21053.0,21152.0,21788.215
2018-10-05 05:00:00,,5,4,4,10,2018,278,5,40,23173.0,21446.0,21573.0,21929.842
2018-10-05 06:00:00,,6,4,4,10,2018,278,5,40,24767.0,23131.0,23256.0,23408.201
2018-10-05 07:00:00,,7,4,4,10,2018,278,5,40,27825.0,26173.0,26504.0,26611.219
2018-10-05 08:00:00,,8,4,4,10,2018,278,5,40,29485.0,27651.0,28299.0,27831.857
2018-10-05 09:00:00,,9,4,4,10,2018,278,5,40,30304.0,28336.0,29040.0,28640.879
2018-10-05 10:00:00,,10,4,4,10,2018,278,5,40,31310.0,28700.0,29790.0,29360.19
2018-10-05 11:00:00,,11,4,4,10,2018,278,5,40,32377.0,29246.0,30390.0,30500.408
2018-10-05 12:00:00,,12,4,4,10,2018,278,5,40,33426.0,29367.0,30905.0,31187.77
2018-10-05 13:00:00,,13,4,4,10,2018,278,5,40,34296.0,29472.0,31339.0,31729.46
2018-10-05 14:00:00,,14,4,4,10,2018,278,5,40,35214.0,29727.0,31604.0,32135.986
2018-10-05 15:00:00,,15,4,4,10,2018,278,5,40,35807.0,29971.0,31860.0,32330.227
2018-10-05 16:00:00,,16,4,4,10,2018,278,5,40,36115.0,30184.0,32023.0,32480.287
2018-10-05 17:00:00,,17,4,4,10,2018,278,5,40,36135.0,30312.0,32119.0,32502.963
2018-10-05 18:00:00,,18,4,4,10,2018,278,5,40,35805.0,30221.0,32134.0,32473.451
2018-10-05 19:00:00,,19,4,4,10,2018,278,5,40,35184.0,30189.0,31976.0,32454.56
2018-10-05 20:00:00,,20,4,4,10,2018,278,5,40,34968.0,30609.0,31661.0,32475.154
2018-10-05 21:00:00,,21,4,4,10,2018,278,5,40,33565.0,29644.0,30520.0,31437.867
2018-10-05 22:00:00,,22,4,4,10,2018,278,5,40,31734.0,28214.0,28993.0,29284.643
2018-10-05 23:00:00,,23,4,4,10,2018,278,5,40,29668.0,26334.0,26969.0,27901.453
2018-10-06 00:00:00,,0,5,4,10,2018,279,6,40,27498.0,24369.0,24807.0,24983.545
2018-10-06 01:00:00,,1,5,4,10,2018,279,6,40,25672.0,22875.0,22901.0,23301.766
2018-10-06 02:00:00,,2,5,4,10,2018,279,6,40,24231.0,21889.0,21674.0,22371.195
2018-10-06 03:00:00,,3,5,4,10,2018,279,6,40,23215.0,21227.0,20841.0,21797.781
2018-10-06 04:00:00,,4,5,4,10,2018,279,6,40,22630.0,20914.0,20385.0,21634.68
2018-10-06 05:00:00,,5,5,4,10,2018,279,6,40,22485.0,20906.0,20253.0,21634.68
2018-10-06 06:00:00,,6,5,4,10,2018,279,6,40,22915.0,21439.0,20731.0,21762.31
2018-10-06 07:00:00,,7,5,4,10,2018,279,6,40,23852.0,22485.0,21778.0,22597.193
2018-10-06 08:00:00,,8,5,4,10,2018,279,6,40,24732.0,23330.0,22747.0,23462.596
2018-10-06 09:00:00,,9,5,4,10,2018,279,6,40,26494.0,24745.0,24000.0,24709.855
2018-10-06 10:00:00,,10,5,4,10,2018,279,6,40,28169.0,26058.0,24794.0,26003.78
2018-10-06 11:00:00,,11,5,4,10,2018,279,6,40,29696.0,26978.0,25135.0,27343.107
2018-10-06 12:00:00,,12,5,4,10,2018,279,6,40,31092.0,27336.0,25047.0,27691.078
2018-10-06 13:00:00,,13,5,4,10,2018,279,6,40,32281.0,27344.0,24801.0,29048.527
2018-10-06 14:00:00,,14,5,4,10,2018,279,6,40,33101.0,27195.0,24576.0,29556.277
2018-10-06 15:00:00,,15,5,4,10,2018,279,6,40,33691.0,26989.0,24487.0,29944.514
2018-10-06 16:00:00,,16,5,4,10,2018,279,6,40,34126.0,26866.0,24589.0,30352.86
2018-10-06 17:00:00,,17,5,4,10,2018,279,6,40,34488.0,27054.0,24950.0,30555.203
2018-10-06 18:00:00,,18,5,4,10,2018,279,6,40,34441.0,27424.0,25424.0,30520.988
2018-10-06 19:00:00,,19,5,4,10,2018,279,6,40,34087.0,28221.0,26166.0,30598.3
2018-10-06 20:00:00,,20,5,4,10,2018,279,6,40,34445.0,28509.0,27063.0,30729.72
2018-10-06 21:00:00,,21,5,4,10,2018,279,6,40,33572.0,27956.0,26631.0,30211.674
2018-10-06 22:00:00,,22,5,4,10,2018,279,6,40,32278.0,26889.0,25668.0,29017.191
2018-10-06 23:00:00,,23,5,4,10,2018,279,6,40,30534.0,25402.0,24346.0,27266.338
2018-10-07 00:00:00,,0,6,4,10,2018,280,7,40,28702.0,23771.0,22828.0,25057.4
2018-10-07 01:00:00,,1,6,4,10,2018,280,7,40,26994.0,22365.0,21485.0,23509.975
2018-10-07 02:00:00,,2,6,4,10,2018,280,7,40,25841.0,21544.0,20579.0,22652.26
2018-10-07 03:00:00,,3,6,4,10,2018,280,7,40,25142.0,20850.0,20052.0,22390.582
2018-10-07 04:00:00,,4,6,4,10,2018,280,7,40,24719.0,20393.0,19805.0,22342.926
2018-10-07 05:00:00,,5,6,4,10,2018,280,7,40,24617.0,20185.0,19845.0,22321.406
2018-10-07 06:00:00,,6,6,4,10,2018,280,7,40,24970.0,20458.0,20363.0,22394.53
2018-10-07 07:00:00,,7,6,4,10,2018,280,7,40,25855.0,21200.0,21308.0,22930.762
2018-10-07 08:00:00,,8,6,4,10,2018,280,7,40,26813.0,22151.0,22123.0,23809.723
2018-10-07 09:00:00,,9,6,4,10,2018,280,7,40,28380.0,23502.0,23281.0,25024.871
2018-10-07 10:00:00,,10,6,4,10,2018,280,7,40,30110.0,24549.0,23941.0,26831.674
2018-10-07 11:00:00,,11,6,4,10,2018,280,7,40,31545.0,25080.0,24148.0,27121.533
2018-10-07 12:00:00,,12,6,4,10,2018,280,7,40,32564.0,25365.0,24166.0,28730.145
2018-10-07 13:00:00,,13,6,4,10,2018,280,7,40,33321.0,25362.0,24121.0,29146.506
2018-10-07 14:00:00,,14,6,4,10,2018,280,7,40,33878.0,25056.0,24082.0,29812.48
2018-10-07 15:00:00,,15,6,4,10,2018,280,7,40,34093.0,24753.0,24213.0,30113.146
2018-10-07 16:00:00,,16,6,4,10,2018,280,7,40,34375.0,24568.0,24422.0,30179.16
2018-10-07 17:00:00,,17,6,4,10,2018,280,7,40,34770.0,24910.0,25038.0,30309.002
2018-10-07 18:00:00,,18,6,4,10,2018,280,7,40,35282.0,25624.0,25763.0,30309.002
2018-10-07 19:00:00,,19,6,4,10,2018,280,7,40,36053.0,26693.0,26874.0,30566.186
2018-10-07 20:00:00,,20,6,4,10,2018,280,7,40,36580.0,27903.0,27987.0,31043.455
2018-10-07 21:00:00,,21,6,4,10,2018,280,7,40,35748.0,27398.0,27413.0,30699.033
2018-10-07 22:00:00,,22,6,4,10,2018,280,7,40,34189.0,25929.0,26049.0,29830.176
2018-10-07 23:00:00,,23,6,4,10,2018,280,7,40,32031.0,24447.0,24401.0,27540.568
2018-10-08 00:00:00,,0,0,4,10,2018,281,8,41,29916.0,22923.0,22721.0,25631.463
2018-10-08 01:00:00,,1,0,4,10,2018,281,8,41,28047.0,21471.0,21306.0,23813.336
2018-10-08 02:00:00,,2,0,4,10,2018,281,8,41,26861.0,20627.0,20535.0,22964.488
2018-10-08 03:00:00,,3,0,4,10,2018,281,8,41,26164.0,20233.0,20161.0,22799.398
2018-10-08 04:00:00,,4,0,4,10,2018,281,8,41,25909.0,20224.0,20199.0,22719.398
2018-10-08 05:00:00,,5,0,4,10,2018,281,8,41,26322.0,20686.0,20821.0,22799.398
2018-10-08 06:00:00,,6,0,4,10,2018,281,8,41,28018.0,22364.0,22524.0,24243.479
2018-10-08 07:00:00,,7,0,4,10,2018,281,8,41,30940.0,25172.0,25329.0,27032.855
2018-10-08 08:00:00,,8,0,4,10,2018,281,8,41,33145.0,26833.0,27093.0,29270.48
2018-10-08 09:00:00,,9,0,4,10,2018,281,8,41,34415.0,27425.0,27747.0,30176.89
2018-10-08 10:00:00,,10,0,4,10,2018,281,8,41,35538.0,27651.0,28168.0,30670.684
2018-10-08 11:00:00,,11,0,4,10,2018,281,8,41,36383.0,27672.0,28643.0,31008.367
2018-10-08 12:00:00,,12,0,4,10,2018,281,8,41,36822.0,27592.0,28909.0,31096.088
2018-10-08 13:00:00,,13,0,4,10,2018,281,8,41,37127.0,27436.0,29076.0,31221.535
2018-10-08 14:00:00,,14,0,4,10,2018,281,8,41,37623.0,27396.0,29408.0,31432.36
2018-10-08 15:00:00,,15,0,4,10,2018,281,8,41,38089.0,27318.0,29502.0,31566.443
2018-10-08 16:00:00,,16,0,4,10,2018,281,8,41,38503.0,27424.0,29664.0,31650.867
2018-10-08 17:00:00,,17,0,4,10,2018,281,8,41,39147.0,27811.0,29953.0,31729.697
2018-10-08 18:00:00,,18,0,4,10,2018,281,8,41,39578.0,28479.0,30157.0,31543.541
2018-10-08 19:00:00,,19,0,4,10,2018,281,8,41,40071.0,29391.0,30671.0,31988.824
2018-10-08 20:00:00,,20,0,4,10,2018,281,8,41,40518.0,30423.0,31440.0,32317.615
2018-10-08 21:00:00,,21,0,4,10,2018,281,8,41,39407.0,29679.0,30416.0,32089.064
2018-10-08 22:00:00,,22,0,4,10,2018,281,8,41,37309.0,28145.0,28606.0,31172.02
2018-10-08 23:00:00,,23,0,4,10,2018,281,8,41,34361.0,25920.0,26197.0,29718.238
2018-10-09 00:00:00,,0,1,4,10,2018,282,9,41,31462.0,23941.0,23958.0,26213.94
2018-10-09 01:00:00,,1,1,4,10,2018,282,9,41,28984.0,22449.0,22337.0,24626.494
2018-10-09 02:00:00,,2,1,4,10,2018,282,9,41,27261.0,21691.0,21435.0,23288.604
2018-10-09 03:00:00,,3,1,4,10,2018,282,9,41,26072.0,21331.0,20953.0,22807.285
2018-10-09 04:00:00,,4,1,4,10,2018,282,9,41,25350.0,21265.0,20852.0,22635.664
2018-10-09 05:00:00,,5,1,4,10,2018,282,9,41,25378.0,21903.0,21392.0,22708.46
2018-10-09 06:00:00,,6,1,4,10,2018,282,9,41,26966.0,24011.0,23286.0,24342.65
2018-10-09 07:00:00,,7,1,4,10,2018,282,9,41,30137.0,27485.0,26661.0,27408.66
2018-10-09 08:00:00,,8,1,4,10,2018,282,9,41,31639.0,29169.0,28402.0,28946.014
2018-10-09 09:00:00,,9,1,4,10,2018,282,9,41,32626.0,29120.0,28835.0,30020.781
2018-10-09 10:00:00,,10,1,4,10,2018,282,9,41,33714.0,28687.0,29294.0,30558.21
2018-10-09 11:00:00,,11,1,4,10,2018,282,9,41,35030.0,28455.0,29823.0,31054.596
2018-10-09 12:00:00,,12,1,4,10,2018,282,9,41,36293.0,28231.0,30136.0,31369.234
2018-10-09 13:00:00,,13,1,4,10,2018,282,9,41,37591.0,28053.0,30223.0,31470.879
2018-10-09 14:00:00,,14,1,4,10,2018,282,9,41,38827.0,28015.0,30393.0,31635.893
2018-10-09 15:00:00,,15,1,4,10,2018,282,9,41,39604.0,27917.0,30362.0,31385.102
2018-10-09 16:00:00,,16,1,4,10,2018,282,9,41,40348.0,27963.0,30481.0,31583.975
2018-10-09 17:00:00,,17,1,4,10,2018,282,9,41,40879.0,28365.0,30625.0,31663.43
2018-10-09 18:00:00,,18,1,4,10,2018,282,9,41,40576.0,28790.0,30958.0,32069.271
2018-10-09 19:00:00,,19,1,4,10,2018,282,9,41,39734.0,29702.0,31657.0,32347.082
2018-10-09 20:00:00,,20,1,4,10,2018,282,9,41,39538.0,30493.0,32133.0,32691.578
2018-10-09 21:00:00,,21,1,4,10,2018,282,9,41,37678.0,29731.0,31048.0,32370.232
2018-10-09 22:00:00,,22,1,4,10,2018,282,9,41,35135.0,28115.0,29167.0,31056.44
2018-10-09 23:00:00,,23,1,4,10,2018,282,9,41,31964.0,25914.0,26697.0,28160.979
2018-10-10 00:00:00,,0,2,4,10,2018,283,10,41,29061.0,23987.0,24388.0,25586.854
2018-10-10 01:00:00,,1,2,4,10,2018,283,10,41,26732.0,22565.0,22697.0,23622.21
2018-10-10 02:00:00,,2,2,4,10,2018,283,10,41,25299.0,21739.0,21639.0,22721.365
2018-10-10 03:00:00,,3,2,4,10,2018,283,10,41,24363.0,21340.0,21079.0,22463.84
2018-10-10 04:00:00,,4,2,4,10,2018,283,10,41,23962.0,21308.0,20890.0,22160.375
2018-10-10 05:00:00,,5,2,4,10,2018,283,10,41,24254.0,21922.0,21358.0,22360.52
2018-10-10 06:00:00,,6,2,4,10,2018,283,10,41,25958.0,23722.0,23151.0,23806.346
2018-10-10 07:00:00,,7,2,4,10,2018,283,10,41,29221.0,26793.0,26475.0,27026.16
2018-10-10 08:00:00,,8,2,4,10,2018,283,10,41,31209.0,28320.0,28218.0,28675.72
2018-10-10 09:00:00,,9,2,4,10,2018,283,10,41,31623.0,28579.0,28539.0,28821.281
2018-10-10 10:00:00,,10,2,4,10,2018,283,10,41,32051.0,28560.0,28717.0,29196.367
2018-10-10 11:00:00,,11,2,4,10,2018,283,10,41,32461.0,28564.0,28988.0,30042.246
2018-10-10 12:00:00,,12,2,4,10,2018,283,10,41,32886.0,28624.0,29012.0,30508.475
2018-10-10 13:00:00,,13,2,4,10,2018,283,10,41,33055.0,28580.0,29192.0,30486.209
2018-10-10 14:00:00,,14,2,4,10,2018,283,10,41,33355.0,28582.0,29406.0,30725.795
2018-10-10 15:00:00,,15,2,4,10,2018,283,10,41,33454.0,28388.0,29321.0,30765.908
2018-10-10 16:00:00,,16,2,4,10,2018,283,10,41,33450.0,28505.0,29155.0,30831.922
2018-10-10 17:00:00,,17,2,4,10,2018,283,10,41,33585.0,28808.0,29169.0,31248.357
2018-10-10 18:00:00,,18,2,4,10,2018,283,10,41,33865.0,29207.0,29356.0,31446.676
2018-10-10 19:00:00,,19,2,4,10,2018,283,10,41,34385.0,29939.0,30234.0,31788.78
2018-10-10 20:00:00,,20,2,4,10,2018,283,10,41,34401.0,30771.0,30968.0,32158.295
2018-10-10 21:00:00,,21,2,4,10,2018,283,10,41,33255.0,29975.0,30098.0,31328.16
2018-10-10 22:00:00,,22,2,4,10,2018,283,10,41,31396.0,28297.0,28408.0,29221.611
2018-10-10 23:00:00,,23,2,4,10,2018,283,10,41,28827.0,26022.0,26150.0,27065.096
2018-10-11 00:00:00,,0,3,4,10,2018,284,11,41,26414.0,23960.0,23933.0,24528.775
2018-10-11 01:00:00,,1,3,4,10,2018,284,11,41,24606.0,22480.0,22412.0,23012.836
2018-10-11 02:00:00,,2,3,4,10,2018,284,11,41,23400.0,21618.0,21510.0,21924.682
2018-10-11 03:00:00,,3,3,4,10,2018,284,11,41,22743.0,21185.0,21016.0,21769.227
2018-10-11 04:00:00,,4,3,4,10,2018,284,11,41,22420.0,21057.0,20963.0,21769.227
2018-10-11 05:00:00,,5,3,4,10,2018,284,11,41,22676.0,21599.0,21497.0,21800.459
2018-10-11 06:00:00,,6,3,4,10,2018,284,11,41,24252.0,23438.0,23375.0,23488.607
2018-10-11 07:00:00,,7,3,4,10,2018,284,11,41,27321.0,26709.0,26693.0,26717.45
2018-10-11 08:00:00,,8,3,4,10,2018,284,11,41,29176.0,28361.0,28531.0,27933.576
2018-10-11 09:00:00,,9,3,4,10,2018,284,11,41,29574.0,28560.0,28754.0,28131.906
2018-10-11 10:00:00,,10,3,4,10,2018,284,11,41,29928.0,28669.0,28563.0,28899.605
2018-10-11 11:00:00,,11,3,4,10,2018,284,11,41,30100.0,28988.0,28557.0,29073.559
2018-10-11 12:00:00,,12,3,4,10,2018,284,11,41,30082.0,29204.0,28593.0,29146.87
2018-10-11 13:00:00,,13,3,4,10,2018,284,11,41,29924.0,29340.0,28376.0,29242.75
2018-10-11 14:00:00,,14,3,4,10,2018,284,11,41,29730.0,29466.0,28364.0,29502.576
2018-10-11 15:00:00,,15,3,4,10,2018,284,11,41,29442.0,29213.0,28377.0,29048.848
2018-10-11 16:00:00,,16,3,4,10,2018,284,11,41,29243.0,29008.0,28418.0,29065.225
2018-10-11 17:00:00,,17,3,4,10,2018,284,11,41,29277.0,29205.0,28652.0,29102.133
2018-10-11 18:00:00,,18,3,4,10,2018,284,11,41,29528.0,29428.0,28866.0,29295.803
2018-10-11 19:00:00,,19,3,4,10,2018,284,11,41,30284.0,30160.0,29728.0,30154.523
2018-10-11 20:00:00,,20,3,4,10,2018,284,11,41,30699.0,30941.0,30602.0,30760.256
2018-10-11 21:00:00,,21,3,4,10,2018,284,11,41,29774.0,30119.0,29909.0,30151.377
2018-10-11 22:00:00,,22,3,4,10,2018,284,11,41,28143.0,28480.0,28415.0,28276.432
2018-10-11 23:00:00,,23,3,4,10,2018,284,11,41,26038.0,26215.0,26293.0,26571.373
2018-10-12 00:00:00,,0,4,4,10,2018,285,12,41,24012.0,24130.0,24095.0,24061.498
2018-10-12 01:00:00,,1,4,4,10,2018,285,12,41,22504.0,22602.0,22518.0,22343.812
2018-10-12 02:00:00,,2,4,4,10,2018,285,12,41,21519.0,21692.0,21593.0,21788.062
2018-10-12 03:00:00,,3,4,4,10,2018,285,12,41,20980.0,21244.0,21172.0,21774.447
2018-10-12 04:00:00,,4,4,4,10,2018,285,12,41,20799.0,21207.0,21136.0,21748.1
2018-10-12 05:00:00,,5,4,4,10,2018,285,12,41,21260.0,21742.0,21657.0,21860.148
2018-10-12 06:00:00,,6,4,4,10,2018,285,12,41,22825.0,23567.0,23411.0,23153.719
2018-10-12 07:00:00,,7,4,4,10,2018,285,12,41,25848.0,26913.0,26601.0,26366.928
2018-10-12 08:00:00,,8,4,4,10,2018,285,12,41,27668.0,28677.0,28333.0,27864.205
2018-10-12 09:00:00,,9,4,4,10,2018,285,12,41,28163.0,28692.0,28541.0,28032.027
2018-10-12 10:00:00,,10,4,4,10,2018,285,12,41,28510.0,28445.0,28593.0,27960.4
2018-10-12 11:00:00,,11,4,4,10,2018,285,12,41,28790.0,28248.0,28577.0,28138.121
2018-10-12 12:00:00,,12,4,4,10,2018,285,12,41,28876.0,27987.0,28475.0,28079.926
2018-10-12 13:00:00,,13,4,4,10,2018,285,12,41,28780.0,27746.0,28334.0,28050.707
2018-10-12 14:00:00,,14,4,4,10,2018,285,12,41,28826.0,27620.0,28317.0,28108.379
2018-10-12 15:00:00,,15,4,4,10,2018,285,12,41,28666.0,27578.0,28048.0,27968.123
2018-10-12 16:00:00,,16,4,4,10,2018,285,12,41,28564.0,27581.0,27864.0,27894.13
2018-10-12 17:00:00,,17,4,4,10,2018,285,12,41,28625.0,27785.0,27904.0,28094.082
2018-10-12 18:00:00,,18,4,4,10,2018,285,12,41,28867.0,28073.0,28157.0,28373.543
2018-10-12 19:00:00,,19,4,4,10,2018,285,12,41,29455.0,28860.0,28915.0,28712.213
2018-10-12 20:00:00,,20,4,4,10,2018,285,12,41,29532.0,29258.0,29350.0,28853.111
2018-10-12 21:00:00,,21,4,4,10,2018,285,12,41,28742.0,28602.0,28580.0,28315.326
2018-10-12 22:00:00,,22,4,4,10,2018,285,12,41,27526.0,27427.0,27493.0,27302.098
2018-10-12 23:00:00,,23,4,4,10,2018,285,12,41,25834.0,25804.0,25811.0,26130.598
2018-10-13 00:00:00,,0,5,4,10,2018,286,13,41,24043.0,24037.0,24016.0,23933.262
2018-10-13 01:00:00,,1,5,4,10,2018,286,13,41,22443.0,22536.0,22479.0,22239.4
2018-10-13 02:00:00,,2,5,4,10,2018,286,13,41,21519.0,21627.0,21610.0,21774.586
2018-10-13 03:00:00,,3,5,4,10,2018,286,13,41,20907.0,21173.0,21113.0,21603.016
2018-10-13 04:00:00,,4,5,4,10,2018,286,13,41,20570.0,20994.0,20905.0,21603.016
2018-10-13 05:00:00,,5,5,4,10,2018,286,13,41,20614.0,21184.0,21045.0,21603.016
2018-10-13 06:00:00,,6,5,4,10,2018,286,13,41,21094.0,21937.0,21818.0,21938.373
2018-10-13 07:00:00,,7,5,4,10,2018,286,13,41,22231.0,23218.0,23101.0,22553.895
2018-10-13 08:00:00,,8,5,4,10,2018,286,13,41,23384.0,24397.0,24313.0,23753.182
2018-10-13 09:00:00,,9,5,4,10,2018,286,13,41,24719.0,25433.0,25451.0,25156.477
2018-10-13 10:00:00,,10,5,4,10,2018,286,13,41,25869.0,25710.0,25883.0,25770.953
2018-10-13 11:00:00,,11,5,4,10,2018,286,13,41,26532.0,25620.0,25898.0,25837.26
2018-10-13 12:00:00,,12,5,4,10,2018,286,13,41,26822.0,25247.0,25753.0,25798.158
2018-10-13 13:00:00,,13,5,4,10,2018,286,13,41,26837.0,24825.0,25730.0,25688.447
2018-10-13 14:00:00,,14,5,4,10,2018,286,13,41,26665.0,24462.0,25365.0,25545.236
2018-10-13 15:00:00,,15,5,4,10,2018,286,13,41,26544.0,24167.0,25139.0,25401.244
2018-10-13 16:00:00,,16,5,4,10,2018,286,13,41,26572.0,24336.0,25127.0,25467.258
2018-10-13 17:00:00,,17,5,4,10,2018,286,13,41,26867.0,24778.0,25446.0,25866.932
2018-10-13 18:00:00,,18,5,4,10,2018,286,13,41,27297.0,25359.0,26110.0,26366.668
2018-10-13 19:00:00,,19,5,4,10,2018,286,13,41,28132.0,26412.0,27568.0,27185.947
2018-10-13 20:00:00,,20,5,4,10,2018,286,13,41,28572.0,27145.0,28382.0,27719.715
2018-10-13 21:00:00,,21,5,4,10,2018,286,13,41,27938.0,26671.0,27970.0,27333.344
2018-10-13 22:00:00,,22,5,4,10,2018,286,13,41,27002.0,25745.0,27209.0,26479.566
2018-10-13 23:00:00,,23,5,4,10,2018,286,13,41,25617.0,24445.0,25968.0,25351.52
2018-10-14 00:00:00,,0,6,4,10,2018,287,14,41,24060.0,22953.0,24485.0,23499.523
2018-10-14 01:00:00,,1,6,4,10,2018,287,14,41,22606.0,21656.0,23187.0,22265.533
2018-10-14 02:00:00,,2,6,4,10,2018,287,14,41,21558.0,20795.0,22413.0,21844.652
2018-10-14 03:00:00,,3,6,4,10,2018,287,14,41,20912.0,20323.0,21979.0,21775.76
2018-10-14 04:00:00,,4,6,4,10,2018,287,14,41,20536.0,20037.0,21856.0,21775.76
2018-10-14 05:00:00,,5,6,4,10,2018,287,14,41,20484.0,20085.0,22044.0,21775.76
2018-10-14 06:00:00,,6,6,4,10,2018,287,14,41,20795.0,20594.0,22710.0,22014.123
2018-10-14 07:00:00,,7,6,4,10,2018,287,14,41,21563.0,21482.0,23827.0,22728.953
2018-10-14 08:00:00,,8,6,4,10,2018,287,14,41,22455.0,22287.0,24896.0,23270.139
2018-10-14 09:00:00,,9,6,4,10,2018,287,14,41,23778.0,23307.0,25863.0,24299.047
2018-10-14 10:00:00,,10,6,4,10,2018,287,14,41,25120.0,24047.0,26192.0,25065.898
2018-10-14 11:00:00,,11,6,4,10,2018,287,14,41,26052.0,24303.0,26049.0,25434.033
2018-10-14 12:00:00,,12,6,4,10,2018,287,14,41,26616.0,24457.0,25811.0,25572.545
2018-10-14 13:00:00,,13,6,4,10,2018,287,14,41,26930.0,24611.0,25766.0,25881.168
2018-10-14 14:00:00,,14,6,4,10,2018,287,14,41,27151.0,24565.0,25788.0,25989.715
2018-10-14 15:00:00,,15,6,4,10,2018,287,14,41,27215.0,24625.0,25747.0,26047.97
2018-10-14 16:00:00,,16,6,4,10,2018,287,14,41,27590.0,24938.0,25803.0,26283.078
2018-10-14 17:00:00,,17,6,4,10,2018,287,14,41,28235.0,25598.0,26296.0,26624.32
2018-10-14 18:00:00,,18,6,4,10,2018,287,14,41,28933.0,26453.0,27369.0,27345.9
2018-10-14 19:00:00,,19,6,4,10,2018,287,14,41,29988.0,27869.0,29229.0,28526.352
2018-10-14 20:00:00,,20,6,4,10,2018,287,14,41,30755.0,28715.0,30395.0,29212.428
2018-10-14 21:00:00,,21,6,4,10,2018,287,14,41,30056.0,28043.0,30085.0,28770.324
2018-10-14 22:00:00,,22,6,4,10,2018,287,14,41,28621.0,26576.0,28903.0,27409.148
2018-10-14 23:00:00,,23,6,4,10,2018,287,14,41,26709.0,24719.0,27226.0,25826.53
2018-10-15 00:00:00,,0,0,4,10,2018,288,15,42,24883.0,22945.0,25565.0,24474.572
2018-10-15 01:00:00,,1,0,4,10,2018,288,15,42,23465.0,21606.0,24372.0,22951.766
2018-10-15 02:00:00,,2,0,4,10,2018,288,15,42,22410.0,20842.0,23814.0,22620.887
2018-10-15 03:00:00,,3,0,4,10,2018,288,15,42,21683.0,20430.0,23659.0,22563.666
2018-10-15 04:00:00,,4,0,4,10,2018,288,15,42,21341.0,20345.0,24017.0,22663.58
2018-10-15 05:00:00,,5,0,4,10,2018,288,15,42,21584.0,20962.0,24940.0,22698.943
2018-10-15 06:00:00,,6,0,4,10,2018,288,15,42,23258.0,22828.0,27233.0,24042.953
2018-10-15 07:00:00,,7,0,4,10,2018,288,15,42,26280.0,26115.0,31169.0,26936.953
2018-10-15 08:00:00,,8,0,4,10,2018,288,15,42,28011.0,27950.0,33029.0,28898.387
2018-10-15 09:00:00,,9,0,4,10,2018,288,15,42,28416.0,28505.0,32870.0,28984.135
2018-10-15 10:00:00,,10,0,4,10,2018,288,15,42,28641.0,28888.0,31972.0,29157.883
2018-10-15 11:00:00,,11,0,4,10,2018,288,15,42,28779.0,29604.0,31102.0,29326.9
2018-10-15 12:00:00,,12,0,4,10,2018,288,15,42,28744.0,30039.0,30441.0,28828.47
2018-10-15 13:00:00,,13,0,4,10,2018,288,15,42,28401.0,30693.0,29809.0,28910.873
2018-10-15 14:00:00,,14,0,4,10,2018,288,15,42,28191.0,31399.0,29348.0,29039.576
2018-10-15 15:00:00,,15,0,4,10,2018,288,15,42,27821.0,31828.0,28933.0,29288.84
2018-10-15 16:00:00,,16,0,4,10,2018,288,15,42,27727.0,32116.0,28788.0,29337.621
2018-10-15 17:00:00,,17,0,4,10,2018,288,15,42,27989.0,32458.0,29139.0,29468.271
2018-10-15 18:00:00,,18,0,4,10,2018,288,15,42,28419.0,32685.0,29953.0,29918.584
2018-10-15 19:00:00,,19,0,4,10,2018,288,15,42,29549.0,33293.0,31552.0,30901.48
2018-10-15 20:00:00,,20,0,4,10,2018,288,15,42,30249.0,33658.0,32569.0,31684.154
2018-10-15 21:00:00,,21,0,4,10,2018,288,15,42,29338.0,32473.0,31866.0,30615.346
2018-10-15 22:00:00,,22,0,4,10,2018,288,15,42,27753.0,30332.0,30312.0,28740.768
2018-10-15 23:00:00,,23,0,4,10,2018,288,15,42,25523.0,27719.0,28136.0,27136.303
2018-10-16 00:00:00,,0,1,4,10,2018,289,16,42,23510.0,25323.0,26009.0,24710.299
2018-10-16 01:00:00,,1,1,4,10,2018,289,16,42,22158.0,23550.0,24449.0,23232.896
2018-10-16 02:00:00,,2,1,4,10,2018,289,16,42,21362.0,22443.0,23646.0,22755.354
2018-10-16 03:00:00,,3,1,4,10,2018,289,16,42,20981.0,21823.0,23238.0,22264.553
2018-10-16 04:00:00,,4,1,4,10,2018,289,16,42,20975.0,21557.0,23194.0,22205.459
2018-10-16 05:00:00,,5,1,4,10,2018,289,16,42,21592.0,21956.0,23873.0,22699.936
2018-10-16 06:00:00,,6,1,4,10,2018,289,16,42,23536.0,23652.0,25900.0,24113.613
2018-10-16 07:00:00,,7,1,4,10,2018,289,16,42,27031.0,26957.0,29433.0,27301.766
2018-10-16 08:00:00,,8,1,4,10,2018,289,16,42,28876.0,28653.0,30999.0,28968.71
2018-10-16 09:00:00,,9,1,4,10,2018,289,16,42,28791.0,29136.0,30714.0,29023.123
2018-10-16 10:00:00,,10,1,4,10,2018,289,16,42,28338.0,29810.0,30102.0,28598.738
2018-10-16 11:00:00,,11,1,4,10,2018,289,16,42,27886.0,30714.0,29744.0,28711.58
2018-10-16 12:00:00,,12,1,4,10,2018,289,16,42,27498.0,31527.0,29200.0,28735.824
2018-10-16 13:00:00,,13,1,4,10,2018,289,16,42,27176.0,32374.0,28891.0,29039.88
2018-10-16 14:00:00,,14,1,4,10,2018,289,16,42,27241.0,33312.0,28746.0,29819.373
2018-10-16 15:00:00,,15,1,4,10,2018,289,16,42,27170.0,33911.0,28649.0,30095.768
2018-10-16 16:00:00,,16,1,4,10,2018,289,16,42,27355.0,34494.0,28682.0,30194.2
2018-10-16 17:00:00,,17,1,4,10,2018,289,16,42,27869.0,34911.0,28904.0,30314.877
2018-10-16 18:00:00,,18,1,4,10,2018,289,16,42,28562.0,34824.0,29357.0,30529.896
2018-10-16 19:00:00,,19,1,4,10,2018,289,16,42,29770.0,35048.0,30584.0,31486.828
2018-10-16 20:00:00,,20,1,4,10,2018,289,16,42,30500.0,35245.0,31248.0,31720.75
2018-10-16 21:00:00,,21,1,4,10,2018,289,16,42,29775.0,34032.0,30380.0,31041.303
2018-10-16 22:00:00,,22,1,4,10,2018,289,16,42,28244.0,32002.0,28671.0,29106.209
2018-10-16 23:00:00,,23,1,4,10,2018,289,16,42,26069.0,29307.0,26366.0,26974.984
2018-10-17 00:00:00,,0,2,4,10,2018,290,17,42,24079.0,26798.0,24179.0,24859.928
2018-10-17 01:00:00,,1,2,4,10,2018,290,17,42,22643.0,24861.0,22651.0,23094.406
2018-10-17 02:00:00,,2,2,4,10,2018,290,17,42,21871.0,23670.0,21839.0,22392.078
2018-10-17 03:00:00,,3,2,4,10,2018,290,17,42,21533.0,23006.0,21510.0,21987.758
2018-10-17 04:00:00,,4,2,4,10,2018,290,17,42,21500.0,22673.0,21469.0,21959.191
2018-10-17 05:00:00,,5,2,4,10,2018,290,17,42,22115.0,23061.0,22131.0,22204.3
2018-10-17 06:00:00,,6,2,4,10,2018,290,17,42,24136.0,24863.0,24097.0,24141.395
2018-10-17 07:00:00,,7,2,4,10,2018,290,17,42,27622.0,28130.0,27687.0,27192.771
2018-10-17 08:00:00,,8,2,4,10,2018,290,17,42,29329.0,29923.0,29407.0,28431.945
2018-10-17 09:00:00,,9,2,4,10,2018,290,17,42,29067.0,30540.0,29359.0,28720.768
2018-10-17 10:00:00,,10,2,4,10,2018,290,17,42,28446.0,31435.0,29081.0,28896.69
2018-10-17 11:00:00,,11,2,4,10,2018,290,17,42,28204.0,32498.0,28999.0,29181.098
2018-10-17 12:00:00,,12,2,4,10,2018,290,17,42,27912.0,33536.0,28951.0,29795.555
2018-10-17 13:00:00,,13,2,4,10,2018,290,17,42,27845.0,34492.0,29018.0,30085.943
2018-10-17 14:00:00,,14,2,4,10,2018,290,17,42,27935.0,35634.0,29195.0,30496.146
2018-10-17 15:00:00,,15,2,4,10,2018,290,17,42,28094.0,36456.0,29237.0,30562.604
2018-10-17 16:00:00,,16,2,4,10,2018,290,17,42,28331.0,36944.0,29263.0,30787.777
2018-10-17 17:00:00,,17,2,4,10,2018,290,17,42,28811.0,37245.0,29497.0,30869.965
2018-10-17 18:00:00,,18,2,4,10,2018,290,17,42,29225.0,36876.0,29764.0,30869.965
2018-10-17 19:00:00,,19,2,4,10,2018,290,17,42,30150.0,36767.0,30741.0,31834.965
2018-10-17 20:00:00,,20,2,4,10,2018,290,17,42,30538.0,36599.0,31212.0,31887.842
2018-10-17 21:00:00,,21,2,4,10,2018,290,17,42,29585.0,35081.0,30237.0,30828.076
2018-10-17 22:00:00,,22,2,4,10,2018,290,17,42,27989.0,32652.0,28527.0,29247.154
2018-10-17 23:00:00,,23,2,4,10,2018,290,17,42,25725.0,29851.0,26167.0,26909.945
2018-10-18 00:00:00,,0,3,4,10,2018,291,18,42,23685.0,27314.0,23954.0,24834.4
2018-10-18 01:00:00,,1,3,4,10,2018,291,18,42,22323.0,24877.0,22332.0,22914.393
2018-10-18 02:00:00,,2,3,4,10,2018,291,18,42,21413.0,23505.0,21482.0,21998.652
2018-10-18 03:00:00,,3,3,4,10,2018,291,18,42,21060.0,22671.0,21047.0,21945.576
2018-10-18 04:00:00,,4,3,4,10,2018,291,18,42,21046.0,22280.0,20994.0,21928.686
2018-10-18 05:00:00,,5,3,4,10,2018,291,18,42,21590.0,22547.0,21571.0,21959.191
2018-10-18 06:00:00,,6,3,4,10,2018,291,18,42,23588.0,24193.0,23484.0,23618.926
2018-10-18 07:00:00,,7,3,4,10,2018,291,18,42,26858.0,27313.0,27062.0,26749.822
2018-10-18 08:00:00,,8,3,4,10,2018,291,18,42,28567.0,29099.0,28872.0,28045.713
2018-10-18 09:00:00,,9,3,4,10,2018,291,18,42,28578.0,29592.0,28966.0,28243.5
2018-10-18 10:00:00,,10,3,4,10,2018,291,18,42,28262.0,30172.0,28882.0,28517.408
2018-10-18 11:00:00,,11,3,4,10,2018,291,18,42,28151.0,31027.0,28956.0,28690.71
2018-10-18 12:00:00,,12,3,4,10,2018,291,18,42,27942.0,31643.0,29129.0,28965.703
2018-10-18 13:00:00,,13,3,4,10,2018,291,18,42,27864.0,32312.0,29189.0,29148.596
2018-10-18 14:00:00,,14,3,4,10,2018,291,18,42,28030.0,33136.0,29469.0,29816.344
2018-10-18 15:00:00,,15,3,4,10,2018,291,18,42,28192.0,33593.0,29522.0,30249.625
2018-10-18 16:00:00,,16,3,4,10,2018,291,18,42,28463.0,33762.0,29548.0,30474.799
2018-10-18 17:00:00,,17,3,4,10,2018,291,18,42,28876.0,33898.0,29602.0,30497.475
2018-10-18 18:00:00,,18,3,4,10,2018,291,18,42,29242.0,33918.0,29897.0,30541.406
2018-10-18 19:00:00,,19,3,4,10,2018,291,18,42,30052.0,34516.0,31108.0,31496.615
2018-10-18 20:00:00,,20,3,4,10,2018,291,18,42,30438.0,34469.0,31317.0,31547.773
2018-10-18 21:00:00,,21,3,4,10,2018,291,18,42,29539.0,33382.0,30357.0,30421.14
2018-10-18 22:00:00,,22,3,4,10,2018,291,18,42,27962.0,31469.0,28726.0,28749.885
2018-10-18 23:00:00,,23,3,4,10,2018,291,18,42,25731.0,28988.0,26300.0,26856.434
2018-10-19 00:00:00,,0,4,4,10,2018,292,19,42,23737.0,26567.0,24070.0,24675.373
2018-10-19 01:00:00,,1,4,4,10,2018,292,19,42,22287.0,24798.0,22414.0,22821.96
2018-10-19 02:00:00,,2,4,4,10,2018,292,19,42,21364.0,23586.0,21434.0,22196.902
2018-10-19 03:00:00,,3,4,4,10,2018,292,19,42,20905.0,22973.0,20875.0,21993.13
2018-10-19 04:00:00,,4,4,4,10,2018,292,19,42,20813.0,22647.0,20664.0,21964.564
2018-10-19 05:00:00,,5,4,4,10,2018,292,19,42,21311.0,23013.0,21177.0,21993.13
2018-10-19 06:00:00,,6,4,4,10,2018,292,19,42,23052.0,24660.0,22902.0,23116.691
2018-10-19 07:00:00,,7,4,4,10,2018,292,19,42,26108.0,27339.0,26195.0,26476.26
2018-10-19 08:00:00,,8,4,4,10,2018,292,19,42,27747.0,29389.0,28044.0,27821.764
2018-10-19 09:00:00,,9,4,4,10,2018,292,19,42,28050.0,30543.0,28286.0,28439.848
2018-10-19 10:00:00,,10,4,4,10,2018,292,19,42,28060.0,31313.0,28320.0,28711.729
2018-10-19 11:00:00,,11,4,4,10,2018,292,19,42,28193.0,31676.0,28314.0,28937.79
2018-10-19 12:00:00,,12,4,4,10,2018,292,19,42,28154.0,32221.0,28202.0,29157.418
2018-10-19 13:00:00,,13,4,4,10,2018,292,19,42,28005.0,32691.0,28017.0,29133.766
2018-10-19 14:00:00,,14,4,4,10,2018,292,19,42,28203.0,32975.0,27980.0,29525.637
2018-10-19 15:00:00,,15,4,4,10,2018,292,19,42,28270.0,32746.0,27818.0,29157.203
2018-10-19 16:00:00,,16,4,4,10,2018,292,19,42,28441.0,32657.0,27763.0,29382.377
2018-10-19 17:00:00,,17,4,4,10,2018,292,19,42,28712.0,32454.0,27902.0,29430.236
2018-10-19 18:00:00,,18,4,4,10,2018,292,19,42,28897.0,32185.0,28172.0,29677.115
2018-10-19 19:00:00,,19,4,4,10,2018,292,19,42,29220.0,32173.0,29103.0,29736.521
2018-10-19 20:00:00,,20,4,4,10,2018,292,19,42,29149.0,31526.0,29232.0,29399.645
2018-10-19 21:00:00,,21,4,4,10,2018,292,19,42,28160.0,30133.0,28496.0,28808.883
2018-10-19 22:00:00,,22,4,4,10,2018,292,19,42,26854.0,28668.0,27451.0,27495.406
2018-10-19 23:00:00,,23,4,4,10,2018,292,19,42,25115.0,26369.0,25798.0,26172.34
2018-10-20 00:00:00,,0,5,4,10,2018,293,20,42,23384.0,23984.0,24020.0,23495.41
2018-10-20 01:00:00,,1,5,4,10,2018,293,20,42,21889.0,22547.0,22595.0,22401.445
2018-10-20 02:00:00,,2,5,4,10,2018,293,20,42,20892.0,21332.0,21703.0,21750.154
2018-10-20 03:00:00,,3,5,4,10,2018,293,20,42,20397.0,20657.0,21303.0,21603.016
2018-10-20 04:00:00,,4,5,4,10,2018,293,20,42,20183.0,20264.0,21107.0,21603.016
2018-10-20 05:00:00,,5,5,4,10,2018,293,20,42,20306.0,20214.0,21351.0,21603.016
2018-10-20 06:00:00,,6,5,4,10,2018,293,20,42,20995.0,20691.0,22146.0,21826.223
2018-10-20 07:00:00,,7,5,4,10,2018,293,20,42,22216.0,21788.0,23582.0,22683.941
2018-10-20 08:00:00,,8,5,4,10,2018,293,20,42,23283.0,23140.0,24903.0,23450.717
2018-10-20 09:00:00,,9,5,4,10,2018,293,20,42,24352.0,24490.0,26087.0,24928.531
2018-10-20 10:00:00,,10,5,4,10,2018,293,20,42,24879.0,25740.0,26662.0,25584.863
2018-10-20 11:00:00,,11,5,4,10,2018,293,20,42,25079.0,26266.0,26644.0,25847.771
2018-10-20 12:00:00,,12,5,4,10,2018,293,20,42,25032.0,26217.0,26258.0,25851.104
2018-10-20 13:00:00,,13,5,4,10,2018,293,20,42,25030.0,25880.0,25809.0,25783.46
2018-10-20 14:00:00,,14,5,4,10,2018,293,20,42,25064.0,25492.0,25379.0,25603.488
2018-10-20 15:00:00,,15,5,4,10,2018,293,20,42,25256.0,25174.0,25118.0,25268.729
2018-10-20 16:00:00,,16,5,4,10,2018,293,20,42,25587.0,25071.0,25033.0,25437.39
2018-10-20 17:00:00,,17,5,4,10,2018,293,20,42,25991.0,25249.0,25351.0,25697.39
2018-10-20 18:00:00,,18,5,4,10,2018,293,20,42,26251.0,25828.0,26128.0,26313.219
2018-10-20 19:00:00,,19,5,4,10,2018,293,20,42,27225.0,27192.0,27600.0,27154.03
2018-10-20 20:00:00,,20,5,4,10,2018,293,20,42,27356.0,27662.0,27728.0,27287.35
2018-10-20 21:00:00,,21,5,4,10,2018,293,20,42,26578.0,27145.0,27131.0,26841.928
2018-10-20 22:00:00,,22,5,4,10,2018,293,20,42,25555.0,26298.0,26225.0,25973.195
2018-10-20 23:00:00,,23,5,4,10,2018,293,20,42,24126.0,25058.0,24843.0,24616.197
2018-10-21 00:00:00,,0,6,4,10,2018,294,21,42,22593.0,23572.0,23342.0,23195.695
2018-10-21 01:00:00,,1,6,4,10,2018,294,21,42,21220.0,22239.0,21935.0,22158.025
2018-10-21 02:00:00,,2,6,4,10,2018,294,21,42,20324.0,21319.0,21015.0,21664.453
2018-10-21 03:00:00,,3,6,4,10,2018,294,21,42,19794.0,20777.0,20498.0,21603.016
2018-10-21 04:00:00,,4,6,4,10,2018,294,21,42,19530.0,20519.0,20145.0,21603.016
2018-10-21 05:00:00,,5,6,4,10,2018,294,21,42,19549.0,20562.0,20133.0,21603.016
2018-10-21 06:00:00,,6,6,4,10,2018,294,21,42,19953.0,21029.0,20544.0,21606.963
2018-10-21 07:00:00,,7,6,4,10,2018,294,21,42,20837.0,21979.0,21414.0,22131.281
2018-10-21 08:00:00,,8,6,4,10,2018,294,21,42,21655.0,22813.0,22506.0,22738.508
2018-10-21 09:00:00,,9,6,4,10,2018,294,21,42,22662.0,23838.0,23747.0,23520.867
2018-10-21 10:00:00,,10,6,4,10,2018,294,21,42,23375.0,24325.0,24889.0,24037.355
2018-10-21 11:00:00,,11,6,4,10,2018,294,21,42,23747.0,24364.0,25473.0,24776.205
2018-10-21 12:00:00,,12,6,4,10,2018,294,21,42,23975.0,24434.0,25609.0,24978.209
2018-10-21 13:00:00,,13,6,4,10,2018,294,21,42,24266.0,24400.0,25568.0,25003.701
2018-10-21 14:00:00,,14,6,4,10,2018,294,21,42,24525.0,24325.0,25274.0,25118.273
2018-10-21 15:00:00,,15,6,4,10,2018,294,21,42,24810.0,24111.0,25081.0,25079.322
2018-10-21 16:00:00,,16,6,4,10,2018,294,21,42,25316.0,24146.0,25038.0,25295.64
2018-10-21 17:00:00,,17,6,4,10,2018,294,21,42,26080.0,24735.0,25443.0,25741.266
2018-10-21 18:00:00,,18,6,4,10,2018,294,21,42,26787.0,25577.0,26138.0,26331.33
2018-10-21 19:00:00,,19,6,4,10,2018,294,21,42,28108.0,27341.0,27929.0,27530.45
2018-10-21 20:00:00,,20,6,4,10,2018,294,21,42,28471.0,28063.0,28487.0,27891.781
2018-10-21 21:00:00,,21,6,4,10,2018,294,21,42,27648.0,27494.0,27868.0,27293.156
2018-10-21 22:00:00,,22,6,4,10,2018,294,21,42,26142.0,26097.0,26479.0,26193.059
2018-10-21 23:00:00,,23,6,4,10,2018,294,21,42,24336.0,24392.0,24851.0,24474.447
2018-10-22 00:00:00,,0,0,4,10,2018,295,22,43,22646.0,22700.0,23171.0,22730.092
2018-10-22 01:00:00,,1,0,4,10,2018,295,22,43,21434.0,21433.0,21842.0,22070.219
2018-10-22 02:00:00,,2,0,4,10,2018,295,22,43,20713.0,20715.0,21144.0,21729.111
2018-10-22 03:00:00,,3,0,4,10,2018,295,22,43,20333.0,20404.0,20925.0,21729.111
2018-10-22 04:00:00,,4,0,4,10,2018,295,22,43,20259.0,20380.0,21035.0,21729.111
2018-10-22 05:00:00,,5,0,4,10,2018,295,22,43,20928.0,20964.0,21824.0,21901.855
2018-10-22 06:00:00,,6,0,4,10,2018,295,22,43,22877.0,22929.0,23970.0,23136.008
2018-10-22 07:00:00,,7,0,4,10,2018,295,22,43,26118.0,26197.0,27731.0,26486.979
2018-10-22 08:00:00,,8,0,4,10,2018,295,22,43,28165.0,28152.0,30003.0,28052.5
2018-10-22 09:00:00,,9,0,4,10,2018,295,22,43,28626.0,28208.0,30149.0,28262.615
2018-10-22 10:00:00,,10,0,4,10,2018,295,22,43,29051.0,28078.0,29933.0,28246.316
2018-10-22 11:00:00,,11,0,4,10,2018,295,22,43,29637.0,28103.0,29655.0,28543.502
2018-10-22 12:00:00,,12,0,4,10,2018,295,22,43,30030.0,28172.0,29277.0,28689.27
2018-10-22 13:00:00,,13,0,4,10,2018,295,22,43,30263.0,28181.0,28831.0,28738.057
2018-10-22 14:00:00,,14,0,4,10,2018,295,22,43,30508.0,28000.0,28552.0,28810.611
2018-10-22 15:00:00,,15,0,4,10,2018,295,22,43,30684.0,27893.0,28262.0,28845.316
2018-10-22 16:00:00,,16,0,4,10,2018,295,22,43,30650.0,27812.0,28207.0,28838.936
2018-10-22 17:00:00,,17,0,4,10,2018,295,22,43,30817.0,28145.0,28520.0,29014.697
2018-10-22 18:00:00,,18,0,4,10,2018,295,22,43,31230.0,28777.0,29354.0,29473.629
2018-10-22 19:00:00,,19,0,4,10,2018,295,22,43,32473.0,30253.0,31147.0,31092.727
2018-10-22 20:00:00,,20,0,4,10,2018,295,22,43,32472.0,30648.0,31685.0,31243.373
2018-10-22 21:00:00,,21,0,4,10,2018,295,22,43,31516.0,29808.0,30928.0,30329.207
2018-10-22 22:00:00,,22,0,4,10,2018,295,22,43,29852.0,28214.0,29483.0,28736.416
2018-10-22 23:00:00,,23,0,4,10,2018,295,22,43,27676.0,25954.0,27365.0,26744.45
2018-10-23 00:00:00,,0,1,4,10,2018,296,23,43,25581.0,23894.0,25324.0,24753.303
2018-10-23 01:00:00,,1,1,4,10,2018,296,23,43,23992.0,22477.0,23955.0,23374.297
2018-10-23 02:00:00,,2,1,4,10,2018,296,23,43,23000.0,21712.0,23233.0,22378.434
2018-10-23 03:00:00,,3,1,4,10,2018,296,23,43,22491.0,21343.0,22982.0,22196.566
2018-10-23 04:00:00,,4,1,4,10,2018,296,23,43,22397.0,21372.0,23039.0,22196.566
2018-10-23 05:00:00,,5,1,4,10,2018,296,23,43,22793.0,22065.0,23755.0,22803.844
2018-10-23 06:00:00,,6,1,4,10,2018,296,23,43,24536.0,24024.0,25878.0,24605.035
2018-10-23 07:00:00,,7,1,4,10,2018,296,23,43,27812.0,27507.0,29623.0,27478.71
2018-10-23 08:00:00,,8,1,4,10,2018,296,23,43,29901.0,29394.0,31707.0,29738.195
2018-10-23 09:00:00,,9,1,4,10,2018,296,23,43,30381.0,29258.0,31373.0,29621.928
2018-10-23 10:00:00,,10,1,4,10,2018,296,23,43,30733.0,28842.0,30864.0,29740.594
2018-10-23 11:00:00,,11,1,4,10,2018,296,23,43,31091.0,28715.0,30510.0,29476.56
2018-10-23 12:00:00,,12,1,4,10,2018,296,23,43,31419.0,28743.0,30159.0,29447.607
2018-10-23 13:00:00,,13,1,4,10,2018,296,23,43,31526.0,28588.0,29859.0,29173.928
2018-10-23 14:00:00,,14,1,4,10,2018,296,23,43,31556.0,28404.0,29756.0,29183.344
2018-10-23 15:00:00,,15,1,4,10,2018,296,23,43,31447.0,28095.0,29491.0,29204.842
2018-10-23 16:00:00,,16,1,4,10,2018,296,23,43,31437.0,28018.0,29506.0,29270.855
2018-10-23 17:00:00,,17,1,4,10,2018,296,23,43,31578.0,28435.0,29744.0,29330.29
2018-10-23 18:00:00,,18,1,4,10,2018,296,23,43,31715.0,29244.0,30477.0,29828.207
2018-10-23 19:00:00,,19,1,4,10,2018,296,23,43,32378.0,30993.0,32067.0,31326.66
2018-10-23 20:00:00,,20,1,4,10,2018,296,23,43,32384.0,31423.0,32149.0,31504.56
2018-10-23 21:00:00,,21,1,4,10,2018,296,23,43,31231.0,30774.0,31246.0,30620.686
2018-10-23 22:00:00,,22,1,4,10,2018,296,23,43,29410.0,29401.0,29626.0,28584.832
2018-10-23 23:00:00,,23,1,4,10,2018,296,23,43,26989.0,27229.0,27243.0,27019.38
2018-10-24 00:00:00,,0,2,4,10,2018,297,24,43,24719.0,25257.0,25047.0,24841.545
2018-10-24 01:00:00,,1,2,4,10,2018,297,24,43,23051.0,23870.0,23546.0,23281.36
2018-10-24 02:00:00,,2,2,4,10,2018,297,24,43,21946.0,23180.0,22613.0,22384.314
2018-10-24 03:00:00,,3,2,4,10,2018,297,24,43,21369.0,23007.0,22119.0,22193.406
2018-10-24 04:00:00,,4,2,4,10,2018,297,24,43,21106.0,23095.0,22000.0,22157.781
2018-10-24 05:00:00,,5,2,4,10,2018,297,24,43,21463.0,23948.0,22550.0,22618.607
2018-10-24 06:00:00,,6,2,4,10,2018,297,24,43,23152.0,26195.0,24395.0,24230.77
2018-10-24 07:00:00,,7,2,4,10,2018,297,24,43,26246.0,29879.0,27830.0,27180.572
2018-10-24 08:00:00,,8,2,4,10,2018,297,24,43,28095.0,31792.0,30014.0,29156.309
2018-10-24 09:00:00,,9,2,4,10,2018,297,24,43,28103.0,31363.0,30363.0,28989.307
2018-10-24 10:00:00,,10,2,4,10,2018,297,24,43,28090.0,30395.0,30684.0,29079.11
2018-10-24 11:00:00,,11,2,4,10,2018,297,24,43,27989.0,29673.0,31074.0,29040.896
2018-10-24 12:00:00,,12,2,4,10,2018,297,24,43,28082.0,29071.0,31209.0,28948.205
2018-10-24 13:00:00,,13,2,4,10,2018,297,24,43,27953.0,28592.0,31124.0,28741.078
2018-10-24 14:00:00,,14,2,4,10,2018,297,24,43,28097.0,28375.0,31098.0,28836.016
2018-10-24 15:00:00,,15,2,4,10,2018,297,24,43,28295.0,28092.0,30841.0,28882.406
2018-10-24 16:00:00,,16,2,4,10,2018,297,24,43,28385.0,28077.0,30828.0,28948.42
2018-10-24 17:00:00,,17,2,4,10,2018,297,24,43,28597.0,28710.0,31164.0,29281.354
2018-10-24 18:00:00,,18,2,4,10,2018,297,24,43,28971.0,29851.0,31884.0,29744.125
2018-10-24 19:00:00,,19,2,4,10,2018,297,24,43,30079.0,31689.0,32796.0,31086.203
2018-10-24 20:00:00,,20,2,4,10,2018,297,24,43,30267.0,31907.0,32451.0,31233.982
2018-10-24 21:00:00,,21,2,4,10,2018,297,24,43,29367.0,31178.0,31385.0,30202.297
2018-10-24 22:00:00,,22,2,4,10,2018,297,24,43,27907.0,29658.0,29691.0,28375.246
2018-10-24 23:00:00,,23,2,4,10,2018,297,24,43,25685.0,27297.0,27317.0,26620.238
2018-10-25 00:00:00,,0,3,4,10,2018,298,25,43,23677.0,25197.0,25148.0,24383.635
2018-10-25 01:00:00,,1,3,4,10,2018,298,25,43,22353.0,23757.0,23446.0,23170.96
2018-10-25 02:00:00,,2,3,4,10,2018,298,25,43,21479.0,22969.0,22440.0,22207.896
2018-10-25 03:00:00,,3,3,4,10,2018,298,25,43,21083.0,22552.0,21824.0,22118.32
2018-10-25 04:00:00,,4,3,4,10,2018,298,25,43,21048.0,22545.0,21526.0,21959.191
2018-10-25 05:00:00,,5,3,4,10,2018,298,25,43,21577.0,23158.0,21923.0,22157.781
2018-10-25 06:00:00,,6,3,4,10,2018,298,25,43,23502.0,25122.0,23694.0,23664.832
2018-10-25 07:00:00,,7,3,4,10,2018,298,25,43,26818.0,28536.0,27047.0,26919.795
2018-10-25 08:00:00,,8,3,4,10,2018,298,25,43,28821.0,30652.0,29232.0,28556.162
2018-10-25 09:00:00,,9,3,4,10,2018,298,25,43,28828.0,30822.0,29371.0,28743.111
2018-10-25 10:00:00,,10,3,4,10,2018,298,25,43,28734.0,30985.0,29662.0,28883.582
2018-10-25 11:00:00,,11,3,4,10,2018,298,25,43,28618.0,31168.0,29946.0,29240.951
2018-10-25 12:00:00,,12,3,4,10,2018,298,25,43,28423.0,31050.0,29973.0,29034.78
2018-10-25 13:00:00,,13,3,4,10,2018,298,25,43,28299.0,30924.0,29818.0,28934.002
2018-10-25 14:00:00,,14,3,4,10,2018,298,25,43,28337.0,30908.0,29495.0,28987.354
2018-10-25 15:00:00,,15,3,4,10,2018,298,25,43,28134.0,30710.0,29203.0,28816.09
2018-10-25 16:00:00,,16,3,4,10,2018,298,25,43,27988.0,30717.0,29034.0,28882.104
2018-10-25 17:00:00,,17,3,4,10,2018,298,25,43,28307.0,31141.0,29021.0,29271.111
2018-10-25 18:00:00,,18,3,4,10,2018,298,25,43,28921.0,31758.0,29437.0,29574.967
2018-10-25 19:00:00,,19,3,4,10,2018,298,25,43,30328.0,32356.0,30662.0,30740.373
2018-10-25 20:00:00,,20,3,4,10,2018,298,25,43,30607.0,31967.0,30896.0,31068.885
2018-10-25 21:00:00,,21,3,4,10,2018,298,25,43,29994.0,31091.0,30126.0,29947.559
2018-10-25 22:00:00,,22,3,4,10,2018,298,25,43,28635.0,29444.0,28592.0,28356.945
2018-10-25 23:00:00,,23,3,4,10,2018,298,25,43,26612.0,27139.0,26349.0,26620.893
2018-10-26 00:00:00,,0,4,4,10,2018,299,26,43,24928.0,24968.0,24223.0,24528.236
2018-10-26 01:00:00,,1,4,4,10,2018,299,26,43,23333.0,23321.0,22676.0,22673.023
2018-10-26 02:00:00,,2,4,4,10,2018,299,26,43,22532.0,22441.0,21782.0,22123.896
2018-10-26 03:00:00,,3,4,4,10,2018,299,26,43,22161.0,22011.0,21351.0,21847.244
2018-10-26 04:00:00,,4,4,4,10,2018,299,26,43,22232.0,21969.0,21320.0,21847.244
2018-10-26 05:00:00,,5,4,4,10,2018,299,26,43,22906.0,22574.0,21909.0,22211.764
2018-10-26 06:00:00,,6,4,4,10,2018,299,26,43,24881.0,24498.0,23647.0,24132.195
2018-10-26 07:00:00,,7,4,4,10,2018,299,26,43,28313.0,27905.0,27313.0,27264.998
2018-10-26 08:00:00,,8,4,4,10,2018,299,26,43,30169.0,29776.0,29464.0,28878.934
2018-10-26 09:00:00,,9,4,4,10,2018,299,26,43,30045.0,29729.0,29480.0,28950.4
2018-10-26 10:00:00,,10,4,4,10,2018,299,26,43,29240.0,29456.0,29115.0,28417.299
2018-10-26 11:00:00,,11,4,4,10,2018,299,26,43,28579.0,29374.0,28945.0,28306.32
2018-10-26 12:00:00,,12,4,4,10,2018,299,26,43,28003.0,29067.0,28646.0,28221.727
2018-10-26 13:00:00,,13,4,4,10,2018,299,26,43,27539.0,28506.0,28345.0,27912.945
2018-10-26 14:00:00,,14,4,4,10,2018,299,26,43,27350.0,28207.0,28064.0,27806.059
2018-10-26 15:00:00,,15,4,4,10,2018,299,26,43,27234.0,27784.0,27821.0,27642.207
2018-10-26 16:00:00,,16,4,4,10,2018,299,26,43,27311.0,27671.0,27745.0,27670.955
2018-10-26 17:00:00,,17,4,4,10,2018,299,26,43,27636.0,28058.0,28000.0,27959.43
2018-10-26 18:00:00,,18,4,4,10,2018,299,26,43,28122.0,28757.0,28609.0,28471.162
2018-10-26 19:00:00,,19,4,4,10,2018,299,26,43,29099.0,30142.0,29951.0,29289.758
2018-10-26 20:00:00,,20,4,4,10,2018,299,26,43,29047.0,30252.0,29956.0,29289.758
2018-10-26 21:00:00,,21,4,4,10,2018,299,26,43,28316.0,29665.0,29334.0,28705.727
2018-10-26 22:00:00,,22,4,4,10,2018,299,26,43,27246.0,28667.0,28307.0,27985.582
2018-10-26 23:00:00,,23,4,4,10,2018,299,26,43,25616.0,27157.0,26766.0,26505.104
2018-10-27 00:00:00,,0,5,4,10,2018,300,27,43,23912.0,25501.0,25075.0,24537.855
2018-10-27 01:00:00,,1,5,4,10,2018,300,27,43,22494.0,24091.0,23619.0,23294.623
2018-10-27 02:00:00,,2,5,4,10,2018,300,27,43,21609.0,23230.0,22841.0,22317.74
2018-10-27 03:00:00,,3,5,4,10,2018,300,27,43,21137.0,22827.0,22429.0,22141.322
2018-10-27 04:00:00,,4,5,4,10,2018,300,27,43,20953.0,22738.0,22352.0,22098.262
2018-10-27 05:00:00,,5,5,4,10,2018,300,27,43,21091.0,22915.0,22596.0,22306.846
2018-10-27 06:00:00,,6,5,4,10,2018,300,27,43,21794.0,23723.0,23431.0,22962.836
2018-10-27 07:00:00,,7,5,4,10,2018,300,27,43,23036.0,25108.0,24870.0,23708.986
2018-10-27 08:00:00,,8,5,4,10,2018,300,27,43,24184.0,26403.0,26319.0,25393.346
2018-10-27 09:00:00,,9,5,4,10,2018,300,27,43,25157.0,27195.0,27385.0,26072.113
2018-10-27 10:00:00,,10,5,4,10,2018,300,27,43,25449.0,27400.0,27518.0,26275.094
2018-10-27 11:00:00,,11,5,4,10,2018,300,27,43,25383.0,26870.0,27186.0,26260.447
2018-10-27 12:00:00,,12,5,4,10,2018,300,27,43,25098.0,26179.0,26577.0,25917.506
2018-10-27 13:00:00,,13,5,4,10,2018,300,27,43,24765.0,25519.0,25994.0,25628.246
2018-10-27 14:00:00,,14,5,4,10,2018,300,27,43,24487.0,24952.0,25611.0,25453.797
2018-10-27 15:00:00,,15,5,4,10,2018,300,27,43,24427.0,24793.0,25393.0,25309.13
2018-10-27 16:00:00,,16,5,4,10,2018,300,27,43,24605.0,24860.0,25411.0,25501.059
2018-10-27 17:00:00,,17,5,4,10,2018,300,27,43,25081.0,25324.0,25819.0,25827.438
2018-10-27 18:00:00,,18,5,4,10,2018,300,27,43,25777.0,26009.0,26462.0,26325.559
2018-10-27 19:00:00,,19,5,4,10,2018,300,27,43,27146.0,27478.0,27598.0,27192.885
2018-10-27 20:00:00,,20,5,4,10,2018,300,27,43,27197.0,27586.0,27411.0,27184.518
2018-10-27 21:00:00,,21,5,4,10,2018,300,27,43,26624.0,26928.0,27088.0,26799.137
2018-10-27 22:00:00,,22,5,4,10,2018,300,27,43,25665.0,25975.0,26467.0,25954.707
2018-10-27 23:00:00,,23,5,4,10,2018,300,27,43,24320.0,24609.0,25291.0,24878.97
2018-10-28 00:00:00,,0,6,4,10,2018,301,28,43,22939.0,23094.0,23935.0,23207.867
2018-10-28 01:00:00,,1,6,4,10,2018,301,28,43,21644.0,21716.0,22614.0,22211.328
2018-10-28 02:00:00,,2,6,4,10,2018,301,28,43,20772.0,20774.0,21171.0,21603.016
2018-10-28 03:00:00,,3,6,4,10,2018,301,28,43,20317.0,20232.0,20861.0,21603.016
2018-10-28 04:00:00,,4,6,4,10,2018,301,28,43,20024.0,19900.0,20624.0,21603.016
2018-10-28 05:00:00,,5,6,4,10,2018,301,28,43,19953.0,19872.0,21047.0,21603.016
2018-10-28 06:00:00,,6,6,4,10,2018,301,28,43,20308.0,20175.0,21382.0,21606.963
2018-10-28 07:00:00,,7,6,4,10,2018,301,28,43,21067.0,20952.0,22196.0,22122.469
2018-10-28 08:00:00,,8,6,4,10,2018,301,28,43,22135.0,21796.0,23177.0,22667.02
2018-10-28 09:00:00,,9,6,4,10,2018,301,28,43,23414.0,22817.0,24507.0,23589.312
2018-10-28 10:00:00,,10,6,4,10,2018,301,28,43,24748.0,23826.0,25395.0,24778.438
2018-10-28 11:00:00,,11,6,4,10,2018,301,28,43,25726.0,24409.0,25736.0,25354.041
2018-10-28 12:00:00,,12,6,4,10,2018,301,28,43,26407.0,24871.0,25642.0,25645.518
2018-10-28 13:00:00,,13,6,4,10,2018,301,28,43,26771.0,25186.0,25532.0,25737.354
2018-10-28 14:00:00,,14,6,4,10,2018,301,28,43,26862.0,25484.0,25256.0,25886.654
2018-10-28 15:00:00,,15,6,4,10,2018,301,28,43,26888.0,25783.0,25225.0,26037.695
2018-10-28 16:00:00,,16,6,4,10,2018,301,28,43,27005.0,26206.0,25543.0,26589.32
2018-10-28 17:00:00,,17,6,4,10,2018,301,28,43,27531.0,26974.0,26276.0,26928.002
2018-10-28 18:00:00,,18,6,4,10,2018,301,28,43,28374.0,27911.0,28575.0,27868.23
2018-10-28 19:00:00,,19,6,4,10,2018,301,28,43,29131.0,29182.0,28905.0,28277.682
2018-10-28 20:00:00,,20,6,4,10,2018,301,28,43,28846.0,29025.0,28470.0,28246.217
2018-10-28 21:00:00,,21,6,4,10,2018,301,28,43,28050.0,28254.0,27675.0,27540.918
2018-10-28 22:00:00,,22,6,4,10,2018,301,28,43,26650.0,26760.0,26317.0,26364.037
2018-10-28 23:00:00,,23,6,4,10,2018,301,28,43,24974.0,24964.0,24491.0,24772.8
2018-10-29 00:00:00,,0,0,4,10,2018,302,29,44,23269.0,23134.0,22831.0,22843.053
2018-10-29 01:00:00,,1,0,4,10,2018,302,29,44,21970.0,21680.0,21707.0,21983.18
2018-10-29 02:00:00,,2,0,4,10,2018,302,29,44,21229.0,20674.0,21080.0,21729.111
2018-10-29 03:00:00,,3,0,4,10,2018,302,29,44,20906.0,20240.0,20827.0,21729.111
2018-10-29 04:00:00,,4,0,4,10,2018,302,29,44,20950.0,20176.0,20923.0,21729.111
2018-10-29 05:00:00,,5,0,4,10,2018,302,29,44,21669.0,20757.0,21740.0,21814.812
2018-10-29 06:00:00,,6,0,4,10,2018,302,29,44,23590.0,22684.0,23849.0,23222.168
2018-10-29 07:00:00,,7,0,4,10,2018,302,29,44,26970.0,26083.0,27198.0,26580.486
2018-10-29 08:00:00,,8,0,4,10,2018,302,29,44,29183.0,28290.0,28756.0,27891.744
2018-10-29 09:00:00,,9,0,4,10,2018,302,29,44,29376.0,28430.0,29152.0,28061.594
2018-10-29 10:00:00,,10,0,4,10,2018,302,29,44,29333.0,28342.0,29398.0,28200.875
2018-10-29 11:00:00,,11,0,4,10,2018,302,29,44,29173.0,28192.0,29742.0,28257.885
2018-10-29 12:00:00,,12,0,4,10,2018,302,29,44,28558.0,27954.0,29651.0,28109.225
2018-10-29 13:00:00,,13,0,4,10,2018,302,29,44,28030.0,27670.0,29323.0,27879.285
2018-10-29 14:00:00,,14,0,4,10,2018,302,29,44,27863.0,27580.0,29233.0,27896.43
2018-10-29 15:00:00,,15,0,4,10,2018,302,29,44,27581.0,27461.0,29068.0,27921.967
2018-10-29 16:00:00,,16,0,4,10,2018,302,29,44,27639.0,27555.0,29069.0,27987.98
2018-10-29 17:00:00,,17,0,4,10,2018,302,29,44,28142.0,28014.0,29843.0,28389.938
2018-10-29 18:00:00,,18,0,4,10,2018,302,29,44,29202.0,28681.0,31916.0,29627.926
2018-10-29 19:00:00,,19,0,4,10,2018,302,29,44,30922.0,29780.0,32084.0,30486.275
2018-10-29 20:00:00,,20,0,4,10,2018,302,29,44,31193.0,29742.0,31405.0,30413.672
2018-10-29 21:00:00,,21,0,4,10,2018,302,29,44,30461.0,29576.0,30348.0,29607.145
2018-10-29 22:00:00,,22,0,4,10,2018,302,29,44,28928.0,28630.0,28597.0,28280.613
2018-10-29 23:00:00,,23,0,4,10,2018,302,29,44,26734.0,26686.0,26388.0,26547.482
2018-10-30 00:00:00,,0,1,4,10,2018,303,30,44,24796.0,24745.0,24443.0,24383.334
2018-10-30 01:00:00,,1,1,4,10,2018,303,30,44,23338.0,23452.0,23111.0,22704.766
2018-10-30 02:00:00,,2,1,4,10,2018,303,30,44,22505.0,22841.0,22476.0,22211.375
2018-10-30 03:00:00,,3,1,4,10,2018,303,30,44,22158.0,22583.0,22216.0,22164.836
2018-10-30 04:00:00,,4,1,4,10,2018,303,30,44,22096.0,22682.0,22349.0,22164.836
2018-10-30 05:00:00,,5,1,4,10,2018,303,30,44,22766.0,23473.0,23123.0,22438.52
2018-10-30 06:00:00,,6,1,4,10,2018,303,30,44,24739.0,25572.0,25372.0,25141.324
2018-10-30 07:00:00,,7,1,4,10,2018,303,30,44,28291.0,29159.0,28560.0,27884.775
2018-10-30 08:00:00,,8,1,4,10,2018,303,30,44,30196.0,31130.0,29631.0,29488.406
2018-10-30 09:00:00,,9,1,4,10,2018,303,30,44,29941.0,30869.0,29357.0,29289.475
2018-10-30 10:00:00,,10,1,4,10,2018,303,30,44,29471.0,30277.0,29036.0,28739.947
2018-10-30 11:00:00,,11,1,4,10,2018,303,30,44,29093.0,29776.0,29058.0,28485.93
2018-10-30 12:00:00,,12,1,4,10,2018,303,30,44,28473.0,29263.0,29043.0,28302.77
2018-10-30 13:00:00,,13,1,4,10,2018,303,30,44,27943.0,28903.0,28955.0,28255.076
2018-10-30 14:00:00,,14,1,4,10,2018,303,30,44,27722.0,28800.0,29158.0,28272.22
2018-10-30 15:00:00,,15,1,4,10,2018,303,30,44,27571.0,28626.0,29241.0,28297.754
2018-10-30 16:00:00,,16,1,4,10,2018,303,30,44,27636.0,28652.0,29487.0,28457.74
2018-10-30 17:00:00,,17,1,4,10,2018,303,30,44,28146.0,29096.0,29961.0,28724.754
2018-10-30 18:00:00,,18,1,4,10,2018,303,30,44,28821.0,30029.0,31798.0,29807.914
2018-10-30 19:00:00,,19,1,4,10,2018,303,30,44,29946.0,31574.0,31906.0,31014.86
2018-10-30 20:00:00,,20,1,4,10,2018,303,30,44,30022.0,31448.0,31179.0,30745.998
2018-10-30 21:00:00,,21,1,4,10,2018,303,30,44,29944.0,30556.0,30150.0,29828.986
2018-10-30 22:00:00,,22,1,4,10,2018,303,30,44,29101.0,28875.0,28311.0,28280.613
2018-10-30 23:00:00,,23,1,4,10,2018,303,30,44,27186.0,26581.0,25993.0,26686.506
2018-10-31 00:00:00,,0,2,4,10,2018,304,31,44,25443.0,24454.0,23980.0,24517.803
2018-10-31 01:00:00,,1,2,4,10,2018,304,31,44,24125.0,22988.0,22626.0,23019.793
2018-10-31 02:00:00,,2,2,4,10,2018,304,31,44,23420.0,22078.0,21960.0,22229.135
2018-10-31 03:00:00,,3,2,4,10,2018,304,31,44,23164.0,21671.0,21627.0,21955.037
2018-10-31 04:00:00,,4,2,4,10,2018,304,31,44,23231.0,21631.0,21654.0,21955.037
2018-10-31 05:00:00,,5,2,4,10,2018,304,31,44,23888.0,22275.0,22432.0,22406.527
2018-10-31 06:00:00,,6,2,4,10,2018,304,31,44,25883.0,24208.0,24599.0,24474.574
2018-10-31 07:00:00,,7,2,4,10,2018,304,31,44,29216.0,27635.0,27820.0,27330.025
2018-10-31 08:00:00,,8,2,4,10,2018,304,31,44,31164.0,29524.0,29060.0,28986.092
2018-10-31 09:00:00,,9,2,4,10,2018,304,31,44,31113.0,29306.0,29041.0,28981.312
2018-10-31 10:00:00,,10,2,4,10,2018,304,31,44,30877.0,28987.0,28994.0,29024.635
2018-10-31 11:00:00,,11,2,4,10,2018,304,31,44,30699.0,28732.0,29119.0,28996.426
2018-10-31 12:00:00,,12,2,4,10,2018,304,31,44,30412.0,28539.0,29202.0,28753.676
2018-10-31 13:00:00,,13,2,4,10,2018,304,31,44,30181.0,28409.0,29223.0,28751.006
2018-10-31 14:00:00,,14,2,4,10,2018,304,31,44,29933.0,28534.0,29515.0,28921.352
2018-10-31 15:00:00,,15,2,4,10,2018,304,31,44,29746.0,28693.0,29559.0,29185.426
2018-10-31 16:00:00,,16,2,4,10,2018,304,31,44,29667.0,28790.0,29759.0,29251.44
2018-10-31 17:00:00,,17,2,4,10,2018,304,31,44,30005.0,29195.0,30152.0,29492.059
2018-10-31 18:00:00,,18,2,4,10,2018,304,31,44,30814.0,29802.0,32006.0,30388.904
2018-10-31 19:00:00,,19,2,4,10,2018,304,31,44,32153.0,31221.0,32034.0,31337.486
2018-10-31 20:00:00,,20,2,4,10,2018,304,31,44,31918.0,31143.0,31231.0,31007.998
2018-10-31 21:00:00,,21,2,4,10,2018,304,31,44,30954.0,30142.0,30138.0,30027.305
2018-10-31 22:00:00,,22,2,4,10,2018,304,31,44,29259.0,28495.0,28304.0,28074.795
2018-10-31 23:00:00,,23,2,4,10,2018,304,31,44,27010.0,26174.0,26025.0,26561.31
2018-11-01 00:00:00,,0,3,4,11,2018,305,1,44,25032.0,24163.0,23931.0,24415.154
2018-11-01 01:00:00,,1,3,4,11,2018,305,1,44,23480.0,22627.0,22512.0,22449.047
2018-11-01 02:00:00,,2,3,4,11,2018,305,1,44,22545.0,21639.0,21736.0,21844.639
2018-11-01 03:00:00,,3,3,4,11,2018,305,1,44,22101.0,21054.0,21299.0,21729.111
2018-11-01 04:00:00,,4,3,4,11,2018,305,1,44,21972.0,20908.0,21232.0,21729.111
2018-11-01 05:00:00,,5,3,4,11,2018,305,1,44,22503.0,21464.0,21772.0,21844.639
2018-11-01 06:00:00,,6,3,4,11,2018,305,1,44,24346.0,23229.0,23716.0,23521.898
2018-11-01 07:00:00,,7,3,4,11,2018,305,1,44,27613.0,26509.0,26755.0,26703.111
2018-11-01 08:00:00,,8,3,4,11,2018,305,1,44,29640.0,28633.0,28343.0,28405.705
2018-11-01 09:00:00,,9,3,4,11,2018,305,1,44,29588.0,28855.0,29152.0,28299.398
2018-11-01 10:00:00,,10,3,4,11,2018,305,1,44,29356.0,29075.0,29601.0,28447.484
2018-11-01 11:00:00,,11,3,4,11,2018,305,1,44,29249.0,29503.0,29998.0,28776.459
2018-11-01 12:00:00,,12,3,4,11,2018,305,1,44,28946.0,29674.0,30182.0,28778.576
2018-11-01 13:00:00,,13,3,4,11,2018,305,1,44,28908.0,29748.0,30240.0,28847.719
2018-11-01 14:00:00,,14,3,4,11,2018,305,1,44,29284.0,29839.0,30369.0,28992.293
2018-11-01 15:00:00,,15,3,4,11,2018,305,1,44,29316.0,29581.0,30377.0,29050.549
2018-11-01 16:00:00,,16,3,4,11,2018,305,1,44,29485.0,29442.0,30360.0,29116.562
2018-11-01 17:00:00,,17,3,4,11,2018,305,1,44,29769.0,29644.0,30991.0,30137.307
2018-11-01 18:00:00,,18,3,4,11,2018,305,1,44,30271.0,30188.0,32679.0,30648.893
2018-11-01 19:00:00,,19,3,4,11,2018,305,1,44,31485.0,31408.0,32608.0,31209.39
2018-11-01 20:00:00,,20,3,4,11,2018,305,1,44,31333.0,31087.0,31818.0,30960.15
2018-11-01 21:00:00,,21,3,4,11,2018,305,1,44,30372.0,30013.0,30699.0,30092.559
2018-11-01 22:00:00,,22,3,4,11,2018,305,1,44,28743.0,28363.0,29017.0,28079.342
2018-11-01 23:00:00,,23,3,4,11,2018,305,1,44,26550.0,26071.0,26722.0,26394.89
2018-11-02 00:00:00,,0,4,4,11,2018,306,2,44,24452.0,23940.0,24614.0,24211.78
2018-11-02 01:00:00,,1,4,4,11,2018,306,2,44,22844.0,22359.0,23029.0,22530.8
2018-11-02 02:00:00,,2,4,4,11,2018,306,2,44,21899.0,21466.0,22129.0,21993.707
2018-11-02 03:00:00,,3,4,4,11,2018,306,2,44,21370.0,20989.0,21629.0,21833.8
2018-11-02 04:00:00,,4,4,4,11,2018,306,2,44,21228.0,20891.0,21538.0,21761.715
2018-11-02 05:00:00,,5,4,4,11,2018,306,2,44,21649.0,21387.0,22043.0,21947.191
2018-11-02 06:00:00,,6,4,4,11,2018,306,2,44,23309.0,23114.0,23874.0,23164.238
2018-11-02 07:00:00,,7,4,4,11,2018,306,2,44,26417.0,26378.0,26921.0,26426.6
2018-11-02 08:00:00,,8,4,4,11,2018,306,2,44,28409.0,28549.0,28670.0,27819.889
2018-11-02 09:00:00,,9,4,4,11,2018,306,2,44,28589.0,28677.0,29711.0,28239.893
2018-11-02 10:00:00,,10,4,4,11,2018,306,2,44,28617.0,28402.0,30186.0,28345.945
2018-11-02 11:00:00,,11,4,4,11,2018,306,2,44,28861.0,28233.0,30689.0,28943.404
2018-11-02 12:00:00,,12,4,4,11,2018,306,2,44,29149.0,27960.0,30855.0,28860.912
2018-11-02 13:00:00,,13,4,4,11,2018,306,2,44,29143.0,27585.0,30840.0,28633.932
2018-11-02 14:00:00,,14,4,4,11,2018,306,2,44,29596.0,27433.0,30837.0,29051.248
2018-11-02 15:00:00,,15,4,4,11,2018,306,2,44,29515.0,27285.0,30882.0,28916.21
2018-11-02 16:00:00,,16,4,4,11,2018,306,2,44,29467.0,27214.0,30860.0,28902.775
2018-11-02 17:00:00,,17,4,4,11,2018,306,2,44,29522.0,27548.0,31227.0,29014.445
2018-11-02 18:00:00,,18,4,4,11,2018,306,2,44,29845.0,28079.0,32817.0,30120.58
2018-11-02 19:00:00,,19,4,4,11,2018,306,2,44,30605.0,29386.0,32308.0,30407.63
2018-11-02 20:00:00,,20,4,4,11,2018,306,2,44,29930.0,29195.0,31294.0,30061.115
2018-11-02 21:00:00,,21,4,4,11,2018,306,2,44,28846.0,28583.0,30212.0,28716.102
2018-11-02 22:00:00,,22,4,4,11,2018,306,2,44,27437.0,27635.0,28695.0,27624.023
2018-11-02 23:00:00,,23,4,4,11,2018,306,2,44,25645.0,26121.0,26722.0,26248.338
2018-11-03 00:00:00,,0,5,4,11,2018,307,3,44,23811.0,24512.0,24664.0,23851.547
2018-11-03 01:00:00,,1,5,4,11,2018,307,3,44,22276.0,23104.0,23026.0,22482.74
2018-11-03 02:00:00,,2,5,4,11,2018,307,3,44,21281.0,22403.0,21907.0,22034.855
2018-11-03 03:00:00,,3,5,4,11,2018,307,3,44,20792.0,21997.0,21199.0,21761.682
2018-11-03 04:00:00,,4,5,4,11,2018,307,3,44,20606.0,21919.0,20775.0,21761.682
2018-11-03 05:00:00,,5,5,4,11,2018,307,3,44,20697.0,22152.0,20721.0,21862.111
2018-11-03 06:00:00,,6,5,4,11,2018,307,3,44,21488.0,23015.0,21204.0,21911.516
2018-11-03 07:00:00,,7,5,4,11,2018,307,3,44,22781.0,24415.0,22139.0,22845.957
2018-11-03 08:00:00,,8,5,4,11,2018,307,3,44,24266.0,25909.0,23329.0,24180.135
2018-11-03 09:00:00,,9,5,4,11,2018,307,3,44,25367.0,26900.0,24922.0,25319.48
2018-11-03 10:00:00,,10,5,4,11,2018,307,3,44,25944.0,26906.0,26079.0,26077.59
2018-11-03 11:00:00,,11,5,4,11,2018,307,3,44,25985.0,26504.0,26585.0,26167.24
2018-11-03 12:00:00,,12,5,4,11,2018,307,3,44,25589.0,25870.0,26693.0,25959.635
2018-11-03 13:00:00,,13,5,4,11,2018,307,3,44,25165.0,25322.0,26563.0,25638.348
2018-11-03 14:00:00,,14,5,4,11,2018,307,3,44,24769.0,24773.0,26208.0,25349.406
2018-11-03 15:00:00,,15,5,4,11,2018,307,3,44,24523.0,24499.0,25940.0,25386.139
2018-11-03 16:00:00,,16,5,4,11,2018,307,3,44,24647.0,24526.0,25915.0,25452.152
2018-11-03 17:00:00,,17,5,4,11,2018,307,3,44,25089.0,24944.0,26748.0,25786.62
2018-11-03 18:00:00,,18,5,4,11,2018,307,3,44,26093.0,25753.0,28297.0,26882.148
2018-11-03 19:00:00,,19,5,4,11,2018,307,3,44,27675.0,27431.0,28218.0,27611.297
2018-11-03 20:00:00,,20,5,4,11,2018,307,3,44,27644.0,27473.0,27626.0,27268.787
2018-11-03 21:00:00,,21,5,4,11,2018,307,3,44,27067.0,26953.0,26971.0,26995.328
2018-11-03 22:00:00,,22,5,4,11,2018,307,3,44,26203.0,26151.0,25954.0,26126.656
2018-11-03 23:00:00,,23,5,4,11,2018,307,3,44,24935.0,24957.0,24665.0,24808.164
2018-11-04 00:00:00,,0,6,4,11,2018,308,4,44,23493.0,23533.0,23205.0,22963.797
2018-11-04 01:00:00,,1,6,4,11,2018,308,4,44,22166.0,22259.0,21906.0,22158.025
2018-11-04 02:00:00,,2,6,4,11,2018,308,4,44,20666.0,21692.0,21041.0,21688.885
2018-11-04 03:00:00,,3,6,4,11,2018,308,4,44,20409.0,20609.0,20626.0,21603.016
2018-11-04 04:00:00,,4,6,4,11,2018,308,4,44,20240.0,20623.0,20428.0,21603.016
2018-11-04 05:00:00,,5,6,4,11,2018,308,4,44,20356.0,20805.0,20605.0,21603.016
2018-11-04 06:00:00,,6,6,4,11,2018,308,4,44,20947.0,21480.0,21228.0,21692.832
2018-11-04 07:00:00,,7,6,4,11,2018,308,4,44,21900.0,22468.0,22122.0,22363.28
2018-11-04 08:00:00,,8,6,4,11,2018,308,4,44,23046.0,23384.0,22992.0,22970.682
2018-11-04 09:00:00,,9,6,4,11,2018,308,4,44,24484.0,24201.0,23934.0,24294.875
2018-11-04 10:00:00,,10,6,4,11,2018,308,4,44,25413.0,24433.0,24425.0,24550.727
2018-11-04 11:00:00,,11,6,4,11,2018,308,4,44,25777.0,24294.0,24522.0,24771.58
2018-11-04 12:00:00,,12,6,4,11,2018,308,4,44,25998.0,24228.0,24468.0,24805.951
2018-11-04 13:00:00,,13,6,4,11,2018,308,4,44,26065.0,24282.0,24377.0,24929.121
2018-11-04 14:00:00,,14,6,4,11,2018,308,4,44,26015.0,24297.0,24278.0,24957.672
2018-11-04 15:00:00,,15,6,4,11,2018,308,4,44,26006.0,24344.0,24317.0,25015.928
2018-11-04 16:00:00,,16,6,4,11,2018,308,4,44,26275.0,24768.0,24796.0,25213.14
2018-11-04 17:00:00,,17,6,4,11,2018,308,4,44,27388.0,26031.0,25967.0,26604.117
2018-11-04 18:00:00,,18,6,4,11,2018,308,4,44,29081.0,28445.0,28878.0,28050.477
2018-11-04 19:00:00,,19,6,4,11,2018,308,4,44,29028.0,28846.0,29429.0,28343.818
2018-11-04 20:00:00,,20,6,4,11,2018,308,4,44,28363.0,28427.0,29146.0,27972.953
2018-11-04 21:00:00,,21,6,4,11,2018,308,4,44,27448.0,27712.0,28647.0,27516.79
2018-11-04 22:00:00,,22,6,4,11,2018,308,4,44,25983.0,26426.0,27377.0,26408.064
2018-11-04 23:00:00,,23,6,4,11,2018,308,4,44,24187.0,24805.0,25908.0,25072.74
2018-11-05 00:00:00,,0,0,4,11,2018,309,5,45,22597.0,23412.0,24377.0,23246.135
2018-11-05 01:00:00,,1,0,4,11,2018,309,5,45,21582.0,22496.0,23355.0,22893.725
2018-11-05 02:00:00,,2,0,4,11,2018,309,5,45,20966.0,22131.0,22794.0,22327.963
2018-11-05 03:00:00,,3,0,4,11,2018,309,5,45,20685.0,22090.0,22738.0,22327.963
2018-11-05 04:00:00,,4,0,4,11,2018,309,5,45,20728.0,22403.0,22982.0,22366.318
2018-11-05 05:00:00,,5,0,4,11,2018,309,5,45,21396.0,23471.0,24020.0,22911.62
2018-11-05 06:00:00,,6,0,4,11,2018,309,5,45,23400.0,25866.0,26352.0,24762.434
2018-11-05 07:00:00,,7,0,4,11,2018,309,5,45,26689.0,29240.0,29975.0,27624.43
2018-11-05 08:00:00,,8,0,4,11,2018,309,5,45,28456.0,30522.0,31237.0,29180.605
2018-11-05 09:00:00,,9,0,4,11,2018,309,5,45,29089.0,30062.0,30922.0,29466.56
2018-11-05 10:00:00,,10,0,4,11,2018,309,5,45,29429.0,29509.0,30373.0,28764.816
2018-11-05 11:00:00,,11,0,4,11,2018,309,5,45,29538.0,29088.0,30053.0,28763.275
2018-11-05 12:00:00,,12,0,4,11,2018,309,5,45,29381.0,28681.0,29737.0,28515.459
2018-11-05 13:00:00,,13,0,4,11,2018,309,5,45,29503.0,28390.0,29604.0,28352.812
2018-11-05 14:00:00,,14,0,4,11,2018,309,5,45,29628.0,28305.0,29577.0,28720.488
2018-11-05 15:00:00,,15,0,4,11,2018,309,5,45,29539.0,28273.0,29581.0,28537.994
2018-11-05 16:00:00,,16,0,4,11,2018,309,5,45,29546.0,28658.0,29811.0,28851.416
2018-11-05 17:00:00,,17,0,4,11,2018,309,5,45,30316.0,29712.0,31094.0,30155.871
2018-11-05 18:00:00,,18,0,4,11,2018,309,5,45,31998.0,32050.0,33099.0,31670.996
2018-11-05 19:00:00,,19,0,4,11,2018,309,5,45,31694.0,32346.0,32980.0,31517.99
2018-11-05 20:00:00,,20,0,4,11,2018,309,5,45,30823.0,31856.0,32258.0,31295.697
2018-11-05 21:00:00,,21,0,4,11,2018,309,5,45,29586.0,31001.0,31115.0,30056.389
2018-11-05 22:00:00,,22,0,4,11,2018,309,5,45,27858.0,29547.0,29321.0,28203.484
2018-11-05 23:00:00,,23,0,4,11,2018,309,5,45,25719.0,27488.0,26946.0,26582.795
2018-11-06 00:00:00,,0,1,4,11,2018,310,6,45,23943.0,25670.0,24782.0,24588.658
2018-11-06 01:00:00,,1,1,4,11,2018,310,6,45,22665.0,24491.0,23234.0,23078.316
2018-11-06 02:00:00,,2,1,4,11,2018,310,6,45,22016.0,23898.0,22354.0,22438.594
2018-11-06 03:00:00,,3,1,4,11,2018,310,6,45,21717.0,23745.0,21954.0,22392.078
2018-11-06 04:00:00,,4,1,4,11,2018,310,6,45,21891.0,23968.0,21892.0,22392.078
2018-11-06 05:00:00,,5,1,4,11,2018,310,6,45,22726.0,24884.0,22476.0,22786.867
2018-11-06 06:00:00,,6,1,4,11,2018,310,6,45,24908.0,27119.0,24462.0,25047.96
2018-11-06 07:00:00,,7,1,4,11,2018,310,6,45,28150.0,30098.0,27865.0,27953.69
2018-11-06 08:00:00,,8,1,4,11,2018,310,6,45,29478.0,30956.0,29636.0,28745.242
2018-11-06 09:00:00,,9,1,4,11,2018,310,6,45,29781.0,30356.0,29899.0,29328.322
2018-11-06 10:00:00,,10,1,4,11,2018,310,6,45,29966.0,29572.0,30183.0,29212.445
2018-11-06 11:00:00,,11,1,4,11,2018,310,6,45,30437.0,29029.0,30527.0,29527.518
2018-11-06 12:00:00,,12,1,4,11,2018,310,6,45,30858.0,28644.0,30482.0,29381.314
2018-11-06 13:00:00,,13,1,4,11,2018,310,6,45,30971.0,28348.0,30350.0,29267.848
2018-11-06 14:00:00,,14,1,4,11,2018,310,6,45,31252.0,28427.0,30334.0,29362.785
2018-11-06 15:00:00,,15,1,4,11,2018,310,6,45,31415.0,28483.0,30262.0,29464.125
2018-11-06 16:00:00,,16,1,4,11,2018,310,6,45,31820.0,28617.0,30311.0,29530.139
2018-11-06 17:00:00,,17,1,4,11,2018,310,6,45,33071.0,29514.0,31467.0,31341.209
2018-11-06 18:00:00,,18,1,4,11,2018,310,6,45,34490.0,31570.0,32877.0,32428.744
2018-11-06 19:00:00,,19,1,4,11,2018,310,6,45,34295.0,31528.0,32570.0,32130.791
2018-11-06 20:00:00,,20,1,4,11,2018,310,6,45,33646.0,30938.0,31814.0,31680.85
2018-11-06 21:00:00,,21,1,4,11,2018,310,6,45,32529.0,29981.0,30719.0,31005.691
2018-11-06 22:00:00,,22,1,4,11,2018,310,6,45,30742.0,28373.0,28881.0,28732.945
2018-11-06 23:00:00,,23,1,4,11,2018,310,6,45,28465.0,26325.0,26831.0,26901.188
2018-11-07 00:00:00,,0,2,4,11,2018,311,7,45,26544.0,24595.0,24784.0,24740.623
2018-11-07 01:00:00,,1,2,4,11,2018,311,7,45,25219.0,23345.0,23250.0,23385.805
2018-11-07 02:00:00,,2,2,4,11,2018,311,7,45,24468.0,22530.0,22343.0,22845.31
2018-11-07 03:00:00,,3,2,4,11,2018,311,7,45,24146.0,22048.0,21874.0,22605.787
2018-11-07 04:00:00,,4,2,4,11,2018,311,7,45,24215.0,21895.0,21826.0,22505.357
2018-11-07 05:00:00,,5,2,4,11,2018,311,7,45,25014.0,22457.0,22418.0,22912.09
2018-11-07 06:00:00,,6,2,4,11,2018,311,7,45,27159.0,24389.0,24214.0,24824.578
2018-11-07 07:00:00,,7,2,4,11,2018,311,7,45,30415.0,27436.0,27039.0,27536.451
2018-11-07 08:00:00,,8,2,4,11,2018,311,7,45,31710.0,28943.0,28545.0,28868.56
2018-11-07 09:00:00,,9,2,4,11,2018,311,7,45,31778.0,29507.0,29078.0,29119.203
2018-11-07 10:00:00,,10,2,4,11,2018,311,7,45,31434.0,29782.0,29337.0,29258.492
2018-11-07 11:00:00,,11,2,4,11,2018,311,7,45,30943.0,30030.0,29640.0,29385.842
2018-11-07 12:00:00,,12,2,4,11,2018,311,7,45,30525.0,29808.0,29643.0,29169.666
2018-11-07 13:00:00,,13,2,4,11,2018,311,7,45,30086.0,29777.0,29330.0,29129.033
2018-11-07 14:00:00,,14,2,4,11,2018,311,7,45,29902.0,29765.0,29238.0,29149.4
2018-11-07 15:00:00,,15,2,4,11,2018,311,7,45,29840.0,29728.0,29062.0,29207.656
2018-11-07 16:00:00,,16,2,4,11,2018,311,7,45,30139.0,29853.0,29191.0,29292.234
2018-11-07 17:00:00,,17,2,4,11,2018,311,7,45,31309.0,30998.0,30137.0,30279.658
2018-11-07 18:00:00,,18,2,4,11,2018,311,7,45,33442.0,32424.0,32275.0,32039.256
2018-11-07 19:00:00,,19,2,4,11,2018,311,7,45,33521.0,32142.0,32191.0,32001.502
2018-11-07 20:00:00,,20,2,4,11,2018,311,7,45,33082.0,31450.0,31513.0,31629.846
2018-11-07 21:00:00,,21,2,4,11,2018,311,7,45,32202.0,30525.0,30576.0,30548.648
2018-11-07 22:00:00,,22,2,4,11,2018,311,7,45,30673.0,28880.0,29082.0,28912.67
2018-11-07 23:00:00,,23,2,4,11,2018,311,7,45,28600.0,26733.0,26774.0,27102.248
2018-11-08 00:00:00,,0,3,4,11,2018,312,8,45,26752.0,24887.0,24700.0,24992.201
2018-11-08 01:00:00,,1,3,4,11,2018,312,8,45,25437.0,23621.0,23139.0,23608.617
2018-11-08 02:00:00,,2,3,4,11,2018,312,8,45,24730.0,22984.0,22394.0,22895.4
2018-11-08 03:00:00,,3,3,4,11,2018,312,8,45,24419.0,22725.0,21995.0,22798.795
2018-11-08 04:00:00,,4,3,4,11,2018,312,8,45,24481.0,22845.0,22043.0,22827.361
2018-11-08 05:00:00,,5,3,4,11,2018,312,8,45,25213.0,23749.0,22677.0,23368.262
2018-11-08 06:00:00,,6,3,4,11,2018,312,8,45,27206.0,25883.0,24667.0,25317.297
2018-11-08 07:00:00,,7,3,4,11,2018,312,8,45,30145.0,29002.0,28032.0,28112.209
2018-11-08 08:00:00,,8,3,4,11,2018,312,8,45,31316.0,30242.0,29644.0,29414.773
2018-11-08 09:00:00,,9,3,4,11,2018,312,8,45,31289.0,29880.0,30057.0,29409.729
2018-11-08 10:00:00,,10,3,4,11,2018,312,8,45,30899.0,29302.0,30362.0,29362.52
2018-11-08 11:00:00,,11,3,4,11,2018,312,8,45,30548.0,28970.0,30646.0,29506.127
2018-11-08 12:00:00,,12,3,4,11,2018,312,8,45,30108.0,28579.0,30577.0,29256.584
2018-11-08 13:00:00,,13,3,4,11,2018,312,8,45,29855.0,28226.0,30329.0,29048.936
2018-11-08 14:00:00,,14,3,4,11,2018,312,8,45,29946.0,28149.0,30168.0,29117.904
2018-11-08 15:00:00,,15,3,4,11,2018,312,8,45,29858.0,28175.0,29885.0,29065.125
2018-11-08 16:00:00,,16,3,4,11,2018,312,8,45,30168.0,28438.0,29808.0,29105.771
2018-11-08 17:00:00,,17,3,4,11,2018,312,8,45,31188.0,29366.0,30744.0,30204.408
2018-11-08 18:00:00,,18,3,4,11,2018,312,8,45,32823.0,31643.0,32738.0,31845.69
2018-11-08 19:00:00,,19,3,4,11,2018,312,8,45,32638.0,31793.0,32553.0,31955.404
2018-11-08 20:00:00,,20,3,4,11,2018,312,8,45,31996.0,31260.0,31926.0,31291.057
2018-11-08 21:00:00,,21,3,4,11,2018,312,8,45,31113.0,30452.0,30939.0,30577.748
2018-11-08 22:00:00,,22,3,4,11,2018,312,8,45,29625.0,29034.0,29240.0,28668.793
2018-11-08 23:00:00,,23,3,4,11,2018,312,8,45,27549.0,27080.0,26932.0,26980.922
2018-11-09 00:00:00,,0,4,4,11,2018,313,9,45,25738.0,25279.0,24874.0,24832.502
2018-11-09 01:00:00,,1,4,4,11,2018,313,9,45,24398.0,23831.0,23359.0,23866.941
2018-11-09 02:00:00,,2,4,4,11,2018,313,9,45,23665.0,23070.0,22533.0,22481.867
2018-11-09 03:00:00,,3,4,4,11,2018,313,9,45,23358.0,22694.0,22110.0,22311.53
2018-11-09 04:00:00,,4,4,4,11,2018,313,9,45,23412.0,22681.0,22095.0,22265.01
2018-11-09 05:00:00,,5,4,4,11,2018,313,9,45,24220.0,23286.0,22682.0,22907.656
2018-11-09 06:00:00,,6,4,4,11,2018,313,9,45,26141.0,24990.0,24637.0,24715.309
2018-11-09 07:00:00,,7,4,4,11,2018,313,9,45,29034.0,27469.0,27764.0,27348.643
2018-11-09 08:00:00,,8,4,4,11,2018,313,9,45,30529.0,28573.0,29088.0,28528.186
2018-11-09 09:00:00,,9,4,4,11,2018,313,9,45,30809.0,28594.0,29102.0,28675.352
2018-11-09 10:00:00,,10,4,4,11,2018,313,9,45,30803.0,28392.0,28977.0,28740.064
2018-11-09 11:00:00,,11,4,4,11,2018,313,9,45,30943.0,28343.0,28951.0,28911.73
2018-11-09 12:00:00,,12,4,4,11,2018,313,9,45,30815.0,28178.0,28778.0,28799.25
2018-11-09 13:00:00,,13,4,4,11,2018,313,9,45,30549.0,27854.0,28686.0,28724.973
2018-11-09 14:00:00,,14,4,4,11,2018,313,9,45,30370.0,27748.0,28562.0,28687.443
2018-11-09 15:00:00,,15,4,4,11,2018,313,9,45,30544.0,27655.0,28402.0,28754.273
2018-11-09 16:00:00,,16,4,4,11,2018,313,9,45,31240.0,27845.0,28612.0,29050.9
2018-11-09 17:00:00,,17,4,4,11,2018,313,9,45,32959.0,28772.0,29629.0,30631.312
2018-11-09 18:00:00,,18,4,4,11,2018,313,9,45,35493.0,30827.0,31813.0,32043.479
2018-11-09 19:00:00,,19,4,4,11,2018,313,9,45,35558.0,30757.0,31616.0,31982.814
2018-11-09 20:00:00,,20,4,4,11,2018,313,9,45,35191.0,30153.0,31015.0,31846.771
2018-11-09 21:00:00,,21,4,4,11,2018,313,9,45,34623.0,29496.0,30265.0,31434.188
2018-11-09 22:00:00,,22,4,4,11,2018,313,9,45,33617.0,28463.0,29143.0,30337.78
2018-11-09 23:00:00,,23,4,4,11,2018,313,9,45,32069.0,26979.0,27459.0,28170.979
2018-11-10 00:00:00,,0,5,4,11,2018,314,10,45,30695.0,25354.0,25676.0,26630.758
2018-11-10 01:00:00,,1,5,4,11,2018,314,10,45,29539.0,24138.0,24243.0,25590.771
2018-11-10 02:00:00,,2,5,4,11,2018,314,10,45,28926.0,23498.0,23431.0,24827.129
2018-11-10 03:00:00,,3,5,4,11,2018,314,10,45,28715.0,23197.0,23001.0,24542.246
2018-11-10 04:00:00,,4,5,4,11,2018,314,10,45,28719.0,23251.0,22817.0,24515.285
2018-11-10 05:00:00,,5,5,4,11,2018,314,10,45,29164.0,23705.0,23030.0,24887.617
2018-11-10 06:00:00,,6,5,4,11,2018,314,10,45,30151.0,24699.0,23835.0,25935.97
2018-11-10 07:00:00,,7,5,4,11,2018,314,10,45,31396.0,26066.0,25048.0,26434.69
2018-11-10 08:00:00,,8,5,4,11,2018,314,10,45,32280.0,27118.0,26103.0,28289.92
2018-11-10 09:00:00,,9,5,4,11,2018,314,10,45,32435.0,27683.0,27202.0,28684.57
2018-11-10 10:00:00,,10,5,4,11,2018,314,10,45,31985.0,27574.0,27818.0,28049.055
2018-11-10 11:00:00,,11,5,4,11,2018,314,10,45,31213.0,27198.0,27863.0,27884.053
2018-11-10 12:00:00,,12,5,4,11,2018,314,10,45,30383.0,26676.0,27464.0,27614.295
2018-11-10 13:00:00,,13,5,4,11,2018,314,10,45,29552.0,26046.0,26882.0,26860.6
2018-11-10 14:00:00,,14,5,4,11,2018,314,10,45,28977.0,25597.0,26328.0,26717.773
2018-11-10 15:00:00,,15,5,4,11,2018,314,10,45,28915.0,25480.0,26072.0,26727.99
2018-11-10 16:00:00,,16,5,4,11,2018,314,10,45,29652.0,25910.0,26361.0,27288.184
2018-11-10 17:00:00,,17,5,4,11,2018,314,10,45,31212.0,27221.0,27661.0,28252.453
2018-11-10 18:00:00,,18,5,4,11,2018,314,10,45,33412.0,29668.0,30064.0,30556.576
2018-11-10 19:00:00,,19,5,4,11,2018,314,10,45,33524.0,30027.0,30257.0,30602.037
2018-11-10 20:00:00,,20,5,4,11,2018,314,10,45,33285.0,29776.0,29908.0,30511.67
2018-11-10 21:00:00,,21,5,4,11,2018,314,10,45,32824.0,29381.0,29425.0,30107.361
2018-11-10 22:00:00,,22,5,4,11,2018,314,10,45,32009.0,28645.0,28582.0,28957.191
2018-11-10 23:00:00,,23,5,4,11,2018,314,10,45,30736.0,27439.0,27296.0,27806.512
2018-11-11 00:00:00,,0,6,4,11,2018,315,11,45,29503.0,26134.0,25901.0,26395.062
2018-11-11 01:00:00,,1,6,4,11,2018,315,11,45,28396.0,25049.0,24702.0,25328.51
2018-11-11 02:00:00,,2,6,4,11,2018,315,11,45,27808.0,24426.0,24041.0,24726.562
2018-11-11 03:00:00,,3,6,4,11,2018,315,11,45,27458.0,24057.0,23710.0,24542.277
2018-11-11 04:00:00,,4,6,4,11,2018,315,11,45,27324.0,23960.0,23657.0,24308.715
2018-11-11 05:00:00,,5,6,4,11,2018,315,11,45,27457.0,24231.0,23902.0,24542.277
2018-11-11 06:00:00,,6,6,4,11,2018,315,11,45,28023.0,24916.0,24588.0,25086.322
2018-11-11 07:00:00,,7,6,4,11,2018,315,11,45,28873.0,25809.0,25463.0,26126.033
2018-11-11 08:00:00,,8,6,4,11,2018,315,11,45,29505.0,26512.0,26153.0,26541.158
2018-11-11 09:00:00,,9,6,4,11,2018,315,11,45,30149.0,26805.0,26626.0,27230.148
2018-11-11 10:00:00,,10,6,4,11,2018,315,11,45,30012.0,26371.0,26456.0,27228.516
2018-11-11 11:00:00,,11,6,4,11,2018,315,11,45,29497.0,25855.0,26083.0,26598.998
2018-11-11 12:00:00,,12,6,4,11,2018,315,11,45,28840.0,25468.0,25716.0,26518.014
2018-11-11 13:00:00,,13,6,4,11,2018,315,11,45,28195.0,25167.0,25419.0,26139.688
2018-11-11 14:00:00,,14,6,4,11,2018,315,11,45,27768.0,24945.0,25174.0,25907.168
2018-11-11 15:00:00,,15,6,4,11,2018,315,11,45,27780.0,24993.0,25100.0,25965.424
2018-11-11 16:00:00,,16,6,4,11,2018,315,11,45,28405.0,25445.0,25450.0,26546.078
2018-11-11 17:00:00,,17,6,4,11,2018,315,11,45,30104.0,26893.0,26773.0,27840.838
2018-11-11 18:00:00,,18,6,4,11,2018,315,11,45,32572.0,29468.0,29492.0,30254.121
2018-11-11 19:00:00,,19,6,4,11,2018,315,11,45,32716.0,29890.0,29763.0,30254.121
2018-11-11 20:00:00,,20,6,4,11,2018,315,11,45,32527.0,29562.0,29354.0,30234.723
2018-11-11 21:00:00,,21,6,4,11,2018,315,11,45,31825.0,29227.0,28782.0,28975.584
2018-11-11 22:00:00,,22,6,4,11,2018,315,11,45,30464.0,28010.0,27398.0,27939.793
2018-11-11 23:00:00,,23,6,4,11,2018,315,11,45,28642.0,26477.0,25598.0,26808.684
2018-11-12 00:00:00,,0,0,4,11,2018,316,12,46,26934.0,24979.0,23980.0,25136.537
2018-11-12 01:00:00,,1,0,4,11,2018,316,12,46,25753.0,24023.0,22796.0,23704.55
2018-11-12 02:00:00,,2,0,4,11,2018,316,12,46,25196.0,23589.0,22224.0,23133.209
2018-11-12 03:00:00,,3,0,4,11,2018,316,12,46,24932.0,23585.0,22041.0,23039.037
2018-11-12 04:00:00,,4,0,4,11,2018,316,12,46,25077.0,23914.0,22202.0,23188.248
2018-11-12 05:00:00,,5,0,4,11,2018,316,12,46,25901.0,25029.0,23069.0,23931.188
2018-11-12 06:00:00,,6,0,4,11,2018,316,12,46,28096.0,27506.0,25407.0,26355.195
2018-11-12 07:00:00,,7,0,4,11,2018,316,12,46,31496.0,31099.0,28942.0,29081.205
2018-11-12 08:00:00,,8,0,4,11,2018,316,12,46,33189.0,32342.0,30341.0,30897.037
2018-11-12 09:00:00,,9,0,4,11,2018,316,12,46,33393.0,31610.0,29926.0,30835.44
2018-11-12 10:00:00,,10,0,4,11,2018,316,12,46,33429.0,30611.0,29392.0,30506.082
2018-11-12 11:00:00,,11,0,4,11,2018,316,12,46,33175.0,30067.0,29126.0,30498.164
2018-11-12 12:00:00,,12,0,4,11,2018,316,12,46,32790.0,29715.0,28982.0,30300.305
2018-11-12 13:00:00,,13,0,4,11,2018,316,12,46,32371.0,29627.0,28805.0,30169.715
2018-11-12 14:00:00,,14,0,4,11,2018,316,12,46,32065.0,29710.0,28789.0,29607.564
2018-11-12 15:00:00,,15,0,4,11,2018,316,12,46,31754.0,29669.0,28689.0,29439.467
2018-11-12 16:00:00,,16,0,4,11,2018,316,12,46,31739.0,29865.0,28850.0,29522.713
2018-11-12 17:00:00,,17,0,4,11,2018,316,12,46,32922.0,31149.0,29705.0,31090.652
2018-11-12 18:00:00,,18,0,4,11,2018,316,12,46,34912.0,33057.0,32094.0,32659.838
2018-11-12 19:00:00,,19,0,4,11,2018,316,12,46,34958.0,32878.0,32148.0,32584.174
2018-11-12 20:00:00,,20,0,4,11,2018,316,12,46,34438.0,32247.0,31519.0,32242.19
2018-11-12 21:00:00,,21,0,4,11,2018,316,12,46,33557.0,31267.0,30464.0,31230.29
2018-11-12 22:00:00,,22,0,4,11,2018,316,12,46,31975.0,29572.0,28943.0,29439.861
2018-11-12 23:00:00,,23,0,4,11,2018,316,12,46,29888.0,27282.0,26758.0,27776.223
2018-11-13 00:00:00,,0,1,4,11,2018,317,13,46,27975.0,25274.0,24754.0,25479.986
2018-11-13 01:00:00,,1,1,4,11,2018,317,13,46,26657.0,23811.0,23478.0,24260.172
2018-11-13 02:00:00,,2,1,4,11,2018,317,13,46,25986.0,23057.0,22732.0,23328.234
2018-11-13 03:00:00,,3,1,4,11,2018,317,13,46,25788.0,22744.0,22482.0,23123.25
2018-11-13 04:00:00,,4,1,4,11,2018,317,13,46,25958.0,22744.0,22600.0,23288.773
2018-11-13 05:00:00,,5,1,4,11,2018,317,13,46,26772.0,23455.0,23318.0,23683.145
2018-11-13 06:00:00,,6,1,4,11,2018,317,13,46,29006.0,25442.0,25515.0,26138.254
2018-11-13 07:00:00,,7,1,4,11,2018,317,13,46,32248.0,28820.0,28913.0,28789.867
2018-11-13 08:00:00,,8,1,4,11,2018,317,13,46,33317.0,30244.0,30338.0,30364.955
2018-11-13 09:00:00,,9,1,4,11,2018,317,13,46,32917.0,30339.0,30024.0,30404.908
2018-11-13 10:00:00,,10,1,4,11,2018,317,13,46,32435.0,30145.0,29619.0,30227.297
2018-11-13 11:00:00,,11,1,4,11,2018,317,13,46,32022.0,30051.0,29364.0,29591.9
2018-11-13 12:00:00,,12,1,4,11,2018,317,13,46,31496.0,29675.0,29052.0,29273.281
2018-11-13 13:00:00,,13,1,4,11,2018,317,13,46,31132.0,29214.0,28858.0,29165.613
2018-11-13 14:00:00,,14,1,4,11,2018,317,13,46,31190.0,29135.0,28876.0,29260.55
2018-11-13 15:00:00,,15,1,4,11,2018,317,13,46,31227.0,28859.0,28861.0,29297.416
2018-11-13 16:00:00,,16,1,4,11,2018,317,13,46,31625.0,28865.0,29175.0,29419.463
2018-11-13 17:00:00,,17,1,4,11,2018,317,13,46,33003.0,29988.0,30598.0,31015.838
2018-11-13 18:00:00,,18,1,4,11,2018,317,13,46,34957.0,32177.0,33032.0,32714.076
2018-11-13 19:00:00,,19,1,4,11,2018,317,13,46,34814.0,32308.0,33047.0,32714.076
2018-11-13 20:00:00,,20,1,4,11,2018,317,13,46,34278.0,31881.0,32540.0,32397.896
2018-11-13 21:00:00,,21,1,4,11,2018,317,13,46,33396.0,31127.0,31597.0,31571.684
2018-11-13 22:00:00,,22,1,4,11,2018,317,13,46,31761.0,29647.0,30051.0,29516.982
2018-11-13 23:00:00,,23,1,4,11,2018,317,13,46,29626.0,27455.0,27706.0,27795.68
2018-11-14 00:00:00,,0,2,4,11,2018,318,14,46,27573.0,25553.0,25671.0,26005.596
2018-11-14 01:00:00,,1,2,4,11,2018,318,14,46,26405.0,24301.0,24274.0,24500.398
2018-11-14 02:00:00,,2,2,4,11,2018,318,14,46,25827.0,23612.0,23524.0,23914.352
2018-11-14 03:00:00,,3,2,4,11,2018,318,14,46,25763.0,23370.0,23241.0,23438.059
2018-11-14 04:00:00,,4,2,4,11,2018,318,14,46,26018.0,23486.0,23258.0,23438.059
2018-11-14 05:00:00,,5,2,4,11,2018,318,14,46,27043.0,24365.0,23929.0,24663.754
2018-11-14 06:00:00,,6,2,4,11,2018,318,14,46,29326.0,26639.0,26016.0,26502.707
2018-11-14 07:00:00,,7,2,4,11,2018,318,14,46,32748.0,30080.0,29354.0,29626.225
2018-11-14 08:00:00,,8,2,4,11,2018,318,14,46,33808.0,31281.0,30656.0,30811.877
2018-11-14 09:00:00,,9,2,4,11,2018,318,14,46,32809.0,30688.0,30532.0,30469.408
2018-11-14 10:00:00,,10,2,4,11,2018,318,14,46,31566.0,30036.0,30216.0,29564.203
2018-11-14 11:00:00,,11,2,4,11,2018,318,14,46,30820.0,29678.0,30127.0,29421.24
2018-11-14 12:00:00,,12,2,4,11,2018,318,14,46,30220.0,29289.0,30156.0,29225.568
2018-11-14 13:00:00,,13,2,4,11,2018,318,14,46,29784.0,29084.0,30064.0,29250.176
2018-11-14 14:00:00,,14,2,4,11,2018,318,14,46,29872.0,29161.0,30137.0,29345.113
2018-11-14 15:00:00,,15,2,4,11,2018,318,14,46,30037.0,29176.0,30024.0,29403.37
2018-11-14 16:00:00,,16,2,4,11,2018,318,14,46,30640.0,29545.0,30183.0,29628.6
2018-11-14 17:00:00,,17,2,4,11,2018,318,14,46,32088.0,30821.0,31559.0,30990.754
2018-11-14 18:00:00,,18,2,4,11,2018,318,14,46,33942.0,32574.0,33133.0,32313.893
2018-11-14 19:00:00,,19,2,4,11,2018,318,14,46,33825.0,32413.0,32799.0,32254.783
2018-11-14 20:00:00,,20,2,4,11,2018,318,14,46,33236.0,31813.0,32057.0,31982.01
2018-11-14 21:00:00,,21,2,4,11,2018,318,14,46,32227.0,30946.0,31037.0,30886.334
2018-11-14 22:00:00,,22,2,4,11,2018,318,14,46,30613.0,29301.0,29134.0,28934.06
2018-11-14 23:00:00,,23,2,4,11,2018,318,14,46,28362.0,27008.0,26824.0,27097.002
2018-11-15 00:00:00,,0,3,4,11,2018,319,15,46,26330.0,25108.0,24673.0,24866.533
2018-11-15 01:00:00,,1,3,4,11,2018,319,15,46,24913.0,23775.0,23099.0,23513.348
2018-11-15 02:00:00,,2,3,4,11,2018,319,15,46,24101.0,23029.0,22260.0,22570.416
2018-11-15 03:00:00,,3,3,4,11,2018,319,15,46,23658.0,22784.0,21796.0,22390.975
2018-11-15 04:00:00,,4,3,4,11,2018,319,15,46,23612.0,22852.0,21665.0,22303.936
2018-11-15 05:00:00,,5,3,4,11,2018,319,15,46,24289.0,23657.0,22229.0,22887.916
2018-11-15 06:00:00,,6,3,4,11,2018,319,15,46,26268.0,25804.0,24145.0,25029.988
2018-11-15 07:00:00,,7,3,4,11,2018,319,15,46,29583.0,29126.0,27577.0,27672.104
2018-11-15 08:00:00,,8,3,4,11,2018,319,15,46,30947.0,30353.0,29257.0,29277.717
2018-11-15 09:00:00,,9,3,4,11,2018,319,15,46,30691.0,29872.0,29785.0,29057.174
2018-11-15 10:00:00,,10,3,4,11,2018,319,15,46,30131.0,29263.0,30185.0,29136.203
2018-11-15 11:00:00,,11,3,4,11,2018,319,15,46,29655.0,28998.0,30517.0,29056.791
2018-11-15 12:00:00,,12,3,4,11,2018,319,15,46,29364.0,28624.0,30631.0,28970.236
2018-11-15 13:00:00,,13,3,4,11,2018,319,15,46,29259.0,28361.0,30559.0,28757.955
2018-11-15 14:00:00,,14,3,4,11,2018,319,15,46,29280.0,28370.0,30535.0,28852.893
2018-11-15 15:00:00,,15,3,4,11,2018,319,15,46,29380.0,28387.0,30407.0,28728.531
2018-11-15 16:00:00,,16,3,4,11,2018,319,15,46,29666.0,28709.0,30567.0,29706.219
2018-11-15 17:00:00,,17,3,4,11,2018,319,15,46,31090.0,29745.0,31615.0,30425.61
2018-11-15 18:00:00,,18,3,4,11,2018,319,15,46,33211.0,31971.0,32968.0,32093.932
2018-11-15 19:00:00,,19,3,4,11,2018,319,15,46,33344.0,31998.0,32669.0,32053.354
2018-11-15 20:00:00,,20,3,4,11,2018,319,15,46,32949.0,31633.0,31884.0,31800.088
2018-11-15 21:00:00,,21,3,4,11,2018,319,15,46,32288.0,30925.0,30850.0,30996.402
2018-11-15 22:00:00,,22,3,4,11,2018,319,15,46,30891.0,29488.0,29088.0,29183.373
2018-11-15 23:00:00,,23,3,4,11,2018,319,15,46,28842.0,27468.0,26719.0,27269.117
2018-11-16 00:00:00,,0,4,4,11,2018,320,16,46,26935.0,25560.0,24575.0,25398.943
2018-11-16 01:00:00,,1,4,4,11,2018,320,16,46,25571.0,24277.0,22976.0,23858.82
2018-11-16 02:00:00,,2,4,4,11,2018,320,16,46,24864.0,23586.0,22017.0,23058.025
2018-11-16 03:00:00,,3,4,4,11,2018,320,16,46,24589.0,23329.0,21567.0,22698.115
2018-11-16 04:00:00,,4,4,4,11,2018,320,16,46,24705.0,23482.0,21504.0,22719.635
2018-11-16 05:00:00,,5,4,4,11,2018,320,16,46,25587.0,24326.0,22117.0,23498.432
2018-11-16 06:00:00,,6,4,4,11,2018,320,16,46,27803.0,26522.0,24164.0,25638.184
2018-11-16 07:00:00,,7,4,4,11,2018,320,16,46,31114.0,29847.0,27554.0,28198.002
2018-11-16 08:00:00,,8,4,4,11,2018,320,16,46,32412.0,31068.0,29076.0,30040.832
2018-11-16 09:00:00,,9,4,4,11,2018,320,16,46,31912.0,30471.0,29189.0,29429.445
2018-11-16 10:00:00,,10,4,4,11,2018,320,16,46,31062.0,29613.0,28983.0,29159.451
2018-11-16 11:00:00,,11,4,4,11,2018,320,16,46,30404.0,29092.0,28836.0,28984.438
2018-11-16 12:00:00,,12,4,4,11,2018,320,16,46,29954.0,28660.0,28604.0,28869.293
2018-11-16 13:00:00,,13,4,4,11,2018,320,16,46,29399.0,28349.0,28328.0,28233.047
2018-11-16 14:00:00,,14,4,4,11,2018,320,16,46,29188.0,28237.0,28261.0,28278.348
2018-11-16 15:00:00,,15,4,4,11,2018,320,16,46,29199.0,28269.0,28112.0,28321.611
2018-11-16 16:00:00,,16,4,4,11,2018,320,16,46,29753.0,28500.0,28401.0,28925.852
2018-11-16 17:00:00,,17,4,4,11,2018,320,16,46,31099.0,29225.0,29527.0,29533.035
2018-11-16 18:00:00,,18,4,4,11,2018,320,16,46,33218.0,30979.0,31824.0,31543.164
2018-11-16 19:00:00,,19,4,4,11,2018,320,16,46,33217.0,30587.0,31751.0,31489.146
2018-11-16 20:00:00,,20,4,4,11,2018,320,16,46,32797.0,29799.0,31237.0,31188.959
2018-11-16 21:00:00,,21,4,4,11,2018,320,16,46,32230.0,29020.0,30691.0,30484.156
2018-11-16 22:00:00,,22,4,4,11,2018,320,16,46,31275.0,27800.0,29665.0,28850.771
2018-11-16 23:00:00,,23,4,4,11,2018,320,16,46,29745.0,26154.0,28140.0,27997.73
2018-11-17 00:00:00,,0,5,4,11,2018,321,17,46,28203.0,24495.0,26478.0,25805.078
2018-11-17 01:00:00,,1,5,4,11,2018,321,17,46,26987.0,23169.0,25279.0,24721.549
2018-11-17 02:00:00,,2,5,4,11,2018,321,17,46,26266.0,22390.0,24518.0,23847.98
2018-11-17 03:00:00,,3,5,4,11,2018,321,17,46,25983.0,21996.0,24065.0,23632.188
2018-11-17 04:00:00,,4,5,4,11,2018,321,17,46,25985.0,21927.0,23957.0,23632.188
2018-11-17 05:00:00,,5,5,4,11,2018,321,17,46,26313.0,22236.0,24295.0,23812.613
2018-11-17 06:00:00,,6,5,4,11,2018,321,17,46,27188.0,23170.0,25270.0,24602.33
2018-11-17 07:00:00,,7,5,4,11,2018,321,17,46,28354.0,24512.0,26767.0,25879.783
2018-11-17 08:00:00,,8,5,4,11,2018,321,17,46,29297.0,25555.0,27655.0,26637.865
2018-11-17 09:00:00,,9,5,4,11,2018,321,17,46,30228.0,26122.0,28324.0,27573.523
2018-11-17 10:00:00,,10,5,4,11,2018,321,17,46,30605.0,26219.0,28069.0,27553.184
2018-11-17 11:00:00,,11,5,4,11,2018,321,17,46,30393.0,26019.0,27686.0,27517.47
2018-11-17 12:00:00,,12,5,4,11,2018,321,17,46,29976.0,25860.0,27138.0,27412.229
2018-11-17 13:00:00,,13,5,4,11,2018,321,17,46,29699.0,25536.0,26605.0,27341.195
2018-11-17 14:00:00,,14,5,4,11,2018,321,17,46,29231.0,25294.0,26221.0,26669.734
2018-11-17 15:00:00,,15,5,4,11,2018,321,17,46,29189.0,25335.0,26120.0,26727.99
2018-11-17 16:00:00,,16,5,4,11,2018,321,17,46,29411.0,25742.0,26426.0,27011.125
2018-11-17 17:00:00,,17,5,4,11,2018,321,17,46,30386.0,27086.0,27841.0,28061.154
2018-11-17 18:00:00,,18,5,4,11,2018,321,17,46,31277.0,28938.0,30113.0,29345.0
2018-11-17 19:00:00,,19,5,4,11,2018,321,17,46,30872.0,28974.0,30133.0,29301.916
2018-11-17 20:00:00,,20,5,4,11,2018,321,17,46,30097.0,28646.0,29544.0,28905.016
2018-11-17 21:00:00,,21,5,4,11,2018,321,17,46,29303.0,28268.0,28856.0,28030.014
2018-11-17 22:00:00,,22,5,4,11,2018,321,17,46,28159.0,27609.0,27834.0,27161.818
2018-11-17 23:00:00,,23,5,4,11,2018,321,17,46,26667.0,26428.0,26338.0,26370.62
2018-11-18 00:00:00,,0,6,4,11,2018,322,18,46,25010.0,25330.0,24768.0,24646.816
2018-11-18 01:00:00,,1,6,4,11,2018,322,18,46,23599.0,24186.0,23327.0,23223.943
2018-11-18 02:00:00,,2,6,4,11,2018,322,18,46,22577.0,23579.0,22407.0,22341.23
2018-11-18 03:00:00,,3,6,4,11,2018,322,18,46,22054.0,23243.0,21874.0,22097.484
2018-11-18 04:00:00,,4,6,4,11,2018,322,18,46,21714.0,23233.0,21711.0,22010.445
2018-11-18 05:00:00,,5,6,4,11,2018,322,18,46,21727.0,23557.0,21898.0,22276.746
2018-11-18 06:00:00,,6,6,4,11,2018,322,18,46,22224.0,24290.0,22500.0,22585.29
2018-11-18 07:00:00,,7,6,4,11,2018,322,18,46,23257.0,25320.0,23525.0,23716.967
2018-11-18 08:00:00,,8,6,4,11,2018,322,18,46,24251.0,26274.0,24410.0,24656.604
2018-11-18 09:00:00,,9,6,4,11,2018,322,18,46,25217.0,27345.0,25755.0,25887.21
2018-11-18 10:00:00,,10,6,4,11,2018,322,18,46,25964.0,28170.0,26615.0,26391.316
2018-11-18 11:00:00,,11,6,4,11,2018,322,18,46,26309.0,28645.0,27080.0,26882.611
2018-11-18 12:00:00,,12,6,4,11,2018,322,18,46,26357.0,28826.0,27300.0,26989.787
2018-11-18 13:00:00,,13,6,4,11,2018,322,18,46,26282.0,29007.0,27481.0,27054.348
2018-11-18 14:00:00,,14,6,4,11,2018,322,18,46,26336.0,29106.0,27609.0,27171.262
2018-11-18 15:00:00,,15,6,4,11,2018,322,18,46,26663.0,29224.0,27884.0,27510.072
2018-11-18 16:00:00,,16,6,4,11,2018,322,18,46,27531.0,29869.0,28368.0,28054.166
2018-11-18 17:00:00,,17,6,4,11,2018,322,18,46,29383.0,31590.0,29758.0,29282.83
2018-11-18 18:00:00,,18,6,4,11,2018,322,18,46,31624.0,33691.0,31935.0,31307.098
2018-11-18 19:00:00,,19,6,4,11,2018,322,18,46,31774.0,33855.0,32132.0,31307.098
2018-11-18 20:00:00,,20,6,4,11,2018,322,18,46,31524.0,33496.0,31837.0,31228.273
2018-11-18 21:00:00,,21,6,4,11,2018,322,18,46,30891.0,32836.0,31251.0,30855.395
2018-11-18 22:00:00,,22,6,4,11,2018,322,18,46,29720.0,31432.0,30008.0,29534.945
2018-11-18 23:00:00,,23,6,4,11,2018,322,18,46,28162.0,29608.0,28345.0,27908.057
2018-11-19 00:00:00,,0,0,4,11,2018,323,19,47,26647.0,27892.0,26718.0,26484.092
2018-11-19 01:00:00,,1,0,4,11,2018,323,19,47,25514.0,26687.0,25616.0,25724.938
2018-11-19 02:00:00,,2,0,4,11,2018,323,19,47,24989.0,26020.0,25089.0,24932.43
2018-11-19 03:00:00,,3,0,4,11,2018,323,19,47,24869.0,25828.0,24876.0,24588.887
2018-11-19 04:00:00,,4,0,4,11,2018,323,19,47,25114.0,26023.0,25179.0,24932.43
2018-11-19 05:00:00,,5,0,4,11,2018,323,19,47,26063.0,26991.0,26237.0,25799.898
2018-11-19 06:00:00,,6,0,4,11,2018,323,19,47,28463.0,29387.0,28711.0,27526.398
2018-11-19 07:00:00,,7,0,4,11,2018,323,19,47,31883.0,32824.0,32502.0,30514.268
2018-11-19 08:00:00,,8,0,4,11,2018,323,19,47,33250.0,34285.0,33988.0,31938.016
2018-11-19 09:00:00,,9,0,4,11,2018,323,19,47,32882.0,34203.0,33491.0,32034.574
2018-11-19 10:00:00,,10,0,4,11,2018,323,19,47,32158.0,33937.0,32888.0,31618.805
2018-11-19 11:00:00,,11,0,4,11,2018,323,19,47,31556.0,33625.0,32458.0,31478.932
2018-11-19 12:00:00,,12,0,4,11,2018,323,19,47,30914.0,33301.0,32043.0,31271.502
2018-11-19 13:00:00,,13,0,4,11,2018,323,19,47,30421.0,32788.0,31633.0,30986.154
2018-11-19 14:00:00,,14,0,4,11,2018,323,19,47,30277.0,32573.0,31522.0,30949.371
2018-11-19 15:00:00,,15,0,4,11,2018,323,19,47,30267.0,32383.0,31462.0,31007.627
2018-11-19 16:00:00,,16,0,4,11,2018,323,19,47,30783.0,32712.0,31907.0,31323.164
2018-11-19 17:00:00,,17,0,4,11,2018,323,19,47,32317.0,34384.0,33777.0,32408.418
2018-11-19 18:00:00,,18,0,4,11,2018,323,19,47,34740.0,37058.0,36558.0,34620.59
2018-11-19 19:00:00,,19,0,4,11,2018,323,19,47,34883.0,37090.0,36740.0,34802.664
2018-11-19 20:00:00,,20,0,4,11,2018,323,19,47,34559.0,36591.0,36481.0,34502.438
2018-11-19 21:00:00,,21,0,4,11,2018,323,19,47,33814.0,35684.0,35810.0,33840.477
2018-11-19 22:00:00,,22,0,4,11,2018,323,19,47,32376.0,33935.0,34246.0,31947.4
2018-11-19 23:00:00,,23,0,4,11,2018,323,19,47,30183.0,31617.0,31892.0,30524.344
2018-11-20 00:00:00,,0,1,4,11,2018,324,20,47,28163.0,29435.0,29703.0,27696.38
2018-11-20 01:00:00,,1,1,4,11,2018,324,20,47,26793.0,27893.0,28109.0,26789.2
2018-11-20 02:00:00,,2,1,4,11,2018,324,20,47,26054.0,27116.0,27350.0,26037.117
2018-11-20 03:00:00,,3,1,4,11,2018,324,20,47,25842.0,26742.0,27010.0,25841.059
2018-11-20 04:00:00,,4,1,4,11,2018,324,20,47,25939.0,26765.0,27093.0,25841.059
2018-11-20 05:00:00,,5,1,4,11,2018,324,20,47,26849.0,27528.0,27881.0,26393.871
2018-11-20 06:00:00,,6,1,4,11,2018,324,20,47,29041.0,29662.0,29989.0,27937.576
2018-11-20 07:00:00,,7,1,4,11,2018,324,20,47,32309.0,32993.0,33364.0,31028.459
2018-11-20 08:00:00,,8,1,4,11,2018,324,20,47,33437.0,34295.0,34813.0,32285.715
2018-11-20 09:00:00,,9,1,4,11,2018,324,20,47,32549.0,33953.0,34400.0,32039.355
2018-11-20 10:00:00,,10,1,4,11,2018,324,20,47,31330.0,33200.0,33465.0,31392.29
2018-11-20 11:00:00,,11,1,4,11,2018,324,20,47,30646.0,32570.0,32569.0,30998.928
2018-11-20 12:00:00,,12,1,4,11,2018,324,20,47,30008.0,32017.0,31719.0,30865.295
2018-11-20 13:00:00,,13,1,4,11,2018,324,20,47,29701.0,31489.0,31044.0,30529.84
2018-11-20 14:00:00,,14,1,4,11,2018,324,20,47,29615.0,31377.0,30806.0,30347.465
2018-11-20 15:00:00,,15,1,4,11,2018,324,20,47,29623.0,31184.0,30702.0,30405.72
2018-11-20 16:00:00,,16,1,4,11,2018,324,20,47,29882.0,31617.0,31099.0,30868.412
2018-11-20 17:00:00,,17,1,4,11,2018,324,20,47,31082.0,33131.0,32600.0,31590.215
2018-11-20 18:00:00,,18,1,4,11,2018,324,20,47,33103.0,35596.0,34860.0,33539.277
2018-11-20 19:00:00,,19,1,4,11,2018,324,20,47,33151.0,35692.0,34913.0,33578.55
2018-11-20 20:00:00,,20,1,4,11,2018,324,20,47,32603.0,35304.0,34481.0,33021.98
2018-11-20 21:00:00,,21,1,4,11,2018,324,20,47,31763.0,34604.0,33766.0,31851.188
2018-11-20 22:00:00,,22,1,4,11,2018,324,20,47,30341.0,33172.0,32407.0,31071.236
2018-11-20 23:00:00,,23,1,4,11,2018,324,20,47,28251.0,31175.0,30429.0,28919.361
2018-11-21 00:00:00,,0,2,4,11,2018,325,21,47,26264.0,29216.0,28549.0,27099.283
2018-11-21 01:00:00,,1,2,4,11,2018,325,21,47,24772.0,27800.0,27206.0,25895.89
2018-11-21 02:00:00,,2,2,4,11,2018,325,21,47,23958.0,27114.0,26576.0,25238.562
2018-11-21 03:00:00,,3,2,4,11,2018,325,21,47,23450.0,26916.0,26302.0,24938.395
2018-11-21 04:00:00,,4,2,4,11,2018,325,21,47,23387.0,27086.0,26517.0,24990.7
2018-11-21 05:00:00,,5,2,4,11,2018,325,21,47,24041.0,27901.0,27448.0,25608.285
2018-11-21 06:00:00,,6,2,4,11,2018,325,21,47,25820.0,30098.0,29591.0,27304.01
2018-11-21 07:00:00,,7,2,4,11,2018,325,21,47,28622.0,33253.0,32778.0,30146.387
2018-11-21 08:00:00,,8,2,4,11,2018,325,21,47,30432.0,34617.0,34154.0,31310.588
2018-11-21 09:00:00,,9,2,4,11,2018,325,21,47,31100.0,34177.0,33853.0,31447.227
2018-11-21 10:00:00,,10,2,4,11,2018,325,21,47,31010.0,33120.0,32829.0,31243.473
2018-11-21 11:00:00,,11,2,4,11,2018,325,21,47,30792.0,32321.0,31973.0,30984.72
2018-11-21 12:00:00,,12,2,4,11,2018,325,21,47,30440.0,31514.0,31270.0,30551.076
2018-11-21 13:00:00,,13,2,4,11,2018,325,21,47,30001.0,30737.0,30514.0,29759.977
2018-11-21 14:00:00,,14,2,4,11,2018,325,21,47,30055.0,30363.0,30151.0,29737.824
2018-11-21 15:00:00,,15,2,4,11,2018,325,21,47,30145.0,30232.0,29844.0,29659.678
2018-11-21 16:00:00,,16,2,4,11,2018,325,21,47,30573.0,30501.0,29887.0,29815.463
2018-11-21 17:00:00,,17,2,4,11,2018,325,21,47,31940.0,32022.0,31088.0,31282.295
2018-11-21 18:00:00,,18,2,4,11,2018,325,21,47,33785.0,34068.0,33463.0,32684.08
2018-11-21 19:00:00,,19,2,4,11,2018,325,21,47,33701.0,33716.0,33328.0,32550.928
2018-11-21 20:00:00,,20,2,4,11,2018,325,21,47,33222.0,33009.0,32768.0,32209.236
2018-11-21 21:00:00,,21,2,4,11,2018,325,21,47,32505.0,32092.0,31992.0,31744.047
2018-11-21 22:00:00,,22,2,4,11,2018,325,21,47,31396.0,30730.0,30717.0,30351.26
2018-11-21 23:00:00,,23,2,4,11,2018,325,21,47,29806.0,28802.0,28878.0,28658.117
2018-11-22 00:00:00,,0,3,4,11,2018,326,22,47,28068.0,26809.0,27050.0,26703.092
2018-11-22 01:00:00,,1,3,4,11,2018,326,22,47,26682.0,25231.0,25520.0,25299.734
2018-11-22 02:00:00,,2,3,4,11,2018,326,22,47,25944.0,24308.0,24632.0,24320.027
2018-11-22 03:00:00,,3,3,4,11,2018,326,22,47,25632.0,23817.0,24185.0,24004.492
2018-11-22 04:00:00,,4,3,4,11,2018,326,22,47,25734.0,23706.0,24120.0,24096.113
2018-11-22 05:00:00,,5,3,4,11,2018,326,22,47,26213.0,23953.0,24446.0,24176.11
2018-11-22 06:00:00,,6,3,4,11,2018,326,22,47,27270.0,24670.0,25315.0,25270.738
2018-11-22 07:00:00,,7,3,4,11,2018,326,22,47,28579.0,25671.0,26417.0,26603.072
2018-11-22 08:00:00,,8,3,4,11,2018,326,22,47,29460.0,26580.0,27167.0,27222.87
2018-11-22 09:00:00,,9,3,4,11,2018,326,22,47,30052.0,27857.0,27923.0,28278.105
2018-11-22 10:00:00,,10,3,4,11,2018,326,22,47,30119.0,28927.0,28081.0,28627.514
2018-11-22 11:00:00,,11,3,4,11,2018,326,22,47,30028.0,29570.0,28100.0,28812.39
2018-11-22 12:00:00,,12,3,4,11,2018,326,22,47,29647.0,29740.0,27915.0,28613.648
2018-11-22 13:00:00,,13,3,4,11,2018,326,22,47,28794.0,29100.0,27166.0,28009.959
2018-11-22 14:00:00,,14,3,4,11,2018,326,22,47,27817.0,28168.0,26244.0,27459.336
2018-11-22 15:00:00,,15,3,4,11,2018,326,22,47,27237.0,27424.0,25528.0,27194.709
2018-11-22 16:00:00,,16,3,4,11,2018,326,22,47,27029.0,26796.0,25041.0,26943.588
2018-11-22 17:00:00,,17,3,4,11,2018,326,22,47,27695.0,26885.0,25318.0,27160.896
2018-11-22 18:00:00,,18,3,4,11,2018,326,22,47,28960.0,27405.0,26323.0,27674.05
2018-11-22 19:00:00,,19,3,4,11,2018,326,22,47,29032.0,27001.0,26048.0,27592.408
2018-11-22 20:00:00,,20,3,4,11,2018,326,22,47,29138.0,26693.0,25822.0,27547.049
2018-11-22 21:00:00,,21,3,4,11,2018,326,22,47,29298.0,26609.0,25770.0,27526.586
2018-11-22 22:00:00,,22,3,4,11,2018,326,22,47,29102.0,26170.0,25366.0,27064.713
2018-11-22 23:00:00,,23,3,4,11,2018,326,22,47,28428.0,25287.0,24547.0,25989.752
2018-11-23 00:00:00,,0,4,4,11,2018,327,23,47,27547.0,24169.0,23444.0,24963.326
2018-11-23 01:00:00,,1,4,4,11,2018,327,23,47,26693.0,23105.0,22451.0,23493.512
2018-11-23 02:00:00,,2,4,4,11,2018,327,23,47,26264.0,22463.0,21837.0,23150.615
2018-11-23 03:00:00,,3,4,4,11,2018,327,23,47,26076.0,22138.0,21594.0,22991.486
2018-11-23 04:00:00,,4,4,4,11,2018,327,23,47,26273.0,22098.0,21659.0,23063.576
2018-11-23 05:00:00,,5,4,4,11,2018,327,23,47,26957.0,22584.0,22266.0,23681.729
2018-11-23 06:00:00,,6,4,4,11,2018,327,23,47,28379.0,23821.0,23566.0,25066.164
2018-11-23 07:00:00,,7,4,4,11,2018,327,23,47,30084.0,25339.0,25252.0,26885.799
2018-11-23 08:00:00,,8,4,4,11,2018,327,23,47,30723.0,26261.0,26076.0,27482.111
2018-11-23 09:00:00,,9,4,4,11,2018,327,23,47,30463.0,27141.0,26678.0,27852.594
2018-11-23 10:00:00,,10,4,4,11,2018,327,23,47,29519.0,27762.0,26834.0,27553.838
2018-11-23 11:00:00,,11,4,4,11,2018,327,23,47,28594.0,27950.0,26758.0,27541.387
2018-11-23 12:00:00,,12,4,4,11,2018,327,23,47,27805.0,27910.0,26397.0,27296.7
2018-11-23 13:00:00,,13,4,4,11,2018,327,23,47,27161.0,27845.0,26004.0,27246.8
2018-11-23 14:00:00,,14,4,4,11,2018,327,23,47,26760.0,27688.0,25777.0,27130.041
2018-11-23 15:00:00,,15,4,4,11,2018,327,23,47,26712.0,27500.0,25656.0,27108.883
2018-11-23 16:00:00,,16,4,4,11,2018,327,23,47,27188.0,27721.0,25893.0,27393.613
2018-11-23 17:00:00,,17,4,4,11,2018,327,23,47,28731.0,29014.0,27179.0,28230.592
2018-11-23 18:00:00,,18,4,4,11,2018,327,23,47,31070.0,30420.0,29365.0,29906.344
2018-11-23 19:00:00,,19,4,4,11,2018,327,23,47,31049.0,30005.0,29110.0,29603.938
2018-11-23 20:00:00,,20,4,4,11,2018,327,23,47,30727.0,29410.0,28539.0,29380.273
2018-11-23 21:00:00,,21,4,4,11,2018,327,23,47,30261.0,28669.0,27820.0,28861.047
2018-11-23 22:00:00,,22,4,4,11,2018,327,23,47,29444.0,27712.0,26771.0,27564.39
2018-11-23 23:00:00,,23,4,4,11,2018,327,23,47,28188.0,26310.0,25308.0,26552.582
2018-11-24 00:00:00,,0,5,4,11,2018,328,24,47,26798.0,24763.0,23694.0,24628.04
2018-11-24 01:00:00,,1,5,4,11,2018,328,24,47,25703.0,23403.0,22288.0,23119.469
2018-11-24 02:00:00,,2,5,4,11,2018,328,24,47,25035.0,22537.0,21407.0,22648.545
2018-11-24 03:00:00,,3,5,4,11,2018,328,24,47,24758.0,22128.0,20950.0,22570.383
2018-11-24 04:00:00,,4,5,4,11,2018,328,24,47,24734.0,22032.0,20712.0,22570.383
2018-11-24 05:00:00,,5,5,4,11,2018,328,24,47,25120.0,22348.0,20852.0,22618.043
2018-11-24 06:00:00,,6,5,4,11,2018,328,24,47,25963.0,23117.0,21532.0,22886.227
2018-11-24 07:00:00,,7,5,4,11,2018,328,24,47,27230.0,24374.0,22539.0,24344.795
2018-11-24 08:00:00,,8,5,4,11,2018,328,24,47,28061.0,25408.0,23573.0,25326.975
2018-11-24 09:00:00,,9,5,4,11,2018,328,24,47,28469.0,26450.0,24903.0,26013.371
2018-11-24 10:00:00,,10,5,4,11,2018,328,24,47,28027.0,27154.0,25981.0,26625.316
2018-11-24 11:00:00,,11,5,4,11,2018,328,24,47,27358.0,27459.0,26447.0,26670.74
2018-11-24 12:00:00,,12,5,4,11,2018,328,24,47,26647.0,27650.0,26553.0,26544.283
2018-11-24 13:00:00,,13,5,4,11,2018,328,24,47,26096.0,27472.0,26482.0,26518.684
2018-11-24 14:00:00,,14,5,4,11,2018,328,24,47,25769.0,27126.0,26346.0,26459.152
2018-11-24 15:00:00,,15,5,4,11,2018,328,24,47,25843.0,27053.0,26296.0,26457.45
2018-11-24 16:00:00,,16,5,4,11,2018,328,24,47,26315.0,27437.0,26543.0,26751.5
2018-11-24 17:00:00,,17,5,4,11,2018,328,24,47,27685.0,28879.0,27795.0,27745.32
2018-11-24 18:00:00,,18,5,4,11,2018,328,24,47,29447.0,30778.0,29134.0,28775.92
2018-11-24 19:00:00,,19,5,4,11,2018,328,24,47,29411.0,30724.0,28907.0,28762.97
2018-11-24 20:00:00,,20,5,4,11,2018,328,24,47,29112.0,30426.0,28468.0,28638.932
2018-11-24 21:00:00,,21,5,4,11,2018,328,24,47,28620.0,29976.0,27827.0,28053.088
2018-11-24 22:00:00,,22,5,4,11,2018,328,24,47,27794.0,29159.0,26933.0,27347.209
2018-11-24 23:00:00,,23,5,4,11,2018,328,24,47,26495.0,27841.0,25537.0,26461.133
2018-11-25 00:00:00,,0,6,4,11,2018,329,25,47,24966.0,26372.0,23889.0,25004.078
2018-11-25 01:00:00,,1,6,4,11,2018,329,25,47,23628.0,25146.0,22490.0,23090.346
2018-11-25 02:00:00,,2,6,4,11,2018,329,25,47,22801.0,24361.0,21616.0,22436.771
2018-11-25 03:00:00,,3,6,4,11,2018,329,25,47,22422.0,23974.0,21148.0,22162.516
2018-11-25 04:00:00,,4,6,4,11,2018,329,25,47,22313.0,23853.0,20942.0,22162.516
2018-11-25 05:00:00,,5,6,4,11,2018,329,25,47,22540.0,24079.0,21099.0,22351.066
2018-11-25 06:00:00,,6,6,4,11,2018,329,25,47,23255.0,24720.0,21697.0,22566.957
2018-11-25 07:00:00,,7,6,4,11,2018,329,25,47,24242.0,25781.0,22737.0,23937.357
2018-11-25 08:00:00,,8,6,4,11,2018,329,25,47,25055.0,26464.0,23887.0,24972.193
2018-11-25 09:00:00,,9,6,4,11,2018,329,25,47,25856.0,26935.0,25314.0,25806.066
2018-11-25 10:00:00,,10,6,4,11,2018,329,25,47,26190.0,26855.0,26476.0,26219.695
2018-11-25 11:00:00,,11,6,4,11,2018,329,25,47,26105.0,26714.0,26939.0,26392.982
2018-11-25 12:00:00,,12,6,4,11,2018,329,25,47,25839.0,26564.0,26947.0,26357.459
2018-11-25 13:00:00,,13,6,4,11,2018,329,25,47,25884.0,26587.0,26982.0,26400.633
2018-11-25 14:00:00,,14,6,4,11,2018,329,25,47,26060.0,26523.0,26920.0,26525.264
2018-11-25 15:00:00,,15,6,4,11,2018,329,25,47,26250.0,26645.0,26949.0,26672.691
2018-11-25 16:00:00,,16,6,4,11,2018,329,25,47,26780.0,27139.0,27377.0,26989.965
2018-11-25 17:00:00,,17,6,4,11,2018,329,25,47,28648.0,29056.0,29209.0,28257.045
2018-11-25 18:00:00,,18,6,4,11,2018,329,25,47,31433.0,31688.0,31604.0,30834.81
2018-11-25 19:00:00,,19,6,4,11,2018,329,25,47,31865.0,31977.0,31849.0,31024.68
2018-11-25 20:00:00,,20,6,4,11,2018,329,25,47,31824.0,31858.0,31536.0,30952.08
2018-11-25 21:00:00,,21,6,4,11,2018,329,25,47,31417.0,31369.0,31045.0,30556.512
2018-11-25 22:00:00,,22,6,4,11,2018,329,25,47,30274.0,30186.0,29690.0,29039.89
2018-11-25 23:00:00,,23,6,4,11,2018,329,25,47,28607.0,28527.0,27900.0,27547.488
2018-11-26 00:00:00,,0,0,4,11,2018,330,26,48,26888.0,26907.0,26102.0,26256.604
2018-11-26 01:00:00,,1,0,4,11,2018,330,26,48,25682.0,25772.0,24816.0,24881.207
2018-11-26 02:00:00,,2,0,4,11,2018,330,26,48,25020.0,25216.0,24212.0,24259.117
2018-11-26 03:00:00,,3,0,4,11,2018,330,26,48,24746.0,25189.0,24017.0,24211.46
2018-11-26 04:00:00,,4,0,4,11,2018,330,26,48,24855.0,25565.0,24259.0,24445.965
2018-11-26 05:00:00,,5,0,4,11,2018,330,26,48,25703.0,26652.0,25215.0,25270.422
2018-11-26 06:00:00,,6,0,4,11,2018,330,26,48,27844.0,28984.0,27471.0,26897.82
2018-11-26 07:00:00,,7,0,4,11,2018,330,26,48,30936.0,32238.0,30785.0,30282.258
2018-11-26 08:00:00,,8,0,4,11,2018,330,26,48,32214.0,33545.0,32464.0,31259.041
2018-11-26 09:00:00,,9,0,4,11,2018,330,26,48,31654.0,33054.0,32597.0,31178.418
2018-11-26 10:00:00,,10,0,4,11,2018,330,26,48,30727.0,32069.0,32537.0,30950.723
2018-11-26 11:00:00,,11,0,4,11,2018,330,26,48,30122.0,31237.0,32414.0,30685.064
2018-11-26 12:00:00,,12,0,4,11,2018,330,26,48,29599.0,30600.0,32173.0,30099.94
2018-11-26 13:00:00,,13,0,4,11,2018,330,26,48,29049.0,30081.0,31879.0,29800.14
2018-11-26 14:00:00,,14,0,4,11,2018,330,26,48,28895.0,29809.0,31867.0,29603.457
2018-11-26 15:00:00,,15,0,4,11,2018,330,26,48,28918.0,29690.0,31902.0,29661.713
2018-11-26 16:00:00,,16,0,4,11,2018,330,26,48,29416.0,30230.0,32305.0,30126.23
2018-11-26 17:00:00,,17,0,4,11,2018,330,26,48,30966.0,32136.0,33995.0,31587.27
2018-11-26 18:00:00,,18,0,4,11,2018,330,26,48,33522.0,34429.0,35804.0,33290.754
2018-11-26 19:00:00,,19,0,4,11,2018,330,26,48,33818.0,34461.0,35566.0,33338.188
2018-11-26 20:00:00,,20,0,4,11,2018,330,26,48,33521.0,33912.0,34889.0,32872.242
2018-11-26 21:00:00,,21,0,4,11,2018,330,26,48,32749.0,32953.0,33718.0,32107.781
2018-11-26 22:00:00,,22,0,4,11,2018,330,26,48,31295.0,31138.0,31909.0,30812.447
2018-11-26 23:00:00,,23,0,4,11,2018,330,26,48,29229.0,28727.0,29411.0,28222.402
2018-11-27 00:00:00,,0,1,4,11,2018,331,27,48,27306.0,26376.0,27019.0,26478.775
2018-11-27 01:00:00,,1,1,4,11,2018,331,27,48,26070.0,24757.0,25352.0,24946.566
2018-11-27 02:00:00,,2,1,4,11,2018,331,27,48,25500.0,23766.0,24402.0,24004.492
2018-11-27 03:00:00,,3,1,4,11,2018,331,27,48,25330.0,23313.0,23923.0,23715.297
2018-11-27 04:00:00,,4,1,4,11,2018,331,27,48,25595.0,23228.0,23857.0,23715.297
2018-11-27 05:00:00,,5,1,4,11,2018,331,27,48,26569.0,23880.0,24470.0,24176.11
2018-11-27 06:00:00,,6,1,4,11,2018,331,27,48,28874.0,25825.0,26487.0,26271.988
2018-11-27 07:00:00,,7,1,4,11,2018,331,27,48,32304.0,29004.0,29826.0,29460.4
2018-11-27 08:00:00,,8,1,4,11,2018,331,27,48,33710.0,30802.0,31749.0,31022.62
2018-11-27 09:00:00,,9,1,4,11,2018,331,27,48,32870.0,31091.0,31966.0,31001.877
2018-11-27 10:00:00,,10,1,4,11,2018,331,27,48,31539.0,31253.0,32143.0,30769.906
2018-11-27 11:00:00,,11,1,4,11,2018,331,27,48,30548.0,31532.0,32407.0,30869.717
2018-11-27 12:00:00,,12,1,4,11,2018,331,27,48,29811.0,31565.0,32421.0,30807.424
2018-11-27 13:00:00,,13,1,4,11,2018,331,27,48,29271.0,31513.0,32249.0,30146.518
2018-11-27 14:00:00,,14,1,4,11,2018,331,27,48,29178.0,31370.0,32085.0,30191.93
2018-11-27 15:00:00,,15,1,4,11,2018,331,27,48,29151.0,31093.0,31795.0,30092.504
2018-11-27 16:00:00,,16,1,4,11,2018,331,27,48,29474.0,31188.0,31886.0,30386.05
2018-11-27 17:00:00,,17,1,4,11,2018,331,27,48,30987.0,32267.0,33241.0,31523.797
2018-11-27 18:00:00,,18,1,4,11,2018,331,27,48,33453.0,33666.0,34767.0,32836.426
2018-11-27 19:00:00,,19,1,4,11,2018,331,27,48,33594.0,33366.0,34502.0,32783.164
2018-11-27 20:00:00,,20,1,4,11,2018,331,27,48,33175.0,32625.0,33720.0,32224.197
2018-11-27 21:00:00,,21,1,4,11,2018,331,27,48,32405.0,31560.0,32747.0,31650.89
2018-11-27 22:00:00,,22,1,4,11,2018,331,27,48,30759.0,29791.0,30972.0,29915.154
2018-11-27 23:00:00,,23,1,4,11,2018,331,27,48,28503.0,27393.0,28497.0,27637.154
2018-11-28 00:00:00,,0,2,4,11,2018,332,28,48,26402.0,25034.0,26091.0,25455.268
2018-11-28 01:00:00,,1,2,4,11,2018,332,28,48,24961.0,23445.0,24389.0,23809.566
2018-11-28 02:00:00,,2,2,4,11,2018,332,28,48,24223.0,22518.0,23401.0,23262.34
2018-11-28 03:00:00,,3,2,4,11,2018,332,28,48,23992.0,22055.0,22911.0,22711.25
2018-11-28 04:00:00,,4,2,4,11,2018,332,28,48,24023.0,21961.0,22826.0,22610.82
2018-11-28 05:00:00,,5,2,4,11,2018,332,28,48,24835.0,22552.0,23465.0,23459.977
2018-11-28 06:00:00,,6,2,4,11,2018,332,28,48,27031.0,24466.0,25574.0,25371.664
2018-11-28 07:00:00,,7,2,4,11,2018,332,28,48,30370.0,27798.0,28954.0,27983.018
2018-11-28 08:00:00,,8,2,4,11,2018,332,28,48,31610.0,29698.0,30856.0,29819.414
2018-11-28 09:00:00,,9,2,4,11,2018,332,28,48,31043.0,29945.0,31130.0,29987.154
2018-11-28 10:00:00,,10,2,4,11,2018,332,28,48,30139.0,30300.0,31316.0,30079.352
2018-11-28 11:00:00,,11,2,4,11,2018,332,28,48,29354.0,30664.0,31427.0,29752.475
2018-11-28 12:00:00,,12,2,4,11,2018,332,28,48,28956.0,30815.0,31411.0,29727.299
2018-11-28 13:00:00,,13,2,4,11,2018,332,28,48,28647.0,30743.0,31294.0,29617.404
2018-11-28 14:00:00,,14,2,4,11,2018,332,28,48,28626.0,30714.0,31313.0,29712.342
2018-11-28 15:00:00,,15,2,4,11,2018,332,28,48,28716.0,30576.0,31235.0,29748.258
2018-11-28 16:00:00,,16,2,4,11,2018,332,28,48,29028.0,30791.0,31510.0,29989.678
2018-11-28 17:00:00,,17,2,4,11,2018,332,28,48,30455.0,32080.0,32944.0,31326.676
2018-11-28 18:00:00,,18,2,4,11,2018,332,28,48,32878.0,33357.0,34273.0,32340.88
2018-11-28 19:00:00,,19,2,4,11,2018,332,28,48,33062.0,33028.0,33905.0,32355.904
2018-11-28 20:00:00,,20,2,4,11,2018,332,28,48,32676.0,32317.0,33207.0,32044.873
2018-11-28 21:00:00,,21,2,4,11,2018,332,28,48,32073.0,31380.0,32195.0,31227.234
2018-11-28 22:00:00,,22,2,4,11,2018,332,28,48,30715.0,29677.0,30514.0,29438.871
2018-11-28 23:00:00,,23,2,4,11,2018,332,28,48,28672.0,27385.0,28112.0,27672.771
2018-11-29 00:00:00,,0,3,4,11,2018,333,29,48,26822.0,25161.0,25721.0,25580.936
2018-11-29 01:00:00,,1,3,4,11,2018,333,29,48,25513.0,23373.0,24143.0,23912.215
2018-11-29 02:00:00,,2,3,4,11,2018,333,29,48,24907.0,22468.0,23230.0,23146.055
2018-11-29 03:00:00,,3,3,4,11,2018,333,29,48,24727.0,21987.0,22923.0,22935.805
2018-11-29 04:00:00,,4,3,4,11,2018,333,29,48,24939.0,21880.0,22984.0,23021.82
2018-11-29 05:00:00,,5,3,4,11,2018,333,29,48,25821.0,22484.0,23851.0,23767.457
2018-11-29 06:00:00,,6,3,4,11,2018,333,29,48,28087.0,24500.0,26125.0,25698.082
2018-11-29 07:00:00,,7,3,4,11,2018,333,29,48,31574.0,28004.0,29906.0,28490.352
2018-11-29 08:00:00,,8,3,4,11,2018,333,29,48,33133.0,29468.0,31713.0,30778.709
2018-11-29 09:00:00,,9,3,4,11,2018,333,29,48,32963.0,29460.0,31643.0,30783.967
2018-11-29 10:00:00,,10,3,4,11,2018,333,29,48,32228.0,29185.0,31442.0,30281.945
2018-11-29 11:00:00,,11,3,4,11,2018,333,29,48,31450.0,29121.0,31195.0,30023.6
2018-11-29 12:00:00,,12,3,4,11,2018,333,29,48,30549.0,29025.0,30873.0,29818.584
2018-11-29 13:00:00,,13,3,4,11,2018,333,29,48,29877.0,29184.0,30693.0,29749.887
2018-11-29 14:00:00,,14,3,4,11,2018,333,29,48,29678.0,29611.0,30659.0,29704.422
2018-11-29 15:00:00,,15,3,4,11,2018,333,29,48,29569.0,29756.0,30669.0,29321.068
2018-11-29 16:00:00,,16,3,4,11,2018,333,29,48,29865.0,30180.0,31075.0,30412.533
2018-11-29 17:00:00,,17,3,4,11,2018,333,29,48,31593.0,31849.0,32781.0,31483.688
2018-11-29 18:00:00,,18,3,4,11,2018,333,29,48,33875.0,33851.0,35409.0,33085.086
2018-11-29 19:00:00,,19,3,4,11,2018,333,29,48,33825.0,33862.0,35477.0,33211.223
2018-11-29 20:00:00,,20,3,4,11,2018,333,29,48,33377.0,33468.0,35063.0,32832.434
2018-11-29 21:00:00,,21,3,4,11,2018,333,29,48,32491.0,32799.0,34307.0,32035.996
2018-11-29 22:00:00,,22,3,4,11,2018,333,29,48,30845.0,31419.0,32753.0,30743.336
2018-11-29 23:00:00,,23,3,4,11,2018,333,29,48,28581.0,29157.0,30261.0,28395.24
2018-11-30 00:00:00,,0,4,4,11,2018,334,30,48,26364.0,26988.0,27964.0,26546.12
2018-11-30 01:00:00,,1,4,4,11,2018,334,30,48,24804.0,25478.0,26310.0,25120.832
2018-11-30 02:00:00,,2,4,4,11,2018,334,30,48,24003.0,24705.0,25384.0,24293.39
2018-11-30 03:00:00,,3,4,4,11,2018,334,30,48,23780.0,24427.0,25027.0,23909.145
2018-11-30 04:00:00,,4,4,4,11,2018,334,30,48,23891.0,24503.0,25081.0,24057.902
2018-11-30 05:00:00,,5,4,4,11,2018,334,30,48,24694.0,25307.0,25803.0,24957.297
2018-11-30 06:00:00,,6,4,4,11,2018,334,30,48,26782.0,27379.0,27965.0,26573.684
2018-11-30 07:00:00,,7,4,4,11,2018,334,30,48,30145.0,30840.0,31518.0,29678.59
2018-11-30 08:00:00,,8,4,4,11,2018,334,30,48,31742.0,32155.0,33001.0,31013.723
2018-11-30 09:00:00,,9,4,4,11,2018,334,30,48,31183.0,31788.0,32585.0,31020.088
2018-11-30 10:00:00,,10,4,4,11,2018,334,30,48,30272.0,31054.0,31799.0,30367.191
2018-11-30 11:00:00,,11,4,4,11,2018,334,30,48,29862.0,30529.0,31109.0,30187.248
2018-11-30 12:00:00,,12,4,4,11,2018,334,30,48,29289.0,30024.0,30510.0,28991.053
2018-11-30 13:00:00,,13,4,4,11,2018,334,30,48,28734.0,29650.0,29908.0,28695.742
2018-11-30 14:00:00,,14,4,4,11,2018,334,30,48,28629.0,29672.0,29630.0,28705.162
2018-11-30 15:00:00,,15,4,4,11,2018,334,30,48,28655.0,29882.0,29482.0,28763.418
2018-11-30 16:00:00,,16,4,4,11,2018,334,30,48,29093.0,30402.0,29752.0,29160.924
2018-11-30 17:00:00,,17,4,4,11,2018,334,30,48,30607.0,32127.0,31300.0,31103.324
2018-11-30 18:00:00,,18,4,4,11,2018,334,30,48,33082.0,34206.0,33870.0,32660.37
2018-11-30 19:00:00,,19,4,4,11,2018,334,30,48,32977.0,33945.0,33848.0,32454.623
2018-11-30 20:00:00,,20,4,4,11,2018,334,30,48,32585.0,33328.0,33333.0,32250.783
2018-11-30 21:00:00,,21,4,4,11,2018,334,30,48,32129.0,32568.0,32853.0,31659.324
2018-11-30 22:00:00,,22,4,4,11,2018,334,30,48,31259.0,31370.0,31871.0,30787.98
2018-11-30 23:00:00,,23,4,4,11,2018,334,30,48,29784.0,29568.0,30233.0,29128.828
2018-12-01 00:00:00,,0,5,4,12,2018,335,1,48,28097.0,27514.0,28303.0,27054.277
2018-12-01 01:00:00,,1,5,4,12,2018,335,1,48,26763.0,25958.0,26877.0,25804.064
2018-12-01 02:00:00,,2,5,4,12,2018,335,1,48,26199.0,24976.0,26070.0,25057.656
2018-12-01 03:00:00,,3,5,4,12,2018,335,1,48,25927.0,24474.0,25715.0,24835.914
2018-12-01 04:00:00,,4,5,4,12,2018,335,1,48,26000.0,24263.0,25699.0,24835.914
2018-12-01 05:00:00,,5,5,4,12,2018,335,1,48,26405.0,24493.0,26081.0,24931.746
2018-12-01 06:00:00,,6,5,4,12,2018,335,1,48,27498.0,25341.0,27055.0,25680.768
2018-12-01 07:00:00,,7,5,4,12,2018,335,1,48,28957.0,26633.0,28504.0,26948.42
2018-12-01 08:00:00,,8,5,4,12,2018,335,1,48,30106.0,27703.0,29659.0,27922.348
2018-12-01 09:00:00,,9,5,4,12,2018,335,1,48,30519.0,28501.0,30301.0,28413.447
2018-12-01 10:00:00,,10,5,4,12,2018,335,1,48,29827.0,28827.0,29827.0,28461.479
2018-12-01 11:00:00,,11,5,4,12,2018,335,1,48,29098.0,28701.0,29085.0,27907.123
2018-12-01 12:00:00,,12,5,4,12,2018,335,1,48,28406.0,28396.0,28323.0,27636.15
2018-12-01 13:00:00,,13,5,4,12,2018,335,1,48,28009.0,28032.0,27577.0,27230.576
2018-12-01 14:00:00,,14,5,4,12,2018,335,1,48,27739.0,27654.0,26972.0,27082.309
2018-12-01 15:00:00,,15,5,4,12,2018,335,1,48,27700.0,27623.0,26754.0,27076.656
2018-12-01 16:00:00,,16,5,4,12,2018,335,1,48,28034.0,28285.0,27086.0,27454.344
2018-12-01 17:00:00,,17,5,4,12,2018,335,1,48,29637.0,30138.0,28776.0,28975.54
2018-12-01 18:00:00,,18,5,4,12,2018,335,1,48,31679.0,32131.0,31634.0,30964.018
2018-12-01 19:00:00,,19,5,4,12,2018,335,1,48,31750.0,32073.0,31947.0,31024.68
2018-12-01 20:00:00,,20,5,4,12,2018,335,1,48,31497.0,31646.0,31810.0,30895.473
2018-12-01 21:00:00,,21,5,4,12,2018,335,1,48,31153.0,31030.0,31558.0,30392.977
2018-12-01 22:00:00,,22,5,4,12,2018,335,1,48,30430.0,30119.0,30915.0,29823.182
2018-12-01 23:00:00,,23,5,4,12,2018,335,1,48,29111.0,28718.0,29663.0,28090.193
2018-12-02 00:00:00,,0,6,4,12,2018,336,2,48,27527.0,26997.0,28133.0,26856.66
2018-12-02 01:00:00,,1,6,4,12,2018,336,2,48,26264.0,25492.0,26776.0,25440.951
2018-12-02 02:00:00,,2,6,4,12,2018,336,2,48,25451.0,24477.0,26056.0,24744.29
2018-12-02 03:00:00,,3,6,4,12,2018,336,2,48,24998.0,24003.0,25726.0,24453.09
2018-12-02 04:00:00,,4,6,4,12,2018,336,2,48,24769.0,23817.0,25687.0,24405.434
2018-12-02 05:00:00,,5,6,4,12,2018,336,2,48,24856.0,24029.0,26023.0,24593.984
2018-12-02 06:00:00,,6,6,4,12,2018,336,2,48,25376.0,24673.0,26800.0,24866.678
2018-12-02 07:00:00,,7,6,4,12,2018,336,2,48,26316.0,25737.0,28028.0,25962.916
2018-12-02 08:00:00,,8,6,4,12,2018,336,2,48,27284.0,26512.0,28937.0,26770.451
2018-12-02 09:00:00,,9,6,4,12,2018,336,2,48,28246.0,27388.0,29624.0,27273.361
2018-12-02 10:00:00,,10,6,4,12,2018,336,2,48,28564.0,27773.0,29244.0,27373.691
2018-12-02 11:00:00,,11,6,4,12,2018,336,2,48,28356.0,27546.0,28390.0,27396.447
2018-12-02 12:00:00,,12,6,4,12,2018,336,2,48,28024.0,27344.0,27638.0,27054.193
2018-12-02 13:00:00,,13,6,4,12,2018,336,2,48,27648.0,27253.0,27103.0,26973.762
2018-12-02 14:00:00,,14,6,4,12,2018,336,2,48,27338.0,27268.0,26771.0,26942.494
2018-12-02 15:00:00,,15,6,4,12,2018,336,2,48,27236.0,27432.0,26741.0,27000.75
2018-12-02 16:00:00,,16,6,4,12,2018,336,2,48,27503.0,28129.0,27318.0,27344.514
2018-12-02 17:00:00,,17,6,4,12,2018,336,2,48,29317.0,30442.0,29579.0,28826.951
2018-12-02 18:00:00,,18,6,4,12,2018,336,2,48,32132.0,32861.0,32603.0,31369.406
2018-12-02 19:00:00,,19,6,4,12,2018,336,2,48,32626.0,33069.0,33006.0,31764.197
2018-12-02 20:00:00,,20,6,4,12,2018,336,2,48,32636.0,32783.0,32837.0,31675.639
2018-12-02 21:00:00,,21,6,4,12,2018,336,2,48,32265.0,32196.0,32545.0,31392.438
2018-12-02 22:00:00,,22,6,4,12,2018,336,2,48,31155.0,30757.0,31314.0,30030.172
2018-12-02 23:00:00,,23,6,4,12,2018,336,2,48,29472.0,28730.0,29328.0,28120.432
2018-12-03 00:00:00,,0,0,4,12,2018,337,3,49,27734.0,26779.0,27264.0,26617.385
2018-12-03 01:00:00,,1,0,4,12,2018,337,3,49,26472.0,25384.0,25975.0,25423.77
2018-12-03 02:00:00,,2,0,4,12,2018,337,3,49,26033.0,24722.0,25390.0,24921.312
2018-12-03 03:00:00,,3,0,4,12,2018,337,3,49,26033.0,24546.0,25175.0,24685.82
2018-12-03 04:00:00,,4,0,4,12,2018,337,3,49,26390.0,24748.0,25408.0,24921.312
2018-12-03 05:00:00,,5,0,4,12,2018,337,3,49,27538.0,25606.0,26406.0,25691.668
2018-12-03 06:00:00,,6,0,4,12,2018,337,3,49,29982.0,27822.0,28846.0,27426.984
2018-12-03 07:00:00,,7,0,4,12,2018,337,3,49,33549.0,31204.0,32642.0,30706.635
2018-12-03 08:00:00,,8,0,4,12,2018,337,3,49,35076.0,33003.0,34338.0,32465.709
2018-12-03 09:00:00,,9,0,4,12,2018,337,3,49,34674.0,33085.0,33963.0,32344.066
2018-12-03 10:00:00,,10,0,4,12,2018,337,3,49,33362.0,32831.0,32831.0,31786.828
2018-12-03 11:00:00,,11,0,4,12,2018,337,3,49,32234.0,32267.0,31781.0,31324.611
2018-12-03 12:00:00,,12,0,4,12,2018,337,3,49,31488.0,31359.0,31022.0,30729.22
2018-12-03 13:00:00,,13,0,4,12,2018,337,3,49,30857.0,30582.0,30564.0,30043.252
2018-12-03 14:00:00,,14,0,4,12,2018,337,3,49,30579.0,30286.0,30409.0,29828.201
2018-12-03 15:00:00,,15,0,4,12,2018,337,3,49,30555.0,30226.0,30388.0,29886.457
2018-12-03 16:00:00,,16,0,4,12,2018,337,3,49,31012.0,30652.0,30869.0,30642.498
2018-12-03 17:00:00,,17,0,4,12,2018,337,3,49,32942.0,32564.0,32659.0,32006.92
2018-12-03 18:00:00,,18,0,4,12,2018,337,3,49,35409.0,35214.0,35355.0,34155.867
2018-12-03 19:00:00,,19,0,4,12,2018,337,3,49,35430.0,35345.0,35417.0,34155.867
2018-12-03 20:00:00,,20,0,4,12,2018,337,3,49,34998.0,34987.0,35019.0,33737.113
2018-12-03 21:00:00,,21,0,4,12,2018,337,3,49,34097.0,34282.0,34310.0,32952.516
2018-12-03 22:00:00,,22,0,4,12,2018,337,3,49,32395.0,32827.0,32685.0,31592.264
2018-12-03 23:00:00,,23,0,4,12,2018,337,3,49,29885.0,30418.0,30184.0,29369.412
2018-12-04 00:00:00,,0,1,4,12,2018,338,4,49,27494.0,28130.0,27778.0,26938.178
2018-12-04 01:00:00,,1,1,4,12,2018,338,4,49,25728.0,26578.0,26165.0,25791.3
2018-12-04 02:00:00,,2,1,4,12,2018,338,4,49,24851.0,25796.0,25380.0,25094.336
2018-12-04 03:00:00,,3,1,4,12,2018,338,4,49,24430.0,25586.0,25119.0,24729.766
2018-12-04 04:00:00,,4,1,4,12,2018,338,4,49,24356.0,25682.0,25266.0,24956.05
2018-12-04 05:00:00,,5,1,4,12,2018,338,4,49,24970.0,26549.0,26225.0,25455.012
2018-12-04 06:00:00,,6,1,4,12,2018,338,4,49,26934.0,28875.0,28605.0,27172.793
2018-12-04 07:00:00,,7,1,4,12,2018,338,4,49,30164.0,32417.0,32486.0,30289.674
2018-12-04 08:00:00,,8,1,4,12,2018,338,4,49,31749.0,34095.0,34132.0,31365.973
2018-12-04 09:00:00,,9,1,4,12,2018,338,4,49,31613.0,33888.0,33510.0,31406.95
2018-12-04 10:00:00,,10,1,4,12,2018,338,4,49,31426.0,33695.0,32567.0,31391.684
2018-12-04 11:00:00,,11,1,4,12,2018,338,4,49,31257.0,33534.0,31908.0,31285.682
2018-12-04 12:00:00,,12,1,4,12,2018,338,4,49,31115.0,33315.0,31211.0,31141.455
2018-12-04 13:00:00,,13,1,4,12,2018,338,4,49,30699.0,33292.0,30665.0,30920.059
2018-12-04 14:00:00,,14,1,4,12,2018,338,4,49,30804.0,33406.0,30497.0,30872.598
2018-12-04 15:00:00,,15,1,4,12,2018,338,4,49,30783.0,33488.0,30538.0,31107.64
2018-12-04 16:00:00,,16,1,4,12,2018,338,4,49,31028.0,34086.0,30981.0,31498.953
2018-12-04 17:00:00,,17,1,4,12,2018,338,4,49,32612.0,35928.0,32847.0,33008.477
2018-12-04 18:00:00,,18,1,4,12,2018,338,4,49,34140.0,37359.0,35819.0,34337.38
2018-12-04 19:00:00,,19,1,4,12,2018,338,4,49,33846.0,37074.0,36118.0,34514.438
2018-12-04 20:00:00,,20,1,4,12,2018,338,4,49,33202.0,36418.0,35815.0,33934.69
2018-12-04 21:00:00,,21,1,4,12,2018,338,4,49,32233.0,35343.0,35186.0,32793.535
2018-12-04 22:00:00,,22,1,4,12,2018,338,4,49,30557.0,33480.0,33686.0,31336.67
2018-12-04 23:00:00,,23,1,4,12,2018,338,4,49,28025.0,30811.0,31269.0,29110.613
2018-12-05 00:00:00,,0,2,4,12,2018,339,5,49,25616.0,28367.0,28793.0,26897.814
2018-12-05 01:00:00,,1,2,4,12,2018,339,5,49,23997.0,26586.0,27173.0,25434.395
2018-12-05 02:00:00,,2,2,4,12,2018,339,5,49,23266.0,25661.0,26395.0,24607.887
2018-12-05 03:00:00,,3,2,4,12,2018,339,5,49,22998.0,25265.0,26134.0,24241.164
2018-12-05 04:00:00,,4,2,4,12,2018,339,5,49,23135.0,25228.0,26240.0,24241.164
2018-12-05 05:00:00,,5,2,4,12,2018,339,5,49,23976.0,25954.0,27103.0,25056.363
2018-12-05 06:00:00,,6,2,4,12,2018,339,5,49,26331.0,28072.0,29446.0,26808.205
2018-12-05 07:00:00,,7,2,4,12,2018,339,5,49,30118.0,31536.0,33083.0,30273.812
2018-12-05 08:00:00,,8,2,4,12,2018,339,5,49,32315.0,33273.0,34604.0,31846.994
2018-12-05 09:00:00,,9,2,4,12,2018,339,5,49,32496.0,33374.0,34114.0,31764.566
2018-12-05 10:00:00,,10,2,4,12,2018,339,5,49,32484.0,33075.0,33453.0,31794.5
2018-12-05 11:00:00,,11,2,4,12,2018,339,5,49,32140.0,32534.0,32848.0,31501.29
2018-12-05 12:00:00,,12,2,4,12,2018,339,5,49,31444.0,32006.0,32219.0,31285.738
2018-12-05 13:00:00,,13,2,4,12,2018,339,5,49,30785.0,31637.0,31659.0,31060.084
2018-12-05 14:00:00,,14,2,4,12,2018,339,5,49,30822.0,31440.0,31394.0,30886.16
2018-12-05 15:00:00,,15,2,4,12,2018,339,5,49,31425.0,31159.0,31318.0,31084.867
2018-12-05 16:00:00,,16,2,4,12,2018,339,5,49,32097.0,31393.0,31683.0,31480.37
2018-12-05 17:00:00,,17,2,4,12,2018,339,5,49,34167.0,33149.0,33365.0,32813.137
2018-12-05 18:00:00,,18,2,4,12,2018,339,5,49,36332.0,35726.0,35684.0,35099.254
2018-12-05 19:00:00,,19,2,4,12,2018,339,5,49,36330.0,35930.0,35521.0,35159.086
2018-12-05 20:00:00,,20,2,4,12,2018,339,5,49,35924.0,35654.0,34921.0,34311.645
2018-12-05 21:00:00,,21,2,4,12,2018,339,5,49,35205.0,35071.0,34001.0,33641.723
2018-12-05 22:00:00,,22,2,4,12,2018,339,5,49,33727.0,33635.0,32333.0,32281.035
2018-12-05 23:00:00,,23,2,4,12,2018,339,5,49,31274.0,31395.0,29696.0,29911.203
2018-12-06 00:00:00,,0,3,4,12,2018,340,6,49,28913.0,29161.0,27049.0,26862.494
2018-12-06 01:00:00,,1,3,4,12,2018,340,6,49,27350.0,27653.0,25191.0,25526.25
2018-12-06 02:00:00,,2,3,4,12,2018,340,6,49,26629.0,26913.0,24263.0,24823.629
2018-12-06 03:00:00,,3,3,4,12,2018,340,6,49,26284.0,26629.0,23770.0,24654.59
2018-12-06 04:00:00,,4,3,4,12,2018,340,6,49,26317.0,26750.0,23700.0,24654.59
2018-12-06 05:00:00,,5,3,4,12,2018,340,6,49,27167.0,27555.0,24456.0,25078.906
2018-12-06 06:00:00,,6,3,4,12,2018,340,6,49,29418.0,29700.0,26506.0,26700.914
2018-12-06 07:00:00,,7,3,4,12,2018,340,6,49,33045.0,33093.0,30154.0,30161.365
2018-12-06 08:00:00,,8,3,4,12,2018,340,6,49,34574.0,34701.0,31752.0,31810.441
2018-12-06 09:00:00,,9,3,4,12,2018,340,6,49,33952.0,34526.0,31483.0,31640.654
2018-12-06 10:00:00,,10,3,4,12,2018,340,6,49,32905.0,34336.0,30925.0,31467.158
2018-12-06 11:00:00,,11,3,4,12,2018,340,6,49,32227.0,34043.0,30359.0,30843.484
2018-12-06 12:00:00,,12,3,4,12,2018,340,6,49,31648.0,33592.0,29746.0,30530.473
2018-12-06 13:00:00,,13,3,4,12,2018,340,6,49,31169.0,33175.0,29411.0,30391.947
2018-12-06 14:00:00,,14,3,4,12,2018,340,6,49,31088.0,33011.0,29325.0,30435.832
2018-12-06 15:00:00,,15,3,4,12,2018,340,6,49,31214.0,32866.0,29246.0,30261.244
2018-12-06 16:00:00,,16,3,4,12,2018,340,6,49,31830.0,33080.0,29494.0,30646.092
2018-12-06 17:00:00,,17,3,4,12,2018,340,6,49,33785.0,34892.0,31129.0,32155.809
2018-12-06 18:00:00,,18,3,4,12,2018,340,6,49,36357.0,37563.0,33845.0,34407.934
2018-12-06 19:00:00,,19,3,4,12,2018,340,6,49,36469.0,37742.0,33831.0,34384.027
2018-12-06 20:00:00,,20,3,4,12,2018,340,6,49,36099.0,37535.0,33497.0,33898.78
2018-12-06 21:00:00,,21,3,4,12,2018,340,6,49,35442.0,37082.0,32844.0,33589.39
2018-12-06 22:00:00,,22,3,4,12,2018,340,6,49,33981.0,35800.0,31405.0,32509.389
2018-12-06 23:00:00,,23,3,4,12,2018,340,6,49,31624.0,33514.0,29037.0,30193.262
2018-12-07 00:00:00,,0,4,4,12,2018,341,7,49,29311.0,31251.0,26574.0,27084.688
2018-12-07 01:00:00,,1,4,4,12,2018,341,7,49,27743.0,29694.0,24809.0,26054.053
2018-12-07 02:00:00,,2,4,4,12,2018,341,7,49,26999.0,28974.0,23853.0,25659.227
2018-12-07 03:00:00,,3,4,4,12,2018,341,7,49,26708.0,28740.0,23567.0,25425.254
2018-12-07 04:00:00,,4,4,4,12,2018,341,7,49,26872.0,28894.0,23650.0,25487.938
2018-12-07 05:00:00,,5,4,4,12,2018,341,7,49,27713.0,29832.0,24393.0,25876.674
2018-12-07 06:00:00,,6,4,4,12,2018,341,7,49,29922.0,32091.0,26495.0,27455.04
2018-12-07 07:00:00,,7,4,4,12,2018,341,7,49,33446.0,35620.0,30116.0,31127.14
2018-12-07 08:00:00,,8,4,4,12,2018,341,7,49,35168.0,37119.0,31875.0,32422.465
2018-12-07 09:00:00,,9,4,4,12,2018,341,7,49,35137.0,36458.0,31502.0,32372.037
2018-12-07 10:00:00,,10,4,4,12,2018,341,7,49,34817.0,35524.0,31022.0,32406.822
2018-12-07 11:00:00,,11,4,4,12,2018,341,7,49,34451.0,34822.0,30798.0,32019.434
2018-12-07 12:00:00,,12,4,4,12,2018,341,7,49,33868.0,34321.0,30167.0,31823.57
2018-12-07 13:00:00,,13,4,4,12,2018,341,7,49,33622.0,34028.0,29569.0,31774.926
2018-12-07 14:00:00,,14,4,4,12,2018,341,7,49,33762.0,34052.0,29619.0,31861.717
2018-12-07 15:00:00,,15,4,4,12,2018,341,7,49,33880.0,34141.0,29523.0,32063.527
2018-12-07 16:00:00,,16,4,4,12,2018,341,7,49,34355.0,34603.0,29551.0,32249.865
2018-12-07 17:00:00,,17,4,4,12,2018,341,7,49,36112.0,36515.0,30881.0,33014.727
2018-12-07 18:00:00,,18,4,4,12,2018,341,7,49,37533.0,38969.0,33180.0,34642.45
2018-12-07 19:00:00,,19,4,4,12,2018,341,7,49,37039.0,38735.0,32831.0,34428.95
2018-12-07 20:00:00,,20,4,4,12,2018,341,7,49,36301.0,38072.0,32078.0,33851.383
2018-12-07 21:00:00,,21,4,4,12,2018,341,7,49,35469.0,37434.0,31229.0,33030.055
2018-12-07 22:00:00,,22,4,4,12,2018,341,7,49,34188.0,36210.0,30011.0,32439.264
2018-12-07 23:00:00,,23,4,4,12,2018,341,7,49,32287.0,34309.0,28052.0,30807.262
2018-12-08 00:00:00,,0,5,4,12,2018,342,8,49,30207.0,32225.0,25881.0,27564.564
2018-12-08 01:00:00,,1,5,4,12,2018,342,8,49,28496.0,30612.0,24133.0,26263.297
2018-12-08 02:00:00,,2,5,4,12,2018,342,8,49,27587.0,29615.0,23099.0,25606.412
2018-12-08 03:00:00,,3,5,4,12,2018,342,8,49,26974.0,29158.0,22478.0,25151.701
2018-12-08 04:00:00,,4,5,4,12,2018,342,8,49,26849.0,28998.0,22259.0,24851.387
2018-12-08 05:00:00,,5,5,4,12,2018,342,8,49,27108.0,29380.0,22450.0,25151.701
2018-12-08 06:00:00,,6,5,4,12,2018,342,8,49,27939.0,30312.0,23225.0,25855.469
2018-12-08 07:00:00,,7,5,4,12,2018,342,8,49,29241.0,31692.0,24570.0,26883.512
2018-12-08 08:00:00,,8,5,4,12,2018,342,8,49,30676.0,32846.0,25711.0,28045.182
2018-12-08 09:00:00,,9,5,4,12,2018,342,8,49,32219.0,33447.0,26854.0,29186.584
2018-12-08 10:00:00,,10,5,4,12,2018,342,8,49,33618.0,33425.0,27413.0,30579.566
2018-12-08 11:00:00,,11,5,4,12,2018,342,8,49,34609.0,32889.0,27363.0,30809.096
2018-12-08 12:00:00,,12,5,4,12,2018,342,8,49,35038.0,32382.0,27079.0,30672.45
2018-12-08 13:00:00,,13,5,4,12,2018,342,8,49,34985.0,31938.0,26735.0,30729.127
2018-12-08 14:00:00,,14,5,4,12,2018,342,8,49,34811.0,31700.0,26436.0,30567.03
2018-12-08 15:00:00,,15,5,4,12,2018,342,8,49,34681.0,31588.0,26250.0,30570.973
2018-12-08 16:00:00,,16,5,4,12,2018,342,8,49,34796.0,32143.0,26302.0,30951.404
2018-12-08 17:00:00,,17,5,4,12,2018,342,8,49,36151.0,34138.0,27833.0,31905.941
2018-12-08 18:00:00,,18,5,4,12,2018,342,8,49,37739.0,36728.0,30114.0,32871.004
2018-12-08 19:00:00,,19,5,4,12,2018,342,8,49,37439.0,36818.0,29916.0,32930.49
2018-12-08 20:00:00,,20,5,4,12,2018,342,8,49,36728.0,36513.0,29382.0,32811.207
2018-12-08 21:00:00,,21,5,4,12,2018,342,8,49,35908.0,36152.0,28738.0,32315.326
2018-12-08 22:00:00,,22,5,4,12,2018,342,8,49,34735.0,35358.0,27747.0,31919.738
2018-12-08 23:00:00,,23,5,4,12,2018,342,8,49,32969.0,33913.0,26234.0,30566.379
2018-12-09 00:00:00,,0,6,4,12,2018,343,9,49,31151.0,32208.0,24350.0,27707.775
2018-12-09 01:00:00,,1,6,4,12,2018,343,9,49,29629.0,30735.0,22642.0,26423.863
2018-12-09 02:00:00,,2,6,4,12,2018,343,9,49,28813.0,29821.0,21538.0,25627.363
2018-12-09 03:00:00,,3,6,4,12,2018,343,9,49,28312.0,29306.0,20940.0,25303.889
2018-12-09 04:00:00,,4,6,4,12,2018,343,9,49,28220.0,29031.0,20632.0,25234.408
2018-12-09 05:00:00,,5,6,4,12,2018,343,9,49,28413.0,29109.0,20654.0,25303.889
2018-12-09 06:00:00,,6,6,4,12,2018,343,9,49,29038.0,29602.0,21133.0,25617.695
2018-12-09 07:00:00,,7,6,4,12,2018,343,9,49,30126.0,30627.0,22169.0,26692.818
2018-12-09 08:00:00,,8,6,4,12,2018,343,9,49,31044.0,31566.0,23091.0,27751.727
2018-12-09 09:00:00,,9,6,4,12,2018,343,9,49,31978.0,32576.0,24330.0,28443.295
2018-12-09 10:00:00,,10,6,4,12,2018,343,9,49,32308.0,33391.0,25187.0,29871.902
2018-12-09 11:00:00,,11,6,4,12,2018,343,9,49,32086.0,33545.0,25321.0,29443.309
2018-12-09 12:00:00,,12,6,4,12,2018,343,9,49,31762.0,33327.0,25432.0,29096.395
2018-12-09 13:00:00,,13,6,4,12,2018,343,9,49,31528.0,33212.0,25565.0,29170.48
2018-12-09 14:00:00,,14,6,4,12,2018,343,9,49,31341.0,33012.0,25628.0,29130.178
2018-12-09 15:00:00,,15,6,4,12,2018,343,9,49,31398.0,33018.0,25674.0,29188.434
2018-12-09 16:00:00,,16,6,4,12,2018,343,9,49,31861.0,33404.0,25915.0,29395.15
2018-12-09 17:00:00,,17,6,4,12,2018,343,9,49,33840.0,35399.0,27814.0,31850.967
2018-12-09 18:00:00,,18,6,4,12,2018,343,9,49,36360.0,37535.0,30502.0,32903.137
2018-12-09 19:00:00,,19,6,4,12,2018,343,9,49,36581.0,37563.0,30637.0,32903.137
2018-12-09 20:00:00,,20,6,4,12,2018,343,9,49,36321.0,37158.0,30269.0,32903.137
2018-12-09 21:00:00,,21,6,4,12,2018,343,9,49,35828.0,36459.0,29587.0,32377.53
2018-12-09 22:00:00,,22,6,4,12,2018,343,9,49,34289.0,34760.0,28177.0,31535.24
2018-12-09 23:00:00,,23,6,4,12,2018,343,9,49,32083.0,32368.0,26020.0,29066.18
2018-12-10 00:00:00,,0,0,4,12,2018,344,10,50,29894.0,30042.0,23813.0,26899.969
2018-12-10 01:00:00,,1,0,4,12,2018,344,10,50,28445.0,28342.0,22191.0,25454.158
2018-12-10 02:00:00,,2,0,4,12,2018,344,10,50,27644.0,27440.0,21373.0,24510.746
2018-12-10 03:00:00,,3,0,4,12,2018,344,10,50,27382.0,27091.0,20991.0,24273.098
2018-12-10 04:00:00,,4,0,4,12,2018,344,10,50,27504.0,27090.0,20988.0,24380.57
2018-12-10 05:00:00,,5,0,4,12,2018,344,10,50,28510.0,27743.0,21683.0,24912.271
2018-12-10 06:00:00,,6,0,4,12,2018,344,10,50,30692.0,29768.0,23722.0,26889.414
2018-12-10 07:00:00,,7,0,4,12,2018,344,10,50,34301.0,32932.0,27210.0,30079.541
2018-12-10 08:00:00,,8,0,4,12,2018,344,10,50,36021.0,34846.0,29434.0,31575.412
2018-12-10 09:00:00,,9,0,4,12,2018,344,10,50,35764.0,35025.0,29754.0,31819.89
2018-12-10 10:00:00,,10,0,4,12,2018,344,10,50,34869.0,34972.0,29987.0,32027.398
2018-12-10 11:00:00,,11,0,4,12,2018,344,10,50,33912.0,34886.0,30212.0,31836.596
2018-12-10 12:00:00,,12,0,4,12,2018,344,10,50,33159.0,34585.0,30151.0,31629.518
2018-12-10 13:00:00,,13,0,4,12,2018,344,10,50,32635.0,34157.0,29867.0,31555.215
2018-12-10 14:00:00,,14,0,4,12,2018,344,10,50,32392.0,33652.0,29929.0,31365.701
2018-12-10 15:00:00,,15,0,4,12,2018,344,10,50,32382.0,32903.0,29890.0,31043.803
2018-12-10 16:00:00,,16,0,4,12,2018,344,10,50,32999.0,32731.0,30089.0,31381.467
2018-12-10 17:00:00,,17,0,4,12,2018,344,10,50,34943.0,34242.0,31877.0,32756.965
2018-12-10 18:00:00,,18,0,4,12,2018,344,10,50,37841.0,37074.0,34014.0,34595.31
2018-12-10 19:00:00,,19,0,4,12,2018,344,10,50,37918.0,37139.0,33847.0,34769.47
2018-12-10 20:00:00,,20,0,4,12,2018,344,10,50,37511.0,36812.0,33224.0,34307.164
2018-12-10 21:00:00,,21,0,4,12,2018,344,10,50,36698.0,36107.0,32261.0,33672.027
2018-12-10 22:00:00,,22,0,4,12,2018,344,10,50,35093.0,34495.0,30489.0,32152.508
2018-12-10 23:00:00,,23,0,4,12,2018,344,10,50,32508.0,32099.0,27943.0,30139.736
2018-12-11 00:00:00,,0,1,4,12,2018,345,11,50,30063.0,29725.0,25334.0,26940.32
2018-12-11 01:00:00,,1,1,4,12,2018,345,11,50,28399.0,28071.0,23386.0,25785.695
2018-12-11 02:00:00,,2,1,4,12,2018,345,11,50,27423.0,27301.0,22224.0,24564.47
2018-12-11 03:00:00,,3,1,4,12,2018,345,11,50,27014.0,27085.0,21506.0,24286.713
2018-12-11 04:00:00,,4,1,4,12,2018,345,11,50,26906.0,27189.0,21325.0,24057.168
2018-12-11 05:00:00,,5,1,4,12,2018,345,11,50,27572.0,28074.0,21877.0,24937.916
2018-12-11 06:00:00,,6,1,4,12,2018,345,11,50,29673.0,30404.0,23787.0,26820.781
2018-12-11 07:00:00,,7,1,4,12,2018,345,11,50,33037.0,34095.0,27321.0,30221.092
2018-12-11 08:00:00,,8,1,4,12,2018,345,11,50,34625.0,35683.0,29051.0,31935.195
2018-12-11 09:00:00,,9,1,4,12,2018,345,11,50,34478.0,35384.0,29235.0,32027.037
2018-12-11 10:00:00,,10,1,4,12,2018,345,11,50,34215.0,34726.0,29148.0,31749.838
2018-12-11 11:00:00,,11,1,4,12,2018,345,11,50,33953.0,34185.0,29168.0,31798.578
2018-12-11 12:00:00,,12,1,4,12,2018,345,11,50,33685.0,33544.0,29119.0,31488.95
2018-12-11 13:00:00,,13,1,4,12,2018,345,11,50,33321.0,32815.0,29021.0,31090.715
2018-12-11 14:00:00,,14,1,4,12,2018,345,11,50,33292.0,32567.0,28995.0,31035.58
2018-12-11 15:00:00,,15,1,4,12,2018,345,11,50,33272.0,32845.0,28948.0,31222.812
2018-12-11 16:00:00,,16,1,4,12,2018,345,11,50,33844.0,33552.0,29230.0,31849.842
2018-12-11 17:00:00,,17,1,4,12,2018,345,11,50,35848.0,35527.0,30760.0,32945.734
2018-12-11 18:00:00,,18,1,4,12,2018,345,11,50,38174.0,37804.0,33589.0,34927.168
2018-12-11 19:00:00,,19,1,4,12,2018,345,11,50,38533.0,37796.0,33672.0,34927.168
2018-12-11 20:00:00,,20,1,4,12,2018,345,11,50,38705.0,37371.0,33232.0,34615.598
2018-12-11 21:00:00,,21,1,4,12,2018,345,11,50,38537.0,36525.0,32596.0,33978.016
2018-12-11 22:00:00,,22,1,4,12,2018,345,11,50,37655.0,34873.0,31013.0,32655.885
2018-12-11 23:00:00,,23,1,4,12,2018,345,11,50,35771.0,32293.0,28634.0,30983.475
2018-12-12 00:00:00,,0,2,4,12,2018,346,12,50,33958.0,29792.0,26070.0,28310.127
2018-12-12 01:00:00,,1,2,4,12,2018,346,12,50,32697.0,27887.0,24137.0,27093.111
2018-12-12 02:00:00,,2,2,4,12,2018,346,12,50,32202.0,27001.0,23159.0,25866.098
2018-12-12 03:00:00,,3,2,4,12,2018,346,12,50,32189.0,26691.0,22760.0,25796.242
2018-12-12 04:00:00,,4,2,4,12,2018,346,12,50,32536.0,26886.0,22705.0,26656.912
2018-12-12 05:00:00,,5,2,4,12,2018,346,12,50,33562.0,27866.0,23442.0,27273.326
2018-12-12 06:00:00,,6,2,4,12,2018,346,12,50,36069.0,30270.0,25607.0,28824.158
2018-12-12 07:00:00,,7,2,4,12,2018,346,12,50,39759.0,33997.0,29238.0,32194.908
2018-12-12 08:00:00,,8,2,4,12,2018,346,12,50,41160.0,35673.0,31079.0,33485.19
2018-12-12 09:00:00,,9,2,4,12,2018,346,12,50,40449.0,35067.0,30943.0,33355.08
2018-12-12 10:00:00,,10,2,4,12,2018,346,12,50,39312.0,34003.0,30577.0,33053.113
2018-12-12 11:00:00,,11,2,4,12,2018,346,12,50,38594.0,33287.0,30296.0,32380.896
2018-12-12 12:00:00,,12,2,4,12,2018,346,12,50,37756.0,32624.0,30092.0,31751.982
2018-12-12 13:00:00,,13,2,4,12,2018,346,12,50,36947.0,32142.0,29847.0,31729.172
2018-12-12 14:00:00,,14,2,4,12,2018,346,12,50,36677.0,32173.0,29950.0,31830.531
2018-12-12 15:00:00,,15,2,4,12,2018,346,12,50,36444.0,32534.0,29967.0,31888.787
2018-12-12 16:00:00,,16,2,4,12,2018,346,12,50,37057.0,33474.0,30330.0,32628.898
2018-12-12 17:00:00,,17,2,4,12,2018,346,12,50,39391.0,35774.0,32070.0,34251.85
2018-12-12 18:00:00,,18,2,4,12,2018,346,12,50,42018.0,38408.0,34586.0,36155.84
2018-12-12 19:00:00,,19,2,4,12,2018,346,12,50,41911.0,38582.0,34461.0,36284.016
2018-12-12 20:00:00,,20,2,4,12,2018,346,12,50,41225.0,38393.0,33983.0,35793.473
2018-12-12 21:00:00,,21,2,4,12,2018,346,12,50,40392.0,37807.0,33233.0,35550.816
2018-12-12 22:00:00,,22,2,4,12,2018,346,12,50,38630.0,36361.0,31706.0,33497.99
2018-12-12 23:00:00,,23,2,4,12,2018,346,12,50,36038.0,33917.0,29361.0,31551.87
2018-12-13 00:00:00,,0,3,4,12,2018,347,13,50,33673.0,31376.0,26535.0,28566.959
2018-12-13 01:00:00,,1,3,4,12,2018,347,13,50,31919.0,29639.0,24665.0,26909.523
2018-12-13 02:00:00,,2,3,4,12,2018,347,13,50,30921.0,28811.0,23639.0,26674.46
2018-12-13 03:00:00,,3,3,4,12,2018,347,13,50,30498.0,28584.0,23148.0,26161.156
2018-12-13 04:00:00,,4,3,4,12,2018,347,13,50,30416.0,28954.0,23101.0,26415.66
2018-12-13 05:00:00,,5,3,4,12,2018,347,13,50,31130.0,30217.0,23709.0,26807.182
2018-12-13 06:00:00,,6,3,4,12,2018,347,13,50,33045.0,33003.0,25715.0,28866.65
2018-12-13 07:00:00,,7,3,4,12,2018,347,13,50,35997.0,37165.0,29131.0,31688.586
2018-12-13 08:00:00,,8,3,4,12,2018,347,13,50,37565.0,39268.0,31249.0,32853.168
2018-12-13 09:00:00,,9,3,4,12,2018,347,13,50,37413.0,39314.0,31427.0,33068.613
2018-12-13 10:00:00,,10,3,4,12,2018,347,13,50,36920.0,39107.0,31558.0,33316.867
2018-12-13 11:00:00,,11,3,4,12,2018,347,13,50,36443.0,39083.0,31734.0,33565.01
2018-12-13 12:00:00,,12,3,4,12,2018,347,13,50,35847.0,39028.0,31846.0,33263.58
2018-12-13 13:00:00,,13,3,4,12,2018,347,13,50,35162.0,39051.0,31723.0,33337.656
2018-12-13 14:00:00,,14,3,4,12,2018,347,13,50,34779.0,39097.0,31704.0,33424.426
2018-12-13 15:00:00,,15,3,4,12,2018,347,13,50,34835.0,39386.0,31575.0,33350.66
2018-12-13 16:00:00,,16,3,4,12,2018,347,13,50,35433.0,40222.0,31724.0,33816.055
2018-12-13 17:00:00,,17,3,4,12,2018,347,13,50,37713.0,42629.0,32862.0,34913.645
2018-12-13 18:00:00,,18,3,4,12,2018,347,13,50,40566.0,45733.0,34535.0,38210.55
2018-12-13 19:00:00,,19,3,4,12,2018,347,13,50,40715.0,45885.0,34230.0,37514.69
2018-12-13 20:00:00,,20,3,4,12,2018,347,13,50,40376.0,45525.0,33568.0,37204.04
2018-12-13 21:00:00,,21,3,4,12,2018,347,13,50,39825.0,44932.0,32719.0,35596.566
2018-12-13 22:00:00,,22,3,4,12,2018,347,13,50,38460.0,43388.0,31228.0,33746.23
2018-12-13 23:00:00,,23,3,4,12,2018,347,13,50,36128.0,40857.0,28715.0,32277.219
2018-12-14 00:00:00,,0,4,4,12,2018,348,14,50,33909.0,38442.0,26222.0,30602.055
2018-12-14 01:00:00,,1,4,4,12,2018,348,14,50,32407.0,36738.0,24361.0,29611.277
2018-12-14 02:00:00,,2,4,4,12,2018,348,14,50,31685.0,35878.0,23350.0,28215.51
2018-12-14 03:00:00,,3,4,4,12,2018,348,14,50,31500.0,35525.0,22872.0,28040.252
2018-12-14 04:00:00,,4,4,4,12,2018,348,14,50,31746.0,35702.0,22870.0,28125.428
2018-12-14 05:00:00,,5,4,4,12,2018,348,14,50,32683.0,36599.0,23601.0,29361.945
2018-12-14 06:00:00,,6,4,4,12,2018,348,14,50,34887.0,38749.0,25699.0,31136.854
2018-12-14 07:00:00,,7,4,4,12,2018,348,14,50,38212.0,42107.0,29217.0,33078.09
2018-12-14 08:00:00,,8,4,4,12,2018,348,14,50,39878.0,43542.0,31542.0,34672.81
2018-12-14 09:00:00,,9,4,4,12,2018,348,14,50,39874.0,43210.0,31957.0,34849.33
2018-12-14 10:00:00,,10,4,4,12,2018,348,14,50,39539.0,42596.0,32043.0,34647.902
2018-12-14 11:00:00,,11,4,4,12,2018,348,14,50,39323.0,41717.0,32026.0,34762.375
2018-12-14 12:00:00,,12,4,4,12,2018,348,14,50,39103.0,40524.0,31702.0,34125.74
2018-12-14 13:00:00,,13,4,4,12,2018,348,14,50,38733.0,39309.0,31308.0,33718.156
2018-12-14 14:00:00,,14,4,4,12,2018,348,14,50,38760.0,38749.0,31080.0,33824.066
2018-12-14 15:00:00,,15,4,4,12,2018,348,14,50,38849.0,38790.0,31005.0,33889.79
2018-12-14 16:00:00,,16,4,4,12,2018,348,14,50,39112.0,39299.0,31364.0,33952.93
2018-12-14 17:00:00,,17,4,4,12,2018,348,14,50,40494.0,41277.0,33228.0,36431.15
2018-12-14 18:00:00,,18,4,4,12,2018,348,14,50,42177.0,43276.0,35665.0,37866.06
2018-12-14 19:00:00,,19,4,4,12,2018,348,14,50,41864.0,42812.0,35489.0,37608.08
2018-12-14 20:00:00,,20,4,4,12,2018,348,14,50,41185.0,41890.0,34913.0,37292.336
2018-12-14 21:00:00,,21,4,4,12,2018,348,14,50,40385.0,40964.0,34298.0,36527.23
2018-12-14 22:00:00,,22,4,4,12,2018,348,14,50,39159.0,39511.0,33237.0,34413.69
2018-12-14 23:00:00,,23,4,4,12,2018,348,14,50,37230.0,37460.0,31443.0,32729.143
2018-12-15 00:00:00,,0,5,4,12,2018,349,15,50,35249.0,35054.0,29314.0,30321.059
2018-12-15 01:00:00,,1,5,4,12,2018,349,15,50,33642.0,33086.0,27568.0,29007.785
2018-12-15 02:00:00,,2,5,4,12,2018,349,15,50,32655.0,31858.0,26586.0,28254.688
2018-12-15 03:00:00,,3,5,4,12,2018,349,15,50,32065.0,31133.0,26245.0,27113.842
2018-12-15 04:00:00,,4,5,4,12,2018,349,15,50,31676.0,30887.0,26222.0,26848.018
2018-12-15 05:00:00,,5,5,4,12,2018,349,15,50,31868.0,31137.0,26585.0,27094.102
2018-12-15 06:00:00,,6,5,4,12,2018,349,15,50,32754.0,31885.0,27543.0,28399.096
2018-12-15 07:00:00,,7,5,4,12,2018,349,15,50,34159.0,33093.0,29053.0,29950.639
2018-12-15 08:00:00,,8,5,4,12,2018,349,15,50,35303.0,34392.0,30375.0,30919.729
2018-12-15 09:00:00,,9,5,4,12,2018,349,15,50,36240.0,35854.0,31285.0,31662.404
2018-12-15 10:00:00,,10,5,4,12,2018,349,15,50,36368.0,37121.0,31332.0,32333.83
2018-12-15 11:00:00,,11,5,4,12,2018,349,15,50,35475.0,37760.0,31062.0,32146.373
2018-12-15 12:00:00,,12,5,4,12,2018,349,15,50,34389.0,37743.0,30791.0,32225.44
2018-12-15 13:00:00,,13,5,4,12,2018,349,15,50,33264.0,37096.0,30565.0,31971.729
2018-12-15 14:00:00,,14,5,4,12,2018,349,15,50,32637.0,36039.0,30331.0,31824.434
2018-12-15 15:00:00,,15,5,4,12,2018,349,15,50,32397.0,35175.0,30208.0,31483.545
2018-12-15 16:00:00,,16,5,4,12,2018,349,15,50,32592.0,34861.0,30515.0,31391.195
2018-12-15 17:00:00,,17,5,4,12,2018,349,15,50,34104.0,35912.0,32255.0,32672.2
2018-12-15 18:00:00,,18,5,4,12,2018,349,15,50,36171.0,37555.0,34892.0,33826.44
2018-12-15 19:00:00,,19,5,4,12,2018,349,15,50,36000.0,37092.0,35020.0,33853.59
2018-12-15 20:00:00,,20,5,4,12,2018,349,15,50,35523.0,36404.0,34644.0,33500.81
2018-12-15 21:00:00,,21,5,4,12,2018,349,15,50,34999.0,35567.0,34217.0,32902.71
2018-12-15 22:00:00,,22,5,4,12,2018,349,15,50,34122.0,34377.0,33400.0,32064.21
2018-12-15 23:00:00,,23,5,4,12,2018,349,15,50,32635.0,32597.0,31988.0,31018.8
2018-12-16 00:00:00,,0,6,4,12,2018,350,16,50,30928.0,30444.0,30186.0,28303.84
2018-12-16 01:00:00,,1,6,4,12,2018,350,16,50,29450.0,28521.0,28504.0,26821.234
2018-12-16 02:00:00,,2,6,4,12,2018,350,16,50,28590.0,27215.0,27451.0,26074.287
2018-12-16 03:00:00,,3,6,4,12,2018,350,16,50,28159.0,26357.0,26957.0,25824.627
2018-12-16 04:00:00,,4,6,4,12,2018,350,16,50,28116.0,25846.0,26826.0,25524.705
2018-12-16 05:00:00,,5,6,4,12,2018,350,16,50,28425.0,25660.0,27055.0,25658.096
2018-12-16 06:00:00,,6,6,4,12,2018,350,16,50,29188.0,25845.0,27816.0,25892.79
2018-12-16 07:00:00,,7,6,4,12,2018,350,16,50,30382.0,26496.0,28987.0,26865.73
2018-12-16 08:00:00,,8,6,4,12,2018,350,16,50,31355.0,27288.0,29989.0,27872.682
2018-12-16 09:00:00,,9,6,4,12,2018,350,16,50,32141.0,28317.0,30597.0,28712.602
2018-12-16 10:00:00,,10,6,4,12,2018,350,16,50,32210.0,29174.0,30319.0,28827.303
2018-12-16 11:00:00,,11,6,4,12,2018,350,16,50,31609.0,29617.0,29667.0,28565.94
2018-12-16 12:00:00,,12,6,4,12,2018,350,16,50,30994.0,29756.0,29011.0,28549.332
2018-12-16 13:00:00,,13,6,4,12,2018,350,16,50,30750.0,29804.0,28535.0,28463.543
2018-12-16 14:00:00,,14,6,4,12,2018,350,16,50,30658.0,29669.0,28201.0,28524.9
2018-12-16 15:00:00,,15,6,4,12,2018,350,16,50,30727.0,30135.0,28146.0,28898.836
2018-12-16 16:00:00,,16,6,4,12,2018,350,16,50,31159.0,30851.0,28806.0,29169.701
2018-12-16 17:00:00,,17,6,4,12,2018,350,16,50,33150.0,32878.0,31035.0,31316.473
2018-12-16 18:00:00,,18,6,4,12,2018,350,16,50,35346.0,34982.0,34253.0,32864.37
2018-12-16 19:00:00,,19,6,4,12,2018,350,16,50,35400.0,35329.0,34772.0,33334.223
2018-12-16 20:00:00,,20,6,4,12,2018,350,16,50,35177.0,35318.0,34736.0,33305.74
2018-12-16 21:00:00,,21,6,4,12,2018,350,16,50,34719.0,35074.0,34536.0,32766.71
2018-12-16 22:00:00,,22,6,4,12,2018,350,16,50,33371.0,34068.0,33384.0,31650.93
2018-12-16 23:00:00,,23,6,4,12,2018,350,16,50,31278.0,32263.0,31377.0,30379.354
2018-12-17 00:00:00,,0,0,4,12,2018,351,17,51,29154.0,30320.0,29204.0,27657.309
2018-12-17 01:00:00,,1,0,4,12,2018,351,17,51,27725.0,28991.0,27442.0,26482.336
2018-12-17 02:00:00,,2,0,4,12,2018,351,17,51,26806.0,28299.0,26484.0,25807.71
2018-12-17 03:00:00,,3,0,4,12,2018,351,17,51,26439.0,28200.0,25999.0,25629.738
2018-12-17 04:00:00,,4,0,4,12,2018,351,17,51,26569.0,28549.0,26046.0,25629.738
2018-12-17 05:00:00,,5,0,4,12,2018,351,17,51,27449.0,29594.0,26870.0,26224.357
2018-12-17 06:00:00,,6,0,4,12,2018,351,17,51,29685.0,32207.0,28978.0,28423.953
2018-12-17 07:00:00,,7,0,4,12,2018,351,17,51,33016.0,35955.0,32345.0,31564.69
2018-12-17 08:00:00,,8,0,4,12,2018,351,17,51,34978.0,38171.0,34230.0,33054.305
2018-12-17 09:00:00,,9,0,4,12,2018,351,17,51,34924.0,38245.0,34170.0,33226.953
2018-12-17 10:00:00,,10,0,4,12,2018,351,17,51,34074.0,37462.0,33759.0,33034.95
2018-12-17 11:00:00,,11,0,4,12,2018,351,17,51,33188.0,36332.0,33342.0,32642.955
2018-12-17 12:00:00,,12,0,4,12,2018,351,17,51,32341.0,35469.0,32707.0,32203.889
2018-12-17 13:00:00,,13,0,4,12,2018,351,17,51,31687.0,34789.0,31960.0,31278.959
2018-12-17 14:00:00,,14,0,4,12,2018,351,17,51,31444.0,34668.0,31979.0,31365.75
2018-12-17 15:00:00,,15,0,4,12,2018,351,17,51,31336.0,35143.0,31782.0,31547.041
2018-12-17 16:00:00,,16,0,4,12,2018,351,17,51,31875.0,35948.0,31982.0,31787.004
2018-12-17 17:00:00,,17,0,4,12,2018,351,17,51,33788.0,38146.0,33661.0,33692.125
2018-12-17 18:00:00,,18,0,4,12,2018,351,17,51,36077.0,41146.0,35604.0,35674.277
2018-12-17 19:00:00,,19,0,4,12,2018,351,17,51,36189.0,41386.0,35417.0,35548.14
2018-12-17 20:00:00,,20,0,4,12,2018,351,17,51,35659.0,41086.0,34746.0,35475.953
2018-12-17 21:00:00,,21,0,4,12,2018,351,17,51,34843.0,40509.0,33849.0,34964.17
2018-12-17 22:00:00,,22,0,4,12,2018,351,17,51,33299.0,39005.0,32175.0,32692.492
2018-12-17 23:00:00,,23,0,4,12,2018,351,17,51,30861.0,36598.0,29652.0,30712.068
2018-12-18 00:00:00,,0,1,4,12,2018,352,18,51,28336.0,34204.0,26988.0,28286.545
2018-12-18 01:00:00,,1,1,4,12,2018,352,18,51,26533.0,32505.0,24973.0,26271.756
2018-12-18 02:00:00,,2,1,4,12,2018,352,18,51,25716.0,31837.0,23762.0,25867.217
2018-12-18 03:00:00,,3,1,4,12,2018,352,18,51,25364.0,31690.0,23203.0,25161.69
2018-12-18 04:00:00,,4,1,4,12,2018,352,18,51,25392.0,32111.0,23083.0,25549.916
2018-12-18 05:00:00,,5,1,4,12,2018,352,18,51,26161.0,33339.0,23653.0,26603.633
2018-12-18 06:00:00,,6,1,4,12,2018,352,18,51,28261.0,35768.0,25609.0,28018.805
2018-12-18 07:00:00,,7,1,4,12,2018,352,18,51,31687.0,39560.0,28840.0,29990.809
2018-12-18 08:00:00,,8,1,4,12,2018,352,18,51,33521.0,41300.0,30976.0,32442.557
2018-12-18 09:00:00,,9,1,4,12,2018,352,18,51,33254.0,40457.0,31337.0,32510.525
2018-12-18 10:00:00,,10,1,4,12,2018,352,18,51,32446.0,38770.0,31527.0,32334.64
2018-12-18 11:00:00,,11,1,4,12,2018,352,18,51,31556.0,37285.0,31588.0,31413.752
2018-12-18 12:00:00,,12,1,4,12,2018,352,18,51,30707.0,36123.0,31524.0,31429.256
2018-12-18 13:00:00,,13,1,4,12,2018,352,18,51,30123.0,35079.0,31259.0,31229.611
2018-12-18 14:00:00,,14,1,4,12,2018,352,18,51,29936.0,34605.0,31121.0,31141.459
2018-12-18 15:00:00,,15,1,4,12,2018,352,18,51,29846.0,34463.0,30888.0,31190.17
2018-12-18 16:00:00,,16,1,4,12,2018,352,18,51,30237.0,35053.0,30841.0,31420.385
2018-12-18 17:00:00,,17,1,4,12,2018,352,18,51,31966.0,37166.0,32076.0,32015.084
2018-12-18 18:00:00,,18,1,4,12,2018,352,18,51,34631.0,40457.0,34055.0,35034.293
2018-12-18 19:00:00,,19,1,4,12,2018,352,18,51,34736.0,40912.0,33860.0,35155.582
2018-12-18 20:00:00,,20,1,4,12,2018,352,18,51,34335.0,40756.0,33153.0,34670.047
2018-12-18 21:00:00,,21,1,4,12,2018,352,18,51,33735.0,40187.0,32271.0,33796.05
2018-12-18 22:00:00,,22,1,4,12,2018,352,18,51,32334.0,38730.0,30749.0,32140.7
2018-12-18 23:00:00,,23,1,4,12,2018,352,18,51,30019.0,36255.0,28470.0,30569.938
2018-12-19 00:00:00,,0,2,4,12,2018,353,19,51,27700.0,33738.0,25882.0,27885.154
2018-12-19 01:00:00,,1,2,4,12,2018,353,19,51,26055.0,32011.0,23903.0,26167.69
2018-12-19 02:00:00,,2,2,4,12,2018,353,19,51,25105.0,31272.0,22764.0,24845.78
2018-12-19 03:00:00,,3,2,4,12,2018,353,19,51,24601.0,31031.0,22190.0,24517.64
2018-12-19 04:00:00,,4,2,4,12,2018,353,19,51,24591.0,31136.0,22038.0,24597.406
2018-12-19 05:00:00,,5,2,4,12,2018,353,19,51,25395.0,32035.0,22586.0,25525.357
2018-12-19 06:00:00,,6,2,4,12,2018,353,19,51,27495.0,34223.0,24275.0,27492.342
2018-12-19 07:00:00,,7,2,4,12,2018,353,19,51,31087.0,37635.0,27340.0,29229.396
2018-12-19 08:00:00,,8,2,4,12,2018,353,19,51,33035.0,39177.0,29498.0,31956.936
2018-12-19 09:00:00,,9,2,4,12,2018,353,19,51,33095.0,38560.0,30142.0,32144.16
2018-12-19 10:00:00,,10,2,4,12,2018,353,19,51,33022.0,37556.0,30522.0,32096.867
2018-12-19 11:00:00,,11,2,4,12,2018,353,19,51,32908.0,36423.0,30871.0,32252.139
2018-12-19 12:00:00,,12,2,4,12,2018,353,19,51,32521.0,35644.0,30877.0,32184.244
2018-12-19 13:00:00,,13,2,4,12,2018,353,19,51,31937.0,34847.0,30741.0,31115.459
2018-12-19 14:00:00,,14,2,4,12,2018,353,19,51,31602.0,34291.0,30721.0,31202.25
2018-12-19 15:00:00,,15,2,4,12,2018,353,19,51,31484.0,34193.0,30683.0,31114.63
2018-12-19 16:00:00,,16,2,4,12,2018,353,19,51,31814.0,34632.0,30871.0,31337.262
2018-12-19 17:00:00,,17,2,4,12,2018,353,19,51,33567.0,36388.0,32207.0,32835.977
2018-12-19 18:00:00,,18,2,4,12,2018,353,19,51,36439.0,38801.0,33521.0,34714.016
2018-12-19 19:00:00,,19,2,4,12,2018,353,19,51,36713.0,38886.0,33135.0,34525.99
2018-12-19 20:00:00,,20,2,4,12,2018,353,19,51,36605.0,38572.0,32366.0,34243.258
2018-12-19 21:00:00,,21,2,4,12,2018,353,19,51,36256.0,38111.0,31476.0,33323.96
2018-12-19 22:00:00,,22,2,4,12,2018,353,19,51,35018.0,36694.0,30064.0,32590.871
2018-12-19 23:00:00,,23,2,4,12,2018,353,19,51,32959.0,34469.0,27921.0,31026.65
2018-12-20 00:00:00,,0,3,4,12,2018,354,20,51,30817.0,32004.0,25502.0,27820.281
2018-12-20 01:00:00,,1,3,4,12,2018,354,20,51,29298.0,30289.0,23383.0,26553.271
2018-12-20 02:00:00,,2,3,4,12,2018,354,20,51,28547.0,29232.0,22053.0,25698.732
2018-12-20 03:00:00,,3,3,4,12,2018,354,20,51,28281.0,28671.0,21275.0,25489.352
2018-12-20 04:00:00,,4,3,4,12,2018,354,20,51,28477.0,28490.0,20912.0,25234.852
2018-12-20 05:00:00,,5,3,4,12,2018,354,20,51,29401.0,29032.0,21132.0,25721.492
2018-12-20 06:00:00,,6,3,4,12,2018,354,20,51,31616.0,30804.0,22163.0,26854.553
2018-12-20 07:00:00,,7,3,4,12,2018,354,20,51,35063.0,33890.0,23971.0,30905.404
2018-12-20 08:00:00,,8,3,4,12,2018,354,20,51,36751.0,35719.0,25768.0,32327.316
2018-12-20 09:00:00,,9,3,4,12,2018,354,20,51,36240.0,35612.0,27054.0,32157.838
2018-12-20 10:00:00,,10,3,4,12,2018,354,20,51,34769.0,34726.0,28405.0,32008.658
2018-12-20 11:00:00,,11,3,4,12,2018,354,20,51,33622.0,33902.0,29236.0,31656.918
2018-12-20 12:00:00,,12,3,4,12,2018,354,20,51,32632.0,32973.0,29443.0,31285.967
2018-12-20 13:00:00,,13,3,4,12,2018,354,20,51,31828.0,31743.0,29166.0,30005.867
2018-12-20 14:00:00,,14,3,4,12,2018,354,20,51,31575.0,31335.0,28887.0,29940.896
2018-12-20 15:00:00,,15,3,4,12,2018,354,20,51,31564.0,31423.0,28619.0,29967.688
2018-12-20 16:00:00,,16,3,4,12,2018,354,20,51,32149.0,32075.0,28378.0,30658.195
2018-12-20 17:00:00,,17,3,4,12,2018,354,20,51,34175.0,34121.0,29312.0,32402.072
2018-12-20 18:00:00,,18,3,4,12,2018,354,20,51,37117.0,36837.0,31007.0,33650.14
2018-12-20 19:00:00,,19,3,4,12,2018,354,20,51,37394.0,36875.0,29989.0,33540.645
2018-12-20 20:00:00,,20,3,4,12,2018,354,20,51,37176.0,36412.0,28833.0,33434.562
2018-12-20 21:00:00,,21,3,4,12,2018,354,20,51,36687.0,35781.0,28070.0,33220.523
2018-12-20 22:00:00,,22,3,4,12,2018,354,20,51,35509.0,34577.0,27328.0,32181.385
2018-12-20 23:00:00,,23,3,4,12,2018,354,20,51,33429.0,32515.0,26189.0,30362.414
2018-12-21 00:00:00,,0,4,4,12,2018,355,21,51,31293.0,30249.0,24605.0,27299.18
2018-12-21 01:00:00,,1,4,4,12,2018,355,21,51,29501.0,28455.0,22862.0,25990.64
2018-12-21 02:00:00,,2,4,4,12,2018,355,21,51,28509.0,27486.0,21494.0,24905.729
2018-12-21 03:00:00,,3,4,4,12,2018,355,21,51,27979.0,27173.0,20626.0,24783.777
2018-12-21 04:00:00,,4,4,4,12,2018,355,21,51,27878.0,27330.0,20165.0,24822.633
2018-12-21 05:00:00,,5,4,4,12,2018,355,21,51,28388.0,28213.0,20147.0,25253.84
2018-12-21 06:00:00,,6,4,4,12,2018,355,21,51,30070.0,30075.0,20593.0,26399.504
2018-12-21 07:00:00,,7,4,4,12,2018,355,21,51,32898.0,32859.0,21515.0,29246.97
2018-12-21 08:00:00,,8,4,4,12,2018,355,21,51,34651.0,34501.0,22560.0,31523.785
2018-12-21 09:00:00,,9,4,4,12,2018,355,21,51,34902.0,34551.0,23836.0,31747.604
2018-12-21 10:00:00,,10,4,4,12,2018,355,21,51,34739.0,33718.0,25090.0,31780.367
2018-12-21 11:00:00,,11,4,4,12,2018,355,21,51,34350.0,32689.0,25871.0,31221.344
2018-12-21 12:00:00,,12,4,4,12,2018,355,21,51,33557.0,31635.0,26266.0,30386.723
2018-12-21 13:00:00,,13,4,4,12,2018,355,21,51,32556.0,30750.0,26329.0,29782.55
2018-12-21 14:00:00,,14,4,4,12,2018,355,21,51,31978.0,30391.0,26190.0,28938.496
2018-12-21 15:00:00,,15,4,4,12,2018,355,21,51,31633.0,30455.0,26043.0,28721.5
2018-12-21 16:00:00,,16,4,4,12,2018,355,21,51,31912.0,31106.0,26118.0,28865.805
2018-12-21 17:00:00,,17,4,4,12,2018,355,21,51,33408.0,33062.0,27036.0,31356.707
2018-12-21 18:00:00,,18,4,4,12,2018,355,21,51,35052.0,35619.0,27949.0,32947.62
2018-12-21 19:00:00,,19,4,4,12,2018,355,21,51,34553.0,35443.0,27477.0,32824.938
2018-12-21 20:00:00,,20,4,4,12,2018,355,21,51,33787.0,34847.0,27037.0,31990.926
2018-12-21 21:00:00,,21,4,4,12,2018,355,21,51,32940.0,34123.0,26639.0,31525.93
2018-12-21 22:00:00,,22,4,4,12,2018,355,21,51,31756.0,33088.0,25981.0,29507.049
2018-12-21 23:00:00,,23,4,4,12,2018,355,21,51,29934.0,31360.0,24757.0,28344.838
2018-12-22 00:00:00,,0,5,4,12,2018,356,22,51,27861.0,29329.0,23104.0,25952.428
2018-12-22 01:00:00,,1,5,4,12,2018,356,22,51,26040.0,27517.0,21492.0,24129.56
2018-12-22 02:00:00,,2,5,4,12,2018,356,22,51,24877.0,26292.0,20469.0,23402.928
2018-12-22 03:00:00,,3,5,4,12,2018,356,22,51,24233.0,25562.0,19849.0,22986.912
2018-12-22 04:00:00,,4,5,4,12,2018,356,22,51,23992.0,25259.0,19583.0,22625.06
2018-12-22 05:00:00,,5,5,4,12,2018,356,22,51,24118.0,25355.0,19634.0,22755.611
2018-12-22 06:00:00,,6,5,4,12,2018,356,22,51,24713.0,26007.0,20215.0,23321.984
2018-12-22 07:00:00,,7,5,4,12,2018,356,22,51,25853.0,27109.0,21216.0,24202.482
2018-12-22 08:00:00,,8,5,4,12,2018,356,22,51,27177.0,28587.0,22304.0,25428.63
2018-12-22 09:00:00,,9,5,4,12,2018,356,22,51,28685.0,30190.0,23643.0,26673.162
2018-12-22 10:00:00,,10,5,4,12,2018,356,22,51,29963.0,31651.0,25175.0,28013.977
2018-12-22 11:00:00,,11,5,4,12,2018,356,22,51,30622.0,32422.0,26177.0,28461.992
2018-12-22 12:00:00,,12,5,4,12,2018,356,22,51,30703.0,32512.0,26680.0,28599.61
2018-12-22 13:00:00,,13,5,4,12,2018,356,22,51,30342.0,32032.0,26706.0,28678.15
2018-12-22 14:00:00,,14,5,4,12,2018,356,22,51,29789.0,31279.0,26500.0,28368.34
2018-12-22 15:00:00,,15,5,4,12,2018,356,22,51,29391.0,30464.0,26345.0,27671.486
2018-12-22 16:00:00,,16,5,4,12,2018,356,22,51,29316.0,30042.0,26534.0,27750.61
2018-12-22 17:00:00,,17,5,4,12,2018,356,22,51,30387.0,30841.0,27952.0,28943.896
2018-12-22 18:00:00,,18,5,4,12,2018,356,22,51,31663.0,32422.0,29695.0,30083.832
2018-12-22 19:00:00,,19,5,4,12,2018,356,22,51,31418.0,31787.0,29671.0,30083.832
2018-12-22 20:00:00,,20,5,4,12,2018,356,22,51,31071.0,31040.0,29300.0,29447.207
2018-12-22 21:00:00,,21,5,4,12,2018,356,22,51,30559.0,30532.0,28785.0,29070.17
2018-12-22 22:00:00,,22,5,4,12,2018,356,22,51,29772.0,29947.0,27855.0,28285.932
2018-12-22 23:00:00,,23,5,4,12,2018,356,22,51,28581.0,28963.0,26465.0,27237.68
2018-12-23 00:00:00,,0,6,4,12,2018,357,23,51,27044.0,27565.0,24704.0,25495.025
2018-12-23 01:00:00,,1,6,4,12,2018,357,23,51,25482.0,26123.0,23039.0,24095.875
2018-12-23 02:00:00,,2,6,4,12,2018,357,23,51,24531.0,25098.0,21822.0,23074.297
2018-12-23 03:00:00,,3,6,4,12,2018,357,23,51,24000.0,24594.0,21147.0,22472.178
2018-12-23 04:00:00,,4,6,4,12,2018,357,23,51,23884.0,24499.0,20822.0,22339.256
2018-12-23 05:00:00,,5,6,4,12,2018,357,23,51,24085.0,24811.0,20788.0,22472.178
2018-12-23 06:00:00,,6,6,4,12,2018,357,23,51,24771.0,25535.0,21226.0,23188.496
2018-12-23 07:00:00,,7,6,4,12,2018,357,23,51,25994.0,26682.0,21968.0,24231.283
2018-12-23 08:00:00,,8,6,4,12,2018,357,23,51,27240.0,27814.0,22752.0,25230.29
2018-12-23 09:00:00,,9,6,4,12,2018,357,23,51,28397.0,28498.0,23824.0,26175.807
2018-12-23 10:00:00,,10,6,4,12,2018,357,23,51,29089.0,28122.0,25065.0,26567.844
2018-12-23 11:00:00,,11,6,4,12,2018,357,23,51,29362.0,27472.0,25802.0,26773.012
2018-12-23 12:00:00,,12,6,4,12,2018,357,23,51,29421.0,26889.0,26209.0,26811.82
2018-12-23 13:00:00,,13,6,4,12,2018,357,23,51,29413.0,26376.0,26193.0,26815.285
2018-12-23 14:00:00,,14,6,4,12,2018,357,23,51,29372.0,25896.0,26063.0,26705.6
2018-12-23 15:00:00,,15,6,4,12,2018,357,23,51,29521.0,25662.0,25895.0,26795.848
2018-12-23 16:00:00,,16,6,4,12,2018,357,23,51,29741.0,25829.0,26024.0,27377.78
2018-12-23 17:00:00,,17,6,4,12,2018,357,23,51,31116.0,27025.0,27527.0,27889.309
2018-12-23 18:00:00,,18,6,4,12,2018,357,23,51,32489.0,29243.0,29727.0,29968.268
2018-12-23 19:00:00,,19,6,4,12,2018,357,23,51,31939.0,29654.0,29831.0,29191.379
2018-12-23 20:00:00,,20,6,4,12,2018,357,23,51,31363.0,29852.0,29418.0,29130.395
2018-12-23 21:00:00,,21,6,4,12,2018,357,23,51,30988.0,30188.0,28796.0,29221.312
2018-12-23 22:00:00,,22,6,4,12,2018,357,23,51,30574.0,30123.0,27696.0,28578.172
2018-12-23 23:00:00,,23,6,4,12,2018,357,23,51,29595.0,29352.0,26045.0,27589.383
2018-12-24 00:00:00,,0,0,4,12,2018,358,24,52,28154.0,28080.0,24278.0,26345.61
2018-12-24 01:00:00,,1,0,4,12,2018,358,24,52,26710.0,26916.0,22839.0,24824.088
2018-12-24 02:00:00,,2,0,4,12,2018,358,24,52,25666.0,26226.0,22038.0,24004.59
2018-12-24 03:00:00,,3,0,4,12,2018,358,24,52,25085.0,25870.0,21748.0,23704.078
2018-12-24 04:00:00,,4,0,4,12,2018,358,24,52,24923.0,25831.0,21909.0,23743.465
2018-12-24 05:00:00,,5,0,4,12,2018,358,24,52,25259.0,26168.0,22680.0,24128.475
2018-12-24 06:00:00,,6,0,4,12,2018,358,24,52,26232.0,27032.0,24455.0,25286.682
2018-12-24 07:00:00,,7,0,4,12,2018,358,24,52,27605.0,28114.0,27009.0,26993.953
2018-12-24 08:00:00,,8,0,4,12,2018,358,24,52,28948.0,28912.0,28935.0,28056.25
2018-12-24 09:00:00,,9,0,4,12,2018,358,24,52,30051.0,29888.0,29965.0,29005.07
2018-12-24 10:00:00,,10,0,4,12,2018,358,24,52,30606.0,31058.0,30718.0,30178.406
2018-12-24 11:00:00,,11,0,4,12,2018,358,24,52,30794.0,31765.0,31073.0,30907.16
2018-12-24 12:00:00,,12,0,4,12,2018,358,24,52,30775.0,32013.0,31213.0,30959.992
2018-12-24 13:00:00,,13,0,4,12,2018,358,24,52,30487.0,31939.0,31293.0,30976.941
2018-12-24 14:00:00,,14,0,4,12,2018,358,24,52,30217.0,31634.0,31427.0,30946.127
2018-12-24 15:00:00,,15,0,4,12,2018,358,24,52,30232.0,31410.0,31572.0,30865.57
2018-12-24 16:00:00,,16,0,4,12,2018,358,24,52,30663.0,31457.0,31922.0,31050.031
2018-12-24 17:00:00,,17,0,4,12,2018,358,24,52,32197.0,32780.0,33634.0,32005.8
2018-12-24 18:00:00,,18,0,4,12,2018,358,24,52,34215.0,34487.0,35712.0,33669.7
2018-12-24 19:00:00,,19,0,4,12,2018,358,24,52,34422.0,34234.0,35534.0,33669.7
2018-12-24 20:00:00,,20,0,4,12,2018,358,24,52,34405.0,33616.0,34938.0,33304.305
2018-12-24 21:00:00,,21,0,4,12,2018,358,24,52,34305.0,32789.0,34059.0,32697.498
2018-12-24 22:00:00,,22,0,4,12,2018,358,24,52,33652.0,31384.0,32592.0,31699.842
2018-12-24 23:00:00,,23,0,4,12,2018,358,24,52,32554.0,29434.0,30468.0,30388.422
2018-12-25 00:00:00,,0,1,4,12,2018,359,25,52,31272.0,27244.0,28310.0,27387.059
2018-12-25 01:00:00,,1,1,4,12,2018,359,25,52,29834.0,25484.0,26443.0,26246.62
2018-12-25 02:00:00,,2,1,4,12,2018,359,25,52,29126.0,24361.0,25308.0,25421.541
2018-12-25 03:00:00,,3,1,4,12,2018,359,25,52,28881.0,23780.0,24727.0,24942.78
2018-12-25 04:00:00,,4,1,4,12,2018,359,25,52,29050.0,23559.0,24532.0,24887.744
2018-12-25 05:00:00,,5,1,4,12,2018,359,25,52,29763.0,23947.0,24964.0,25593.678
2018-12-25 06:00:00,,6,1,4,12,2018,359,25,52,31345.0,25308.0,26435.0,26316.58
2018-12-25 07:00:00,,7,1,4,12,2018,359,25,52,33546.0,27367.0,28559.0,28874.045
2018-12-25 08:00:00,,8,1,4,12,2018,359,25,52,35095.0,28926.0,30275.0,30369.875
2018-12-25 09:00:00,,9,1,4,12,2018,359,25,52,35778.0,29676.0,31006.0,30960.523
2018-12-25 10:00:00,,10,1,4,12,2018,359,25,52,36167.0,30321.0,31659.0,31340.59
2018-12-25 11:00:00,,11,1,4,12,2018,359,25,52,36174.0,30625.0,31938.0,31498.492
2018-12-25 12:00:00,,12,1,4,12,2018,359,25,52,35383.0,30462.0,31799.0,31482.328
2018-12-25 13:00:00,,13,1,4,12,2018,359,25,52,34365.0,29733.0,31528.0,31282.002
2018-12-25 14:00:00,,14,1,4,12,2018,359,25,52,34005.0,29138.0,31253.0,31109.227
2018-12-25 15:00:00,,15,1,4,12,2018,359,25,52,34027.0,28795.0,30967.0,31220.346
2018-12-25 16:00:00,,16,1,4,12,2018,359,25,52,34548.0,28862.0,30911.0,31427.727
2018-12-25 17:00:00,,17,1,4,12,2018,359,25,52,36633.0,30114.0,32074.0,32032.357
2018-12-25 18:00:00,,18,1,4,12,2018,359,25,52,39550.0,32838.0,34242.0,34020.89
2018-12-25 19:00:00,,19,1,4,12,2018,359,25,52,39664.0,32973.0,33984.0,34246.88
2018-12-25 20:00:00,,20,1,4,12,2018,359,25,52,39235.0,32514.0,33248.0,33696.63
2018-12-25 21:00:00,,21,1,4,12,2018,359,25,52,38577.0,31805.0,32305.0,32846.008
2018-12-25 22:00:00,,22,1,4,12,2018,359,25,52,37313.0,30625.0,30888.0,31520.174
2018-12-25 23:00:00,,23,1,4,12,2018,359,25,52,35355.0,28834.0,28803.0,30275.129
2018-12-26 00:00:00,,0,2,4,12,2018,360,26,52,33445.0,26941.0,26625.0,27701.318
2018-12-26 01:00:00,,1,2,4,12,2018,360,26,52,32068.0,25455.0,24845.0,25892.492
2018-12-26 02:00:00,,2,2,4,12,2018,360,26,52,31130.0,24721.0,23791.0,25723.049
2018-12-26 03:00:00,,3,2,4,12,2018,360,26,52,30780.0,24459.0,23249.0,25526.318
2018-12-26 04:00:00,,4,2,4,12,2018,360,26,52,30928.0,24570.0,23077.0,25513.947
2018-12-26 05:00:00,,5,2,4,12,2018,360,26,52,31584.0,25325.0,23598.0,25770.12
2018-12-26 06:00:00,,6,2,4,12,2018,360,26,52,33274.0,27181.0,25127.0,27649.63
2018-12-26 07:00:00,,7,2,4,12,2018,360,26,52,35834.0,29552.0,27438.0,29744.807
2018-12-26 08:00:00,,8,2,4,12,2018,360,26,52,37635.0,31446.0,29159.0,30820.35
2018-12-26 09:00:00,,9,2,4,12,2018,360,26,52,38521.0,32088.0,29948.0,31513.441
2018-12-26 10:00:00,,10,2,4,12,2018,360,26,52,38883.0,32363.0,30649.0,31768.348
2018-12-26 11:00:00,,11,2,4,12,2018,360,26,52,38762.0,32541.0,31117.0,32173.035
2018-12-26 12:00:00,,12,2,4,12,2018,360,26,52,38009.0,32288.0,31223.0,32225.867
2018-12-26 13:00:00,,13,2,4,12,2018,360,26,52,37100.0,31795.0,31050.0,32143.434
2018-12-26 14:00:00,,14,2,4,12,2018,360,26,52,36893.0,31432.0,30985.0,31932.13
2018-12-26 15:00:00,,15,2,4,12,2018,360,26,52,36965.0,31298.0,30822.0,31944.125
2018-12-26 16:00:00,,16,2,4,12,2018,360,26,52,37393.0,31538.0,30913.0,32215.62
2018-12-26 17:00:00,,17,2,4,12,2018,360,26,52,39472.0,33114.0,32260.0,33681.6
2018-12-26 18:00:00,,18,2,4,12,2018,360,26,52,42622.0,35967.0,33851.0,35656.094
2018-12-26 19:00:00,,19,2,4,12,2018,360,26,52,42852.0,36239.0,33477.0,35016.188
2018-12-26 20:00:00,,20,2,4,12,2018,360,26,52,42636.0,35933.0,32674.0,35048.97
2018-12-26 21:00:00,,21,2,4,12,2018,360,26,52,42095.0,35402.0,31800.0,34835.29
2018-12-26 22:00:00,,22,2,4,12,2018,360,26,52,40825.0,34253.0,30323.0,33654.34
2018-12-26 23:00:00,,23,2,4,12,2018,360,26,52,38963.0,32446.0,28311.0,31248.62
2018-12-27 00:00:00,,0,3,4,12,2018,361,27,52,37245.0,30498.0,26101.0,29036.95
2018-12-27 01:00:00,,1,3,4,12,2018,361,27,52,35776.0,28971.0,24305.0,28489.156
2018-12-27 02:00:00,,2,3,4,12,2018,361,27,52,35231.0,28121.0,23156.0,28090.623
2018-12-27 03:00:00,,3,3,4,12,2018,361,27,52,35109.0,27621.0,22514.0,27828.662
2018-12-27 04:00:00,,4,3,4,12,2018,361,27,52,35384.0,27520.0,22330.0,27814.172
2018-12-27 05:00:00,,5,3,4,12,2018,361,27,52,36213.0,27913.0,22773.0,27994.186
2018-12-27 06:00:00,,6,3,4,12,2018,361,27,52,37794.0,29151.0,24106.0,28961.047
2018-12-27 07:00:00,,7,3,4,12,2018,361,27,52,40209.0,31202.0,26129.0,30230.338
2018-12-27 08:00:00,,8,3,4,12,2018,361,27,52,41719.0,32978.0,27660.0,32533.963
2018-12-27 09:00:00,,9,3,4,12,2018,361,27,52,42322.0,33748.0,28461.0,33411.445
2018-12-27 10:00:00,,10,3,4,12,2018,361,27,52,41625.0,34497.0,29195.0,33551.523
2018-12-27 11:00:00,,11,3,4,12,2018,361,27,52,40756.0,34769.0,29459.0,33573.426
2018-12-27 12:00:00,,12,3,4,12,2018,361,27,52,39895.0,34736.0,29461.0,33607.613
2018-12-27 13:00:00,,13,3,4,12,2018,361,27,52,39369.0,34339.0,29195.0,33344.773
2018-12-27 14:00:00,,14,3,4,12,2018,361,27,52,39132.0,33975.0,28902.0,32911.17
2018-12-27 15:00:00,,15,3,4,12,2018,361,27,52,39023.0,33215.0,28740.0,32647.252
2018-12-27 16:00:00,,16,3,4,12,2018,361,27,52,39620.0,32911.0,29048.0,32704.988
2018-12-27 17:00:00,,17,3,4,12,2018,361,27,52,41556.0,33984.0,30774.0,34254.41
2018-12-27 18:00:00,,18,3,4,12,2018,361,27,52,44628.0,36475.0,33130.0,35065.242
2018-12-27 19:00:00,,19,3,4,12,2018,361,27,52,44715.0,36507.0,32732.0,34835.195
2018-12-27 20:00:00,,20,3,4,12,2018,361,27,52,44411.0,35962.0,31564.0,34687.562
2018-12-27 21:00:00,,21,3,4,12,2018,361,27,52,43686.0,35216.0,30404.0,34028.99
2018-12-27 22:00:00,,22,3,4,12,2018,361,27,52,42977.0,33883.0,29210.0,33360.1
2018-12-27 23:00:00,,23,3,4,12,2018,361,27,52,40722.0,31972.0,27944.0,31733.123
2018-12-28 00:00:00,,0,4,4,12,2018,362,28,52,38835.0,30032.0,26686.0,29145.951
2018-12-28 01:00:00,,1,4,4,12,2018,362,28,52,37263.0,28422.0,25509.0,28620.87
2018-12-28 02:00:00,,2,4,4,12,2018,362,28,52,36393.0,27513.0,24599.0,28447.73
2018-12-28 03:00:00,,3,4,4,12,2018,362,28,52,36128.0,27148.0,23896.0,28161.809
2018-12-28 04:00:00,,4,4,4,12,2018,362,28,52,36164.0,27128.0,23567.0,28126.512
2018-12-28 05:00:00,,5,4,4,12,2018,362,28,52,36408.0,27763.0,23673.0,28412.434
2018-12-28 06:00:00,,6,4,4,12,2018,362,28,52,37602.0,29289.0,24286.0,29006.26
2018-12-28 07:00:00,,7,4,4,12,2018,362,28,52,39607.0,31456.0,25025.0,30182.777
2018-12-28 08:00:00,,8,4,4,12,2018,362,28,52,41148.0,32902.0,25512.0,31845.885
2018-12-28 09:00:00,,9,4,4,12,2018,362,28,52,41411.0,33138.0,26047.0,32585.613
2018-12-28 10:00:00,,10,4,4,12,2018,362,28,52,40683.0,32989.0,27098.0,32772.992
2018-12-28 11:00:00,,11,4,4,12,2018,362,28,52,40156.0,33085.0,28037.0,33007.504
2018-12-28 12:00:00,,12,4,4,12,2018,362,28,52,39874.0,33041.0,28543.0,33091.21
2018-12-28 13:00:00,,13,4,4,12,2018,362,28,52,39287.0,32991.0,28838.0,32874.0
2018-12-28 14:00:00,,14,4,4,12,2018,362,28,52,37977.0,32799.0,28961.0,32158.445
2018-12-28 15:00:00,,15,4,4,12,2018,362,28,52,37776.0,32526.0,29023.0,31951.107
2018-12-28 16:00:00,,16,4,4,12,2018,362,28,52,38432.0,32772.0,29300.0,32301.125
2018-12-28 17:00:00,,17,4,4,12,2018,362,28,52,40134.0,34374.0,30529.0,33993.22
2018-12-28 18:00:00,,18,4,4,12,2018,362,28,52,42982.0,37173.0,32845.0,34933.38
2018-12-28 19:00:00,,19,4,4,12,2018,362,28,52,42882.0,36964.0,32868.0,34889.605
2018-12-28 20:00:00,,20,4,4,12,2018,362,28,52,42555.0,36398.0,32530.0,35124.62
2018-12-28 21:00:00,,21,4,4,12,2018,362,28,52,41865.0,35702.0,32131.0,34753.668
2018-12-28 22:00:00,,22,4,4,12,2018,362,28,52,40769.0,34583.0,31318.0,33813.21
2018-12-28 23:00:00,,23,4,4,12,2018,362,28,52,39088.0,32935.0,29930.0,31570.664
2018-12-29 00:00:00,,0,5,4,12,2018,363,29,52,37286.0,31172.0,28315.0,29577.908
2018-12-29 01:00:00,,1,5,4,12,2018,363,29,52,35657.0,29627.0,26953.0,28730.574
2018-12-29 02:00:00,,2,5,4,12,2018,363,29,52,34540.0,28744.0,26080.0,28447.744
2018-12-29 03:00:00,,3,5,4,12,2018,363,29,52,33812.0,28274.0,25632.0,27861.18
2018-12-29 04:00:00,,4,5,4,12,2018,363,29,52,33635.0,28162.0,25476.0,27882.717
2018-12-29 05:00:00,,5,5,4,12,2018,363,29,52,33975.0,28434.0,25755.0,27995.793
2018-12-29 06:00:00,,6,5,4,12,2018,363,29,52,34625.0,29132.0,26588.0,28566.98
2018-12-29 07:00:00,,7,5,4,12,2018,363,29,52,35660.0,30252.0,27840.0,29165.463
2018-12-29 08:00:00,,8,5,4,12,2018,363,29,52,36743.0,31056.0,28891.0,29996.826
2018-12-29 09:00:00,,9,5,4,12,2018,363,29,52,37753.0,31787.0,29641.0,30773.205
2018-12-29 10:00:00,,10,5,4,12,2018,363,29,52,38948.0,32116.0,29815.0,30929.72
2018-12-29 11:00:00,,11,5,4,12,2018,363,29,52,39344.0,31807.0,29699.0,31353.9
2018-12-29 12:00:00,,12,5,4,12,2018,363,29,52,38996.0,31084.0,29286.0,30482.715
2018-12-29 13:00:00,,13,5,4,12,2018,363,29,52,38194.0,30461.0,28697.0,30548.39
2018-12-29 14:00:00,,14,5,4,12,2018,363,29,52,37309.0,30043.0,28132.0,30653.605
2018-12-29 15:00:00,,15,5,4,12,2018,363,29,52,37004.0,30180.0,27984.0,30711.564
2018-12-29 16:00:00,,16,5,4,12,2018,363,29,52,36982.0,31021.0,28332.0,30942.947
2018-12-29 17:00:00,,17,5,4,12,2018,363,29,52,38164.0,32688.0,29770.0,31823.293
2018-12-29 18:00:00,,18,5,4,12,2018,363,29,52,40447.0,34898.0,32574.0,33881.105
2018-12-29 19:00:00,,19,5,4,12,2018,363,29,52,40782.0,34478.0,33041.0,34111.16
2018-12-29 20:00:00,,20,5,4,12,2018,363,29,52,40506.0,33328.0,32878.0,33718.477
2018-12-29 21:00:00,,21,5,4,12,2018,363,29,52,40383.0,32197.0,32586.0,32762.213
2018-12-29 22:00:00,,22,5,4,12,2018,363,29,52,39438.0,30909.0,31877.0,31222.26
2018-12-29 23:00:00,,23,5,4,12,2018,363,29,52,37874.0,29519.0,30590.0,30589.137
2018-12-30 00:00:00,,0,6,4,12,2018,364,30,52,36156.0,28171.0,29036.0,28869.467
2018-12-30 01:00:00,,1,6,4,12,2018,364,30,52,35242.0,26879.0,27708.0,28296.602
2018-12-30 02:00:00,,2,6,4,12,2018,364,30,52,34410.0,25848.0,26836.0,27886.262
2018-12-30 03:00:00,,3,6,4,12,2018,364,30,52,34150.0,25039.0,26451.0,27877.691
2018-12-30 04:00:00,,4,6,4,12,2018,364,30,52,34220.0,24637.0,26312.0,27810.406
2018-12-30 05:00:00,,5,6,4,12,2018,364,30,52,34627.0,24615.0,26554.0,28067.041
2018-12-30 06:00:00,,6,6,4,12,2018,364,30,52,35438.0,24973.0,27150.0,28016.377
2018-12-30 07:00:00,,7,6,4,12,2018,364,30,52,36615.0,25676.0,28180.0,28778.275
2018-12-30 08:00:00,,8,6,4,12,2018,364,30,52,37612.0,26197.0,28910.0,29238.998
2018-12-30 09:00:00,,9,6,4,12,2018,364,30,52,38435.0,26560.0,29277.0,29472.943
2018-12-30 10:00:00,,10,6,4,12,2018,364,30,52,38803.0,26688.0,28915.0,29529.215
2018-12-30 11:00:00,,11,6,4,12,2018,364,30,52,39375.0,26567.0,28382.0,29579.535
2018-12-30 12:00:00,,12,6,4,12,2018,364,30,52,39565.0,26448.0,28065.0,29669.113
2018-12-30 13:00:00,,13,6,4,12,2018,364,30,52,39664.0,26162.0,27862.0,29558.793
2018-12-30 14:00:00,,14,6,4,12,2018,364,30,52,39888.0,25880.0,27755.0,29740.543
2018-12-30 15:00:00,,15,6,4,12,2018,364,30,52,40210.0,25846.0,27765.0,29798.799
2018-12-30 16:00:00,,16,6,4,12,2018,364,30,52,40604.0,26250.0,28200.0,30067.938
2018-12-30 17:00:00,,17,6,4,12,2018,364,30,52,42013.0,27854.0,30021.0,30854.281
2018-12-30 18:00:00,,18,6,4,12,2018,364,30,52,44605.0,30868.0,33156.0,31681.826
2018-12-30 19:00:00,,19,6,4,12,2018,364,30,52,44650.0,31442.0,33781.0,32048.172
2018-12-30 20:00:00,,20,6,4,12,2018,364,30,52,43948.0,31448.0,33634.0,31916.242
2018-12-30 21:00:00,,21,6,4,12,2018,364,30,52,43092.0,31246.0,33098.0,31563.717
2018-12-30 22:00:00,,22,6,4,12,2018,364,30,52,42090.0,30526.0,31779.0,31504.559
2018-12-30 23:00:00,,23,6,4,12,2018,364,30,52,40972.0,29209.0,29976.0,30271.271
2018-12-31 00:00:00,,0,0,4,12,2018,365,31,1,39928.0,27617.0,28152.0,29142.584
2018-12-31 01:00:00,,1,0,4,12,2018,365,31,1,38925.0,26216.0,26909.0,28368.777
2018-12-31 02:00:00,,2,0,4,12,2018,365,31,1,38298.0,25381.0,26369.0,28150.143
2018-12-31 03:00:00,,3,0,4,12,2018,365,31,1,37808.0,24962.0,26292.0,28139.31
2018-12-31 04:00:00,,4,0,4,12,2018,365,31,1,37742.0,24873.0,26573.0,28206.596
2018-12-31 05:00:00,,5,0,4,12,2018,365,31,1,38049.0,25313.0,27662.0,28274.56
2018-12-31 06:00:00,,6,0,4,12,2018,365,31,1,38821.0,26354.0,30097.0,29072.662
2018-12-31 07:00:00,,7,0,4,12,2018,365,31,1,39762.0,27699.0,33869.0,31642.46
2018-12-31 08:00:00,,8,0,4,12,2018,365,31,1,40154.0,28746.0,35862.0,32551.102
2018-12-31 09:00:00,,9,0,4,12,2018,365,31,1,40309.0,29682.0,35755.0,32677.797
2018-12-31 10:00:00,,10,0,4,12,2018,365,31,1,39884.0,30929.0,35344.0,32811.08
2018-12-31 11:00:00,,11,0,4,12,2018,365,31,1,39544.0,31878.0,34844.0,33704.223
2018-12-31 12:00:00,,12,0,4,12,2018,365,31,1,39270.0,32418.0,34397.0,33699.22
2018-12-31 13:00:00,,13,0,4,12,2018,365,31,1,38987.0,32478.0,34078.0,33275.69
2018-12-31 14:00:00,,14,0,4,12,2018,365,31,1,38726.0,32375.0,34026.0,33362.46
2018-12-31 15:00:00,,15,0,4,12,2018,365,31,1,38737.0,32254.0,34255.0,33420.715
2018-12-31 16:00:00,,16,0,4,12,2018,365,31,1,39337.0,32428.0,35189.0,34119.1
2018-12-31 17:00:00,,17,0,4,12,2018,365,31,1,41213.0,33742.0,37399.0,35414.86
2018-12-31 18:00:00,,18,0,4,12,2018,365,31,1,44147.0,35538.0,40942.0,37566.285
2018-12-31 19:00:00,,19,0,4,12,2018,365,31,1,44343.0,35178.0,41830.0,37555.65
2018-12-31 20:00:00,,20,0,4,12,2018,365,31,1,44284.0,34600.0,41772.0,37278.06
2018-12-31 21:00:00,,21,0,4,12,2018,365,31,1,43751.0,33674.0,41393.0,36975.51
2018-12-31 22:00:00,,22,0,4,12,2018,365,31,1,42402.0,32035.0,40092.0,35215.445
2018-12-31 23:00:00,,23,0,4,12,2018,365,31,1,40164.0,29870.0,37911.0,32804.508
2019-01-01 00:00:00,,0,1,1,1,2019,1,1,1,38608.0,27771.0,35931.0,29324.588
2019-01-01 01:00:00,,1,1,1,1,2019,1,1,1,37679.0,26243.0,34721.0,28417.684
2019-01-01 02:00:00,,2,1,1,1,2019,1,1,1,37160.0,25340.0,34253.0,27934.94
2019-01-01 03:00:00,,3,1,1,1,2019,1,1,1,37063.0,25022.0,34182.0,27934.94
2019-01-01 04:00:00,,4,1,1,1,2019,1,1,1,37401.0,25123.0,34468.0,28214.846
2019-01-01 05:00:00,,5,1,1,1,2019,1,1,1,38255.0,25925.0,35464.0,28418.312
2019-01-01 06:00:00,,6,1,1,1,2019,1,1,1,40408.0,27975.0,37753.0,30133.928
2019-01-01 07:00:00,,7,1,1,1,2019,1,1,1,43508.0,31330.0,41248.0,31951.121
2019-01-01 08:00:00,,8,1,1,1,2019,1,1,1,45012.0,33316.0,42872.0,34185.047
2019-01-01 09:00:00,,9,1,1,1,2019,1,1,1,44491.0,33576.0,42077.0,34435.113
2019-01-01 10:00:00,,10,1,1,1,2019,1,1,1,43736.0,33840.0,40702.0,34384.91
2019-01-01 11:00:00,,11,1,1,1,2019,1,1,1,42747.0,34082.0,39519.0,34347.66
2019-01-01 12:00:00,,12,1,1,1,2019,1,1,1,41745.0,34092.0,38392.0,34402.137
2019-01-01 13:00:00,,13,1,1,1,2019,1,1,1,40849.0,34082.0,37298.0,33941.207
2019-01-01 14:00:00,,14,1,1,1,2019,1,1,1,40240.0,33749.0,36584.0,33667.105
2019-01-01 15:00:00,,15,1,1,1,2019,1,1,1,39817.0,33278.0,36078.0,33876.668
2019-01-01 16:00:00,,16,1,1,1,2019,1,1,1,40291.0,33276.0,36292.0,34476.668
2019-01-01 17:00:00,,17,1,1,1,2019,1,1,1,42219.0,34484.0,37959.0,35901.71
2019-01-01 18:00:00,,18,1,1,1,2019,1,1,1,45537.0,36356.0,41241.0,37245.25
2019-01-01 19:00:00,,19,1,1,1,2019,1,1,1,46050.0,36106.0,41910.0,37245.25
2019-01-01 20:00:00,,20,1,1,1,2019,1,1,1,45787.0,35306.0,41778.0,37021.68
2019-01-01 21:00:00,,21,1,1,1,2019,1,1,1,45209.0,34322.0,41185.0,36979.355
2019-01-01 22:00:00,,22,1,1,1,2019,1,1,1,43663.0,32580.0,39625.0,35137.395
2019-01-01 23:00:00,,23,1,1,1,2019,1,1,1,41581.0,30147.0,37219.0,32880.188
2019-01-02 00:00:00,,0,2,1,1,2019,2,2,1,39451.0,27889.0,35121.0,29076.924
2019-01-02 01:00:00,,1,2,1,1,2019,2,2,1,38011.0,26222.0,33850.0,28125.191
2019-01-02 02:00:00,,2,2,1,1,2019,2,2,1,37534.0,25288.0,33319.0,27795.744
2019-01-02 03:00:00,,3,2,1,1,2019,2,2,1,37485.0,24893.0,33283.0,27795.744
2019-01-02 04:00:00,,4,2,1,1,2019,2,2,1,37864.0,24909.0,33630.0,27947.99
2019-01-02 05:00:00,,5,2,1,1,2019,2,2,1,38960.0,25503.0,34663.0,28283.021
2019-01-02 06:00:00,,6,2,1,1,2019,2,2,1,41303.0,27505.0,37056.0,29587.047
2019-01-02 07:00:00,,7,2,1,1,2019,2,2,1,44802.0,30840.0,40670.0,32215.941
2019-01-02 08:00:00,,8,2,1,1,2019,2,2,1,46432.0,32656.0,42229.0,33638.527
2019-01-02 09:00:00,,9,2,1,1,2019,2,2,1,45542.0,32425.0,41101.0,33478.883
2019-01-02 10:00:00,,10,2,1,1,2019,2,2,1,43472.0,32196.0,39234.0,33237.67
2019-01-02 11:00:00,,11,2,1,1,2019,2,2,1,41762.0,32125.0,37528.0,32917.082
2019-01-02 12:00:00,,12,2,1,1,2019,2,2,1,40644.0,31813.0,36192.0,32059.357
2019-01-02 13:00:00,,13,2,1,1,2019,2,2,1,39561.0,31142.0,35066.0,31052.328
2019-01-02 14:00:00,,14,2,1,1,2019,2,2,1,38709.0,30532.0,34326.0,31254.068
2019-01-02 15:00:00,,15,2,1,1,2019,2,2,1,38092.0,30446.0,33933.0,32080.234
2019-01-02 16:00:00,,16,2,1,1,2019,2,2,1,38594.0,30963.0,34115.0,32277.627
2019-01-02 17:00:00,,17,2,1,1,2019,2,2,1,40576.0,32564.0,35661.0,33742.668
2019-01-02 18:00:00,,18,2,1,1,2019,2,2,1,43373.0,35824.0,38903.0,36571.0
2019-01-02 19:00:00,,19,2,1,1,2019,2,2,1,43683.0,36411.0,39598.0,36661.65
2019-01-02 20:00:00,,20,2,1,1,2019,2,2,1,43308.0,36328.0,39339.0,36567.492
2019-01-02 21:00:00,,21,2,1,1,2019,2,2,1,42440.0,35852.0,38667.0,36557.914
2019-01-02 22:00:00,,22,2,1,1,2019,2,2,1,40661.0,34526.0,37097.0,35250.973
2019-01-02 23:00:00,,23,2,1,1,2019,2,2,1,38207.0,32492.0,34702.0,32107.756
2019-01-03 00:00:00,,0,3,1,1,2019,3,3,1,36088.0,30557.0,32479.0,31425.822
2019-01-03 01:00:00,,1,3,1,1,2019,3,3,1,34494.0,29307.0,31009.0,30716.195
2019-01-03 02:00:00,,2,3,1,1,2019,3,3,1,33875.0,28748.0,30314.0,30161.172
2019-01-03 03:00:00,,3,3,1,1,2019,3,3,1,33689.0,28529.0,30008.0,29964.746
2019-01-03 04:00:00,,4,3,1,1,2019,3,3,1,34014.0,28847.0,30058.0,30236.062
2019-01-03 05:00:00,,5,3,1,1,2019,3,3,1,34950.0,29936.0,30682.0,30584.818
2019-01-03 06:00:00,,6,3,1,1,2019,3,3,1,36900.0,32276.0,32775.0,32117.725
2019-01-03 07:00:00,,7,3,1,1,2019,3,3,1,39460.0,35874.0,36211.0,36108.875
2019-01-03 08:00:00,,8,3,1,1,2019,3,3,1,41243.0,37704.0,38022.0,37146.035
2019-01-03 09:00:00,,9,3,1,1,2019,3,3,1,42221.0,37576.0,37387.0,37518.92
2019-01-03 10:00:00,,10,3,1,1,2019,3,3,1,43053.0,37476.0,36516.0,37649.24
2019-01-03 11:00:00,,11,3,1,1,2019,3,3,1,43789.0,37288.0,35703.0,37630.34
2019-01-03 12:00:00,,12,3,1,1,2019,3,3,1,44047.0,36670.0,34846.0,37502.402
2019-01-03 13:00:00,,13,3,1,1,2019,3,3,1,43714.0,35773.0,34085.0,36950.58
2019-01-03 14:00:00,,14,3,1,1,2019,3,3,1,43595.0,35631.0,33573.0,36657.773
2019-01-03 15:00:00,,15,3,1,1,2019,3,3,1,43123.0,35736.0,33176.0,36592.008
2019-01-03 16:00:00,,16,3,1,1,2019,3,3,1,42912.0,36064.0,33246.0,36736.85
2019-01-03 17:00:00,,17,3,1,1,2019,3,3,1,43831.0,37376.0,34441.0,37655.906
2019-01-03 18:00:00,,18,3,1,1,2019,3,3,1,46456.0,39745.0,36941.0,39195.094
2019-01-03 19:00:00,,19,3,1,1,2019,3,3,1,46484.0,39754.0,37184.0,39195.094
2019-01-03 20:00:00,,20,3,1,1,2019,3,3,1,45896.0,39185.0,36658.0,38994.14
2019-01-03 21:00:00,,21,3,1,1,2019,3,3,1,45377.0,38297.0,35874.0,38715.742
2019-01-03 22:00:00,,22,3,1,1,2019,3,3,1,44092.0,36615.0,34314.0,37189.16
2019-01-03 23:00:00,,23,3,1,1,2019,3,3,1,42257.0,34283.0,31972.0,34965.195
2019-01-04 00:00:00,,0,4,1,1,2019,4,4,1,40624.0,32142.0,29761.0,32135.383
2019-01-04 01:00:00,,1,4,1,1,2019,4,4,1,39667.0,30653.0,28198.0,30749.793
2019-01-04 02:00:00,,2,4,1,1,2019,4,4,1,39270.0,29842.0,27348.0,30472.072
2019-01-04 03:00:00,,3,4,1,1,2019,4,4,1,39249.0,29492.0,26939.0,30479.58
2019-01-04 04:00:00,,4,4,1,1,2019,4,4,1,39548.0,29542.0,26958.0,30479.58
2019-01-04 05:00:00,,5,4,1,1,2019,4,4,1,40385.0,30361.0,27678.0,30593.135
2019-01-04 06:00:00,,6,4,1,1,2019,4,4,1,42160.0,32404.0,29671.0,32362.75
2019-01-04 07:00:00,,7,4,1,1,2019,4,4,1,44660.0,35719.0,33194.0,35949.31
2019-01-04 08:00:00,,8,4,1,1,2019,4,4,1,46307.0,37539.0,34981.0,37442.633
2019-01-04 09:00:00,,9,4,1,1,2019,4,4,1,46537.0,37609.0,34855.0,37475.01
2019-01-04 10:00:00,,10,4,1,1,2019,4,4,1,46010.0,37269.0,34610.0,37571.594
2019-01-04 11:00:00,,11,4,1,1,2019,4,4,1,45360.0,36654.0,34323.0,36990.21
2019-01-04 12:00:00,,12,4,1,1,2019,4,4,1,44687.0,35995.0,33904.0,36978.145
2019-01-04 13:00:00,,13,4,1,1,2019,4,4,1,44097.0,35543.0,33482.0,36935.914
2019-01-04 14:00:00,,14,4,1,1,2019,4,4,1,43615.0,35486.0,33296.0,36581.133
2019-01-04 15:00:00,,15,4,1,1,2019,4,4,1,43368.0,35636.0,33072.0,36344.656
2019-01-04 16:00:00,,16,4,1,1,2019,4,4,1,43930.0,36219.0,33113.0,36642.445
2019-01-04 17:00:00,,17,4,1,1,2019,4,4,1,45917.0,37589.0,34138.0,37668.55
2019-01-04 18:00:00,,18,4,1,1,2019,4,4,1,48945.0,39804.0,35874.0,39877.426
2019-01-04 19:00:00,,19,4,1,1,2019,4,4,1,49021.0,39608.0,35448.0,39564.684
2019-01-04 20:00:00,,20,4,1,1,2019,4,4,1,48445.0,38944.0,34608.0,39266.285
2019-01-04 21:00:00,,21,4,1,1,2019,4,4,1,47788.0,38251.0,33617.0,38147.895
2019-01-04 22:00:00,,22,4,1,1,2019,4,4,1,46496.0,37096.0,32223.0,36557.977
2019-01-04 23:00:00,,23,4,1,1,2019,4,4,1,44661.0,35354.0,30311.0,35111.34
2019-01-05 00:00:00,,0,5,1,1,2019,5,5,1,42779.0,33594.0,28297.0,32539.328
2019-01-05 01:00:00,,1,5,1,1,2019,5,5,1,41535.0,32209.0,26597.0,30936.588
2019-01-05 02:00:00,,2,5,1,1,2019,5,5,1,40834.0,31309.0,25601.0,30574.887
2019-01-05 03:00:00,,3,5,1,1,2019,5,5,1,40540.0,30930.0,25045.0,30523.885
2019-01-05 04:00:00,,4,5,1,1,2019,5,5,1,40534.0,30842.0,24797.0,30500.758
2019-01-05 05:00:00,,5,5,1,1,2019,5,5,1,40909.0,31188.0,24967.0,30574.887
2019-01-05 06:00:00,,6,5,1,1,2019,5,5,1,41765.0,32129.0,25654.0,31196.645
2019-01-05 07:00:00,,7,5,1,1,2019,5,5,1,43089.0,33496.0,26840.0,32352.842
2019-01-05 08:00:00,,8,5,1,1,2019,5,5,1,44231.0,34967.0,28051.0,33429.805
2019-01-05 09:00:00,,9,5,1,1,2019,5,5,1,44657.0,36457.0,29245.0,34000.105
2019-01-05 10:00:00,,10,5,1,1,2019,5,5,1,44457.0,38000.0,30212.0,34433.066
2019-01-05 11:00:00,,11,5,1,1,2019,5,5,1,43912.0,38902.0,30603.0,34445.44
2019-01-05 12:00:00,,12,5,1,1,2019,5,5,1,43298.0,39196.0,30444.0,34500.793
2019-01-05 13:00:00,,13,5,1,1,2019,5,5,1,42589.0,39168.0,29970.0,34758.71
2019-01-05 14:00:00,,14,5,1,1,2019,5,5,1,42103.0,38928.0,29468.0,35008.96
2019-01-05 15:00:00,,15,5,1,1,2019,5,5,1,41940.0,38693.0,29126.0,34851.71
2019-01-05 16:00:00,,16,5,1,1,2019,5,5,1,42542.0,38508.0,29172.0,34802.664
2019-01-05 17:00:00,,17,5,1,1,2019,5,5,1,44516.0,39285.0,30187.0,35039.07
2019-01-05 18:00:00,,18,5,1,1,2019,5,5,1,47372.0,41324.0,31863.0,35547.543
2019-01-05 19:00:00,,19,5,1,1,2019,5,5,1,47714.0,41442.0,31774.0,35547.543
2019-01-05 20:00:00,,20,5,1,1,2019,5,5,1,47287.0,40913.0,31170.0,35097.418
2019-01-05 21:00:00,,21,5,1,1,2019,5,5,1,46860.0,40314.0,30420.0,35098.8
2019-01-05 22:00:00,,22,5,1,1,2019,5,5,1,45795.0,39267.0,29306.0,34720.51
2019-01-05 23:00:00,,23,5,1,1,2019,5,5,1,44320.0,37654.0,27862.0,34250.867
2019-01-06 00:00:00,,0,6,1,1,2019,6,6,1,42777.0,36054.0,26284.0,32372.81
2019-01-06 01:00:00,,1,6,1,1,2019,6,6,1,41612.0,34856.0,24834.0,31215.969
2019-01-06 02:00:00,,2,6,1,1,2019,6,6,1,40902.0,34165.0,23735.0,31741.547
2019-01-06 03:00:00,,3,6,1,1,2019,6,6,1,40664.0,33870.0,23054.0,31572.879
2019-01-06 04:00:00,,4,6,1,1,2019,6,6,1,40720.0,33886.0,22772.0,31572.879
2019-01-06 05:00:00,,5,6,1,1,2019,6,6,1,41035.0,34312.0,22710.0,31684.762
2019-01-06 06:00:00,,6,6,1,1,2019,6,6,1,41834.0,35140.0,23076.0,31653.906
2019-01-06 07:00:00,,7,6,1,1,2019,6,6,1,42860.0,36356.0,23815.0,32405.951
2019-01-06 08:00:00,,8,6,1,1,2019,6,6,1,43844.0,37324.0,24704.0,32866.94
2019-01-06 09:00:00,,9,6,1,1,2019,6,6,1,44011.0,38061.0,25704.0,33243.152
2019-01-06 10:00:00,,10,6,1,1,2019,6,6,1,43108.0,38395.0,26703.0,33163.477
2019-01-06 11:00:00,,11,6,1,1,2019,6,6,1,42073.0,38357.0,27263.0,33444.67
2019-01-06 12:00:00,,12,6,1,1,2019,6,6,1,41093.0,38166.0,27547.0,33860.742
2019-01-06 13:00:00,,13,6,1,1,2019,6,6,1,40208.0,37743.0,27425.0,33724.47
2019-01-06 14:00:00,,14,6,1,1,2019,6,6,1,39512.0,37355.0,26990.0,33484.715
2019-01-06 15:00:00,,15,6,1,1,2019,6,6,1,39432.0,37161.0,26754.0,33548.145
2019-01-06 16:00:00,,16,6,1,1,2019,6,6,1,40224.0,37872.0,27066.0,34117.7
2019-01-06 17:00:00,,17,6,1,1,2019,6,6,1,42185.0,39607.0,28285.0,34090.414
2019-01-06 18:00:00,,18,6,1,1,2019,6,6,1,45080.0,42607.0,30836.0,34423.758
2019-01-06 19:00:00,,19,6,1,1,2019,6,6,1,45461.0,43100.0,31679.0,34872.953
2019-01-06 20:00:00,,20,6,1,1,2019,6,6,1,45034.0,42720.0,31613.0,34713.78
2019-01-06 21:00:00,,21,6,1,1,2019,6,6,1,44434.0,42143.0,31362.0,34522.918
2019-01-06 22:00:00,,22,6,1,1,2019,6,6,1,42933.0,40744.0,30360.0,33625.348
2019-01-06 23:00:00,,23,6,1,1,2019,6,6,1,40797.0,38884.0,28820.0,33501.31
2019-01-07 00:00:00,,0,0,1,1,2019,7,7,2,38911.0,36965.0,27274.0,32036.295
2019-01-07 01:00:00,,1,0,1,1,2019,7,7,2,37750.0,35832.0,26298.0,31817.795
2019-01-07 02:00:00,,2,0,1,1,2019,7,7,2,36931.0,35462.0,25975.0,31228.049
2019-01-07 03:00:00,,3,0,1,1,2019,7,7,2,36735.0,35455.0,26067.0,31206.248
2019-01-07 04:00:00,,4,0,1,1,2019,7,7,2,36815.0,35915.0,26642.0,31449.674
2019-01-07 05:00:00,,5,0,1,1,2019,7,7,2,37520.0,36961.0,27972.0,31505.057
2019-01-07 06:00:00,,6,0,1,1,2019,7,7,2,39490.0,39185.0,30648.0,32821.105
2019-01-07 07:00:00,,7,0,1,1,2019,7,7,2,42657.0,42462.0,34684.0,36540.402
2019-01-07 08:00:00,,8,0,1,1,2019,7,7,2,44098.0,44013.0,36818.0,37292.332
2019-01-07 09:00:00,,9,0,1,1,2019,7,7,2,43482.0,43676.0,36438.0,36859.453
2019-01-07 10:00:00,,10,0,1,1,2019,7,7,2,42715.0,43222.0,35686.0,37007.99
2019-01-07 11:00:00,,11,0,1,1,2019,7,7,2,41781.0,42548.0,35123.0,37196.895
2019-01-07 12:00:00,,12,0,1,1,2019,7,7,2,41002.0,41541.0,34566.0,36644.887
2019-01-07 13:00:00,,13,0,1,1,2019,7,7,2,40429.0,40609.0,34125.0,36668.94
2019-01-07 14:00:00,,14,0,1,1,2019,7,7,2,40210.0,40296.0,33867.0,36563.52
2019-01-07 15:00:00,,15,0,1,1,2019,7,7,2,40200.0,39880.0,33707.0,36579.188
2019-01-07 16:00:00,,16,0,1,1,2019,7,7,2,40385.0,39981.0,34096.0,36831.617
2019-01-07 17:00:00,,17,0,1,1,2019,7,7,2,41525.0,41221.0,35705.0,37226.688
2019-01-07 18:00:00,,18,0,1,1,2019,7,7,2,43487.0,44099.0,38885.0,38204.734
2019-01-07 19:00:00,,19,0,1,1,2019,7,7,2,43078.0,44416.0,39565.0,38204.734
2019-01-07 20:00:00,,20,0,1,1,2019,7,7,2,42112.0,44122.0,39341.0,38098.484
2019-01-07 21:00:00,,21,0,1,1,2019,7,7,2,40797.0,43384.0,38645.0,37871.21
2019-01-07 22:00:00,,22,0,1,1,2019,7,7,2,38819.0,41870.0,37121.0,36291.08
2019-01-07 23:00:00,,23,0,1,1,2019,7,7,2,36287.0,39509.0,34850.0,34627.406
2019-01-08 00:00:00,,0,1,1,1,2019,8,8,2,34077.0,37332.0,32814.0,31756.86
2019-01-08 01:00:00,,1,1,1,1,2019,8,8,2,32542.0,35970.0,31462.0,30733.748
2019-01-08 02:00:00,,2,1,1,1,2019,8,8,2,31723.0,35327.0,30764.0,29638.371
2019-01-08 03:00:00,,3,1,1,1,2019,8,8,2,31519.0,35108.0,30538.0,29614.14
2019-01-08 04:00:00,,4,1,1,1,2019,8,8,2,31773.0,35237.0,30637.0,29630.746
2019-01-08 05:00:00,,5,1,1,1,2019,8,8,2,32658.0,36118.0,31432.0,30534.873
2019-01-08 06:00:00,,6,1,1,1,2019,8,8,2,34755.0,38130.0,33565.0,32490.549
2019-01-08 07:00:00,,7,1,1,1,2019,8,8,2,37838.0,41482.0,37086.0,35525.363
2019-01-08 08:00:00,,8,1,1,1,2019,8,8,2,39453.0,42856.0,38761.0,36553.035
2019-01-08 09:00:00,,9,1,1,1,2019,8,8,2,39082.0,42288.0,38007.0,36073.426
2019-01-08 10:00:00,,10,1,1,1,2019,8,8,2,37433.0,41505.0,37245.0,35887.383
2019-01-08 11:00:00,,11,1,1,1,2019,8,8,2,36088.0,40759.0,36563.0,35639.78
2019-01-08 12:00:00,,12,1,1,1,2019,8,8,2,35048.0,39999.0,36105.0,35421.582
2019-01-08 13:00:00,,13,1,1,1,2019,8,8,2,34261.0,39199.0,35741.0,35059.625
2019-01-08 14:00:00,,14,1,1,1,2019,8,8,2,33700.0,38729.0,35633.0,35087.688
2019-01-08 15:00:00,,15,1,1,1,2019,8,8,2,33336.0,38450.0,35374.0,34971.95
2019-01-08 16:00:00,,16,1,1,1,2019,8,8,2,33653.0,38484.0,35108.0,34933.05
2019-01-08 17:00:00,,17,1,1,1,2019,8,8,2,35024.0,39435.0,36124.0,35854.6
2019-01-08 18:00:00,,18,1,1,1,2019,8,8,2,37868.0,41298.0,38502.0,37059.137
2019-01-08 19:00:00,,19,1,1,1,2019,8,8,2,38506.0,40986.0,38757.0,37180.918
2019-01-08 20:00:00,,20,1,1,1,2019,8,8,2,38422.0,40170.0,38453.0,36925.316
2019-01-08 21:00:00,,21,1,1,1,2019,8,8,2,37926.0,38945.0,37975.0,36746.688
2019-01-08 22:00:00,,22,1,1,1,2019,8,8,2,36713.0,36876.0,36630.0,35675.504
2019-01-08 23:00:00,,23,1,1,1,2019,8,8,2,34699.0,34273.0,34741.0,32941.266
2019-01-09 00:00:00,,0,2,1,1,2019,9,9,2,32948.0,31693.0,32958.0,29969.234
2019-01-09 01:00:00,,1,2,1,1,2019,9,9,2,31748.0,29906.0,31907.0,29071.69
2019-01-09 02:00:00,,2,2,1,1,2019,9,9,2,31277.0,28989.0,31467.0,28773.809
2019-01-09 03:00:00,,3,2,1,1,2019,9,9,2,31229.0,28512.0,31437.0,28571.945
2019-01-09 04:00:00,,4,2,1,1,2019,9,9,2,31481.0,28411.0,31770.0,28644.547
2019-01-09 05:00:00,,5,2,1,1,2019,9,9,2,32374.0,28970.0,32930.0,29428.87
2019-01-09 06:00:00,,6,2,1,1,2019,9,9,2,34680.0,30800.0,35444.0,31080.412
2019-01-09 07:00:00,,7,2,1,1,2019,9,9,2,38257.0,34114.0,39149.0,34785.523
2019-01-09 08:00:00,,8,2,1,1,2019,9,9,2,39887.0,35788.0,40829.0,35641.094
2019-01-09 09:00:00,,9,2,1,1,2019,9,9,2,39115.0,35148.0,40140.0,35190.914
2019-01-09 10:00:00,,10,2,1,1,2019,9,9,2,37469.0,34117.0,39130.0,35201.316
2019-01-09 11:00:00,,11,2,1,1,2019,9,9,2,36121.0,33358.0,38270.0,34781.633
2019-01-09 12:00:00,,12,2,1,1,2019,9,9,2,35186.0,32698.0,37590.0,33957.527
2019-01-09 13:00:00,,13,2,1,1,2019,9,9,2,34554.0,32035.0,36913.0,33625.234
2019-01-09 14:00:00,,14,2,1,1,2019,9,9,2,34346.0,31865.0,36582.0,33556.207
2019-01-09 15:00:00,,15,2,1,1,2019,9,9,2,34436.0,31707.0,36581.0,33273.996
2019-01-09 16:00:00,,16,2,1,1,2019,9,9,2,34871.0,32072.0,37272.0,33904.277
2019-01-09 17:00:00,,17,2,1,1,2019,9,9,2,36115.0,33514.0,38807.0,35257.17
2019-01-09 18:00:00,,18,2,1,1,2019,9,9,2,38266.0,35669.0,41616.0,36274.363
2019-01-09 19:00:00,,19,2,1,1,2019,9,9,2,38330.0,35647.0,42024.0,36274.363
2019-01-09 20:00:00,,20,2,1,1,2019,9,9,2,37819.0,35064.0,41563.0,36167.984
2019-01-09 21:00:00,,21,2,1,1,2019,9,9,2,36877.0,34135.0,40645.0,36001.58
2019-01-09 22:00:00,,22,2,1,1,2019,9,9,2,35196.0,32485.0,38879.0,34434.19
2019-01-09 23:00:00,,23,2,1,1,2019,9,9,2,32791.0,30180.0,36509.0,32192.836
2019-01-10 00:00:00,,0,3,1,1,2019,10,10,2,30501.0,27904.0,34269.0,29296.115
2019-01-10 01:00:00,,1,3,1,1,2019,10,10,2,29017.0,26292.0,32650.0,27865.08
2019-01-10 02:00:00,,2,3,1,1,2019,10,10,2,28187.0,25348.0,31785.0,27044.031
2019-01-10 03:00:00,,3,3,1,1,2019,10,10,2,27795.0,24802.0,31399.0,26544.305
2019-01-10 04:00:00,,4,3,1,1,2019,10,10,2,27793.0,24702.0,31338.0,26544.305
2019-01-10 05:00:00,,5,3,1,1,2019,10,10,2,28512.0,25245.0,32030.0,27093.09
2019-01-10 06:00:00,,6,3,1,1,2019,10,10,2,30470.0,27093.0,34095.0,28870.344
2019-01-10 07:00:00,,7,3,1,1,2019,10,10,2,33645.0,30367.0,37570.0,31854.12
2019-01-10 08:00:00,,8,3,1,1,2019,10,10,2,35235.0,32114.0,39229.0,33703.02
2019-01-10 09:00:00,,9,3,1,1,2019,10,10,2,34868.0,31778.0,38407.0,33691.637
2019-01-10 10:00:00,,10,3,1,1,2019,10,10,2,34204.0,31467.0,37254.0,32558.656
2019-01-10 11:00:00,,11,3,1,1,2019,10,10,2,33362.0,31120.0,36127.0,32449.379
2019-01-10 12:00:00,,12,3,1,1,2019,10,10,2,32728.0,30844.0,35149.0,32108.494
2019-01-10 13:00:00,,13,3,1,1,2019,10,10,2,31971.0,30286.0,34406.0,31669.756
2019-01-10 14:00:00,,14,3,1,1,2019,10,10,2,31512.0,30141.0,33603.0,31408.54
2019-01-10 15:00:00,,15,3,1,1,2019,10,10,2,31207.0,29977.0,33225.0,31180.621
2019-01-10 16:00:00,,16,3,1,1,2019,10,10,2,31242.0,30031.0,33312.0,31183.703
2019-01-10 17:00:00,,17,3,1,1,2019,10,10,2,32224.0,30945.0,34468.0,31927.225
2019-01-10 18:00:00,,18,3,1,1,2019,10,10,2,34429.0,32895.0,36846.0,33872.203
2019-01-10 19:00:00,,19,3,1,1,2019,10,10,2,34537.0,32933.0,37170.0,34023.117
2019-01-10 20:00:00,,20,3,1,1,2019,10,10,2,34045.0,32362.0,36804.0,33679.098
2019-01-10 21:00:00,,21,3,1,1,2019,10,10,2,33204.0,31433.0,36062.0,32852.652
2019-01-10 22:00:00,,22,3,1,1,2019,10,10,2,31601.0,29818.0,34392.0,31288.867
2019-01-10 23:00:00,,23,3,1,1,2019,10,10,2,29356.0,27717.0,32162.0,29081.232
2019-01-11 00:00:00,,0,4,1,1,2019,11,11,2,27256.0,25541.0,29982.0,26962.883
2019-01-11 01:00:00,,1,4,1,1,2019,11,11,2,25663.0,23951.0,28481.0,25990.715
2019-01-11 02:00:00,,2,4,1,1,2019,11,11,2,24661.0,23117.0,27771.0,25148.363
2019-01-11 03:00:00,,3,4,1,1,2019,11,11,2,24174.0,22694.0,27507.0,24690.707
2019-01-11 04:00:00,,4,4,1,1,2019,11,11,2,24094.0,22711.0,27614.0,24599.387
2019-01-11 05:00:00,,5,4,1,1,2019,11,11,2,24465.0,23314.0,28498.0,25616.418
2019-01-11 06:00:00,,6,4,1,1,2019,11,11,2,26088.0,25324.0,30717.0,26351.031
2019-01-11 07:00:00,,7,4,1,1,2019,11,11,2,29162.0,28699.0,34233.0,29865.066
2019-01-11 08:00:00,,8,4,1,1,2019,11,11,2,31037.0,30748.0,35989.0,31299.107
2019-01-11 09:00:00,,9,4,1,1,2019,11,11,2,31251.0,30857.0,35395.0,31336.043
2019-01-11 10:00:00,,10,4,1,1,2019,11,11,2,31396.0,30673.0,34441.0,31169.57
2019-01-11 11:00:00,,11,4,1,1,2019,11,11,2,31684.0,30569.0,33514.0,31088.395
2019-01-11 12:00:00,,12,4,1,1,2019,11,11,2,31657.0,30149.0,32670.0,30885.486
2019-01-11 13:00:00,,13,4,1,1,2019,11,11,2,31388.0,29708.0,31891.0,30732.947
2019-01-11 14:00:00,,14,4,1,1,2019,11,11,2,31114.0,29628.0,31858.0,30771.766
2019-01-11 15:00:00,,15,4,1,1,2019,11,11,2,30765.0,29569.0,31950.0,30720.832
2019-01-11 16:00:00,,16,4,1,1,2019,11,11,2,30563.0,30027.0,32213.0,30760.648
2019-01-11 17:00:00,,17,4,1,1,2019,11,11,2,31364.0,31488.0,33219.0,31609.502
2019-01-11 18:00:00,,18,4,1,1,2019,11,11,2,32599.0,33898.0,34799.0,33048.465
2019-01-11 19:00:00,,19,4,1,1,2019,11,11,2,32187.0,34082.0,34437.0,32639.408
2019-01-11 20:00:00,,20,4,1,1,2019,11,11,2,31384.0,33628.0,33590.0,32180.053
2019-01-11 21:00:00,,21,4,1,1,2019,11,11,2,30396.0,33064.0,32686.0,31678.307
2019-01-11 22:00:00,,22,4,1,1,2019,11,11,2,29162.0,32076.0,31280.0,30582.906
2019-01-11 23:00:00,,23,4,1,1,2019,11,11,2,27555.0,30515.0,29532.0,29004.562
2019-01-12 00:00:00,,0,5,1,1,2019,12,12,2,25757.0,28852.0,27669.0,27039.527
2019-01-12 01:00:00,,1,5,1,1,2019,12,12,2,24287.0,27485.0,26144.0,26165.576
2019-01-12 02:00:00,,2,5,1,1,2019,12,12,2,23486.0,26700.0,25204.0,25228.473
2019-01-12 03:00:00,,3,5,1,1,2019,12,12,2,23011.0,26371.0,24694.0,24904.77
2019-01-12 04:00:00,,4,5,1,1,2019,12,12,2,22909.0,26330.0,24438.0,24704.793
2019-01-12 05:00:00,,5,5,1,1,2019,12,12,2,23219.0,26694.0,24611.0,24944.686
2019-01-12 06:00:00,,6,5,1,1,2019,12,12,2,24194.0,27631.0,25317.0,25830.617
2019-01-12 07:00:00,,7,5,1,1,2019,12,12,2,25983.0,28972.0,26534.0,26809.934
2019-01-12 08:00:00,,8,5,1,1,2019,12,12,2,28120.0,30349.0,27836.0,28039.123
2019-01-12 09:00:00,,9,5,1,1,2019,12,12,2,30236.0,31589.0,29127.0,29387.729
2019-01-12 10:00:00,,10,5,1,1,2019,12,12,2,31832.0,32604.0,29752.0,30014.676
2019-01-12 11:00:00,,11,5,1,1,2019,12,12,2,32378.0,33105.0,29563.0,31111.504
2019-01-12 12:00:00,,12,5,1,1,2019,12,12,2,32213.0,33441.0,28977.0,30917.822
2019-01-12 13:00:00,,13,5,1,1,2019,12,12,2,31797.0,33479.0,28711.0,30827.434
2019-01-12 14:00:00,,14,5,1,1,2019,12,12,2,31539.0,33397.0,28664.0,30906.65
2019-01-12 15:00:00,,15,5,1,1,2019,12,12,2,31612.0,33438.0,28673.0,30969.385
2019-01-12 16:00:00,,16,5,1,1,2019,12,12,2,32436.0,33647.0,28956.0,31726.75
2019-01-12 17:00:00,,17,5,1,1,2019,12,12,2,34347.0,34598.0,30029.0,32340.404
2019-01-12 18:00:00,,18,5,1,1,2019,12,12,2,36839.0,36152.0,31923.0,33515.383
2019-01-12 19:00:00,,19,5,1,1,2019,12,12,2,37773.0,35949.0,32174.0,33552.96
2019-01-12 20:00:00,,20,5,1,1,2019,12,12,2,37651.0,35188.0,31696.0,33221.67
2019-01-12 21:00:00,,21,5,1,1,2019,12,12,2,37814.0,34389.0,31221.0,32962.133
2019-01-12 22:00:00,,22,5,1,1,2019,12,12,2,37173.0,33176.0,30304.0,32397.906
2019-01-12 23:00:00,,23,5,1,1,2019,12,12,2,36178.0,31578.0,28959.0,31177.629
2019-01-13 00:00:00,,0,6,1,1,2019,13,13,2,34999.0,29923.0,27532.0,29578.914
2019-01-13 01:00:00,,1,6,1,1,2019,13,13,2,34052.0,28488.0,26266.0,29271.756
2019-01-13 02:00:00,,2,6,1,1,2019,13,13,2,33677.0,27604.0,25484.0,28796.445
2019-01-13 03:00:00,,3,6,1,1,2019,13,13,2,33514.0,27123.0,25089.0,28421.648
2019-01-13 04:00:00,,4,6,1,1,2019,13,13,2,33779.0,27023.0,25040.0,28638.984
2019-01-13 05:00:00,,5,6,1,1,2019,13,13,2,34261.0,27288.0,25304.0,29095.502
2019-01-13 06:00:00,,6,6,1,1,2019,13,13,2,35154.0,28007.0,25960.0,29241.254
2019-01-13 07:00:00,,7,6,1,1,2019,13,13,2,36506.0,29160.0,27033.0,29851.344
2019-01-13 08:00:00,,8,6,1,1,2019,13,13,2,37509.0,30224.0,28159.0,30528.76
2019-01-13 09:00:00,,9,6,1,1,2019,13,13,2,38157.0,30954.0,29405.0,30802.78
2019-01-13 10:00:00,,10,6,1,1,2019,13,13,2,37769.0,30936.0,30660.0,31139.244
2019-01-13 11:00:00,,11,6,1,1,2019,13,13,2,37041.0,30424.0,31427.0,31400.588
2019-01-13 12:00:00,,12,6,1,1,2019,13,13,2,36218.0,29817.0,31953.0,31442.412
2019-01-13 13:00:00,,13,6,1,1,2019,13,13,2,35524.0,29242.0,32297.0,31706.328
2019-01-13 14:00:00,,14,6,1,1,2019,13,13,2,34919.0,28756.0,32431.0,31790.44
2019-01-13 15:00:00,,15,6,1,1,2019,13,13,2,34772.0,28735.0,32414.0,31712.191
2019-01-13 16:00:00,,16,6,1,1,2019,13,13,2,35327.0,29354.0,32435.0,31944.17
2019-01-13 17:00:00,,17,6,1,1,2019,13,13,2,37183.0,30921.0,33227.0,32842.19
2019-01-13 18:00:00,,18,6,1,1,2019,13,13,2,40314.0,33628.0,35297.0,34645.273
2019-01-13 19:00:00,,19,6,1,1,2019,13,13,2,41045.0,34350.0,35679.0,34949.87
2019-01-13 20:00:00,,20,6,1,1,2019,13,13,2,40864.0,33983.0,35089.0,34976.836
2019-01-13 21:00:00,,21,6,1,1,2019,13,13,2,40534.0,33770.0,34657.0,34655.47
2019-01-13 22:00:00,,22,6,1,1,2019,13,13,2,39634.0,32858.0,33551.0,33251.69
2019-01-13 23:00:00,,23,6,1,1,2019,13,13,2,38126.0,31479.0,32034.0,31619.049
2019-01-14 00:00:00,,0,0,1,1,2019,14,14,3,36672.0,30060.0,30545.0,30166.838
2019-01-14 01:00:00,,1,0,1,1,2019,14,14,3,35725.0,28898.0,29347.0,29536.879
2019-01-14 02:00:00,,2,0,1,1,2019,14,14,3,35288.0,28404.0,28877.0,29232.412
2019-01-14 03:00:00,,3,0,1,1,2019,14,14,3,35242.0,28295.0,28875.0,29232.412
2019-01-14 04:00:00,,4,0,1,1,2019,14,14,3,35464.0,28596.0,29412.0,29292.104
2019-01-14 05:00:00,,5,0,1,1,2019,14,14,3,36286.0,29479.0,30813.0,29857.164
2019-01-14 06:00:00,,6,0,1,1,2019,14,14,3,38086.0,31270.0,33218.0,31437.977
2019-01-14 07:00:00,,7,0,1,1,2019,14,14,3,40321.0,33747.0,36155.0,34719.598
2019-01-14 08:00:00,,8,0,1,1,2019,14,14,3,41806.0,35359.0,38102.0,35843.81
2019-01-14 09:00:00,,9,0,1,1,2019,14,14,3,42175.0,35681.0,38876.0,36308.32
2019-01-14 10:00:00,,10,0,1,1,2019,14,14,3,42039.0,35379.0,39012.0,36251.613
2019-01-14 11:00:00,,11,0,1,1,2019,14,14,3,41519.0,34811.0,38844.0,35964.168
2019-01-14 12:00:00,,12,0,1,1,2019,14,14,3,40997.0,34171.0,38447.0,36210.918
2019-01-14 13:00:00,,13,0,1,1,2019,14,14,3,40388.0,33572.0,37947.0,35946.01
2019-01-14 14:00:00,,14,0,1,1,2019,14,14,3,39833.0,33160.0,37768.0,35318.215
2019-01-14 15:00:00,,15,0,1,1,2019,14,14,3,39223.0,33093.0,37868.0,35521.97
2019-01-14 16:00:00,,16,0,1,1,2019,14,14,3,39197.0,33388.0,38477.0,35833.9
2019-01-14 17:00:00,,17,0,1,1,2019,14,14,3,40239.0,34562.0,40047.0,36489.273
2019-01-14 18:00:00,,18,0,1,1,2019,14,14,3,42219.0,36778.0,43270.0,37392.33
2019-01-14 19:00:00,,19,0,1,1,2019,14,14,3,42249.0,36808.0,44097.0,37837.36
2019-01-14 20:00:00,,20,0,1,1,2019,14,14,3,41567.0,36163.0,43856.0,37215.29
2019-01-14 21:00:00,,21,0,1,1,2019,14,14,3,40555.0,35127.0,43165.0,36989.86
2019-01-14 22:00:00,,22,0,1,1,2019,14,14,3,38773.0,33343.0,41647.0,35722.9
2019-01-14 23:00:00,,23,0,1,1,2019,14,14,3,36323.0,30975.0,39265.0,33594.383
2019-01-15 00:00:00,,0,1,1,1,2019,15,15,3,34227.0,28860.0,37345.0,31108.23
2019-01-15 01:00:00,,1,1,1,1,2019,15,15,3,32737.0,27455.0,36127.0,30093.938
2019-01-15 02:00:00,,2,1,1,1,2019,15,15,3,32110.0,26582.0,35683.0,29107.482
2019-01-15 03:00:00,,3,1,1,1,2019,15,15,3,31779.0,26230.0,35501.0,28989.209
2019-01-15 04:00:00,,4,1,1,1,2019,15,15,3,31885.0,26347.0,35776.0,29147.59
2019-01-15 05:00:00,,5,1,1,1,2019,15,15,3,32736.0,27114.0,36678.0,29894.111
2019-01-15 06:00:00,,6,1,1,1,2019,15,15,3,34782.0,29210.0,39050.0,31767.59
2019-01-15 07:00:00,,7,1,1,1,2019,15,15,3,38028.0,32661.0,42636.0,34350.094
2019-01-15 08:00:00,,8,1,1,1,2019,15,15,3,39711.0,34523.0,44187.0,35886.5
2019-01-15 09:00:00,,9,1,1,1,2019,15,15,3,39529.0,34576.0,43337.0,35665.53
2019-01-15 10:00:00,,10,1,1,1,2019,15,15,3,38906.0,34547.0,42142.0,35399.074
2019-01-15 11:00:00,,11,1,1,1,2019,15,15,3,37992.0,34787.0,41271.0,35561.09
2019-01-15 12:00:00,,12,1,1,1,2019,15,15,3,37006.0,34556.0,40526.0,35331.453
2019-01-15 13:00:00,,13,1,1,1,2019,15,15,3,36087.0,34231.0,39705.0,35050.574
2019-01-15 14:00:00,,14,1,1,1,2019,15,15,3,35621.0,34046.0,39118.0,35095.37
2019-01-15 15:00:00,,15,1,1,1,2019,15,15,3,35476.0,33774.0,38683.0,35097.074
2019-01-15 16:00:00,,16,1,1,1,2019,15,15,3,35734.0,33887.0,39027.0,35163.297
2019-01-15 17:00:00,,17,1,1,1,2019,15,15,3,36946.0,34885.0,40505.0,35849.934
2019-01-15 18:00:00,,18,1,1,1,2019,15,15,3,39275.0,36388.0,43491.0,36909.145
2019-01-15 19:00:00,,19,1,1,1,2019,15,15,3,39543.0,36156.0,44176.0,37354.176
2019-01-15 20:00:00,,20,1,1,1,2019,15,15,3,39073.0,35400.0,43932.0,36873.125
2019-01-15 21:00:00,,21,1,1,1,2019,15,15,3,38197.0,34311.0,43061.0,36290.977
2019-01-15 22:00:00,,22,1,1,1,2019,15,15,3,36476.0,32502.0,41249.0,34788.855
2019-01-15 23:00:00,,23,1,1,1,2019,15,15,3,34184.0,30187.0,38642.0,32846.94
2019-01-16 00:00:00,,0,2,1,1,2019,16,16,3,32107.0,28065.0,36333.0,30071.572
2019-01-16 01:00:00,,1,2,1,1,2019,16,16,3,30673.0,26462.0,34856.0,28998.156
2019-01-16 02:00:00,,2,2,1,1,2019,16,16,3,30038.0,25641.0,34066.0,28336.805
2019-01-16 03:00:00,,3,2,1,1,2019,16,16,3,29809.0,25252.0,33684.0,28276.133
2019-01-16 04:00:00,,4,2,1,1,2019,16,16,3,29997.0,25271.0,33876.0,28336.805
2019-01-16 05:00:00,,5,2,1,1,2019,16,16,3,31001.0,25922.0,34740.0,28779.484
2019-01-16 06:00:00,,6,2,1,1,2019,16,16,3,33156.0,28051.0,36809.0,30634.453
2019-01-16 07:00:00,,7,2,1,1,2019,16,16,3,36292.0,31468.0,40238.0,33345.305
2019-01-16 08:00:00,,8,2,1,1,2019,16,16,3,38367.0,33398.0,41633.0,35033.766
2019-01-16 09:00:00,,9,2,1,1,2019,16,16,3,39041.0,33277.0,40674.0,35101.492
2019-01-16 10:00:00,,10,2,1,1,2019,16,16,3,39466.0,33090.0,39770.0,35137.848
2019-01-16 11:00:00,,11,2,1,1,2019,16,16,3,39774.0,32855.0,38820.0,34992.242
2019-01-16 12:00:00,,12,2,1,1,2019,16,16,3,39834.0,32656.0,37552.0,34577.37
2019-01-16 13:00:00,,13,2,1,1,2019,16,16,3,39630.0,32263.0,36695.0,34500.38
2019-01-16 14:00:00,,14,2,1,1,2019,16,16,3,39457.0,32092.0,36415.0,34582.26
2019-01-16 15:00:00,,15,2,1,1,2019,16,16,3,39297.0,31880.0,36410.0,34628.703
2019-01-16 16:00:00,,16,2,1,1,2019,16,16,3,39514.0,31995.0,36878.0,34650.188
2019-01-16 17:00:00,,17,2,1,1,2019,16,16,3,40527.0,33071.0,38132.0,35868.156
2019-01-16 18:00:00,,18,2,1,1,2019,16,16,3,42926.0,34978.0,40476.0,36939.72
2019-01-16 19:00:00,,19,2,1,1,2019,16,16,3,43373.0,35081.0,40851.0,37098.18
2019-01-16 20:00:00,,20,2,1,1,2019,16,16,3,43004.0,34501.0,40478.0,36768.727
2019-01-16 21:00:00,,21,2,1,1,2019,16,16,3,42200.0,33659.0,39658.0,36729.066
2019-01-16 22:00:00,,22,2,1,1,2019,16,16,3,40717.0,32064.0,38081.0,35032.074
2019-01-16 23:00:00,,23,2,1,1,2019,16,16,3,38629.0,29808.0,35564.0,32972.58
2019-01-17 00:00:00,,0,3,1,1,2019,17,17,3,36813.0,27673.0,33294.0,30777.695
2019-01-17 01:00:00,,1,3,1,1,2019,17,17,3,35767.0,26259.0,31786.0,29161.717
2019-01-17 02:00:00,,2,3,1,1,2019,17,17,3,35391.0,25452.0,31162.0,28856.43
2019-01-17 03:00:00,,3,3,1,1,2019,17,17,3,35352.0,25051.0,30966.0,28856.43
2019-01-17 04:00:00,,4,3,1,1,2019,17,17,3,35752.0,25102.0,31218.0,28856.43
2019-01-17 05:00:00,,5,3,1,1,2019,17,17,3,36565.0,25837.0,32253.0,29280.008
2019-01-17 06:00:00,,6,3,1,1,2019,17,17,3,38726.0,28027.0,34532.0,31433.947
2019-01-17 07:00:00,,7,3,1,1,2019,17,17,3,42087.0,31476.0,38150.0,33352.273
2019-01-17 08:00:00,,8,3,1,1,2019,17,17,3,43679.0,33244.0,39952.0,35659.156
2019-01-17 09:00:00,,9,3,1,1,2019,17,17,3,42726.0,32937.0,39313.0,35089.797
2019-01-17 10:00:00,,10,3,1,1,2019,17,17,3,41061.0,32317.0,38083.0,34465.05
2019-01-17 11:00:00,,11,3,1,1,2019,17,17,3,39603.0,31933.0,37100.0,34107.25
2019-01-17 12:00:00,,12,3,1,1,2019,17,17,3,38375.0,31436.0,36357.0,33420.54
2019-01-17 13:00:00,,13,3,1,1,2019,17,17,3,37209.0,31106.0,35720.0,33346.312
2019-01-17 14:00:00,,14,3,1,1,2019,17,17,3,36476.0,31142.0,35536.0,33350.41
2019-01-17 15:00:00,,15,3,1,1,2019,17,17,3,35941.0,31097.0,35341.0,33090.918
2019-01-17 16:00:00,,16,3,1,1,2019,17,17,3,36098.0,31096.0,35725.0,33231.332
2019-01-17 17:00:00,,17,3,1,1,2019,17,17,3,37408.0,32072.0,37006.0,34356.914
2019-01-17 18:00:00,,18,3,1,1,2019,17,17,3,39950.0,34314.0,39692.0,36157.484
2019-01-17 19:00:00,,19,3,1,1,2019,17,17,3,40719.0,34934.0,40450.0,36494.676
2019-01-17 20:00:00,,20,3,1,1,2019,17,17,3,40486.0,34617.0,40185.0,36365.21
2019-01-17 21:00:00,,21,3,1,1,2019,17,17,3,39889.0,34053.0,39606.0,36142.9
2019-01-17 22:00:00,,22,3,1,1,2019,17,17,3,38552.0,32731.0,38117.0,34682.043
2019-01-17 23:00:00,,23,3,1,1,2019,17,17,3,36489.0,30785.0,36003.0,32930.574
2019-01-18 00:00:00,,0,4,1,1,2019,18,18,3,34651.0,28927.0,33950.0,30371.39
2019-01-18 01:00:00,,1,4,1,1,2019,18,18,3,33447.0,27680.0,32620.0,28957.275
2019-01-18 02:00:00,,2,4,1,1,2019,18,18,3,32892.0,27048.0,32084.0,28549.824
2019-01-18 03:00:00,,3,4,1,1,2019,18,18,3,32731.0,26793.0,31965.0,28445.684
2019-01-18 04:00:00,,4,4,1,1,2019,18,18,3,33016.0,26888.0,32224.0,28652.469
2019-01-18 05:00:00,,5,4,1,1,2019,18,18,3,33958.0,27706.0,33262.0,29492.912
2019-01-18 06:00:00,,6,4,1,1,2019,18,18,3,36087.0,29702.0,35581.0,31288.848
2019-01-18 07:00:00,,7,4,1,1,2019,18,18,3,39489.0,32960.0,38958.0,34398.03
2019-01-18 08:00:00,,8,4,1,1,2019,18,18,3,40942.0,34664.0,40544.0,35349.73
2019-01-18 09:00:00,,9,4,1,1,2019,18,18,3,39991.0,34604.0,40299.0,35345.6
2019-01-18 10:00:00,,10,4,1,1,2019,18,18,3,38326.0,34497.0,39970.0,35140.73
2019-01-18 11:00:00,,11,4,1,1,2019,18,18,3,36796.0,34483.0,39539.0,34923.914
2019-01-18 12:00:00,,12,4,1,1,2019,18,18,3,35409.0,34041.0,39121.0,34547.04
2019-01-18 13:00:00,,13,4,1,1,2019,18,18,3,34340.0,33686.0,39049.0,34312.1
2019-01-18 14:00:00,,14,4,1,1,2019,18,18,3,33618.0,33753.0,39104.0,34309.48
2019-01-18 15:00:00,,15,4,1,1,2019,18,18,3,33130.0,33465.0,39105.0,34200.227
2019-01-18 16:00:00,,16,4,1,1,2019,18,18,3,33146.0,33298.0,39236.0,34187.004
2019-01-18 17:00:00,,17,4,1,1,2019,18,18,3,34080.0,33731.0,40095.0,34843.97
2019-01-18 18:00:00,,18,4,1,1,2019,18,18,3,36415.0,35040.0,41865.0,35931.59
2019-01-18 19:00:00,,19,4,1,1,2019,18,18,3,37048.0,34708.0,41762.0,35899.652
2019-01-18 20:00:00,,20,4,1,1,2019,18,18,3,36695.0,33775.0,41054.0,35992.195
2019-01-18 21:00:00,,21,4,1,1,2019,18,18,3,36063.0,32810.0,40104.0,34905.055
2019-01-18 22:00:00,,22,4,1,1,2019,18,18,3,35004.0,31462.0,38692.0,33485.707
2019-01-18 23:00:00,,23,4,1,1,2019,18,18,3,33352.0,29608.0,36760.0,32202.258
2019-01-19 00:00:00,,0,5,1,1,2019,19,19,3,31755.0,27697.0,34943.0,29603.572
2019-01-19 01:00:00,,1,5,1,1,2019,19,19,3,30374.0,26070.0,33530.0,28454.07
2019-01-19 02:00:00,,2,5,1,1,2019,19,19,3,29622.0,25053.0,32675.0,27796.498
2019-01-19 03:00:00,,3,5,1,1,2019,19,19,3,29291.0,24490.0,32291.0,27565.525
2019-01-19 04:00:00,,4,5,1,1,2019,19,19,3,29215.0,24224.0,32116.0,27335.66
2019-01-19 05:00:00,,5,5,1,1,2019,19,19,3,29534.0,24398.0,32365.0,27600.428
2019-01-19 06:00:00,,6,5,1,1,2019,19,19,3,30314.0,25148.0,32834.0,28059.723
2019-01-19 07:00:00,,7,5,1,1,2019,19,19,3,31545.0,26340.0,33575.0,28767.838
2019-01-19 08:00:00,,8,5,1,1,2019,19,19,3,32548.0,27569.0,34321.0,30225.533
2019-01-19 09:00:00,,9,5,1,1,2019,19,19,3,32843.0,28851.0,35279.0,31358.35
2019-01-19 10:00:00,,10,5,1,1,2019,19,19,3,32158.0,29764.0,36526.0,31152.703
2019-01-19 11:00:00,,11,5,1,1,2019,19,19,3,31204.0,30182.0,37351.0,31260.352
2019-01-19 12:00:00,,12,5,1,1,2019,19,19,3,30316.0,30109.0,37677.0,31179.607
2019-01-19 13:00:00,,13,5,1,1,2019,19,19,3,29454.0,29669.0,37612.0,31078.812
2019-01-19 14:00:00,,14,5,1,1,2019,19,19,3,28704.0,29122.0,37332.0,31078.707
2019-01-19 15:00:00,,15,5,1,1,2019,19,19,3,28357.0,28779.0,37142.0,30848.934
2019-01-19 16:00:00,,16,5,1,1,2019,19,19,3,28528.0,28802.0,37260.0,30933.209
2019-01-19 17:00:00,,17,5,1,1,2019,19,19,3,29452.0,29595.0,37959.0,31303.463
2019-01-19 18:00:00,,18,5,1,1,2019,19,19,3,31758.0,31188.0,39972.0,31924.693
2019-01-19 19:00:00,,19,5,1,1,2019,19,19,3,32459.0,31206.0,40098.0,33091.285
2019-01-19 20:00:00,,20,5,1,1,2019,19,19,3,32203.0,30670.0,39164.0,32291.912
2019-01-19 21:00:00,,21,5,1,1,2019,19,19,3,31841.0,29903.0,37994.0,31570.709
2019-01-19 22:00:00,,22,5,1,1,2019,19,19,3,31135.0,28918.0,36524.0,31240.863
2019-01-19 23:00:00,,23,5,1,1,2019,19,19,3,29896.0,27496.0,34713.0,29984.766
2019-01-20 00:00:00,,0,6,1,1,2019,20,20,3,28611.0,25944.0,33017.0,28021.098
2019-01-20 01:00:00,,1,6,1,1,2019,20,20,3,27529.0,24552.0,31547.0,26599.074
2019-01-20 02:00:00,,2,6,1,1,2019,20,20,3,26943.0,23672.0,30782.0,26246.85
2019-01-20 03:00:00,,3,6,1,1,2019,20,20,3,26683.0,23162.0,30479.0,25796.375
2019-01-20 04:00:00,,4,6,1,1,2019,20,20,3,26606.0,22972.0,30504.0,25770.736
2019-01-20 05:00:00,,5,6,1,1,2019,20,20,3,26873.0,23051.0,30884.0,25849.824
2019-01-20 06:00:00,,6,6,1,1,2019,20,20,3,27552.0,23592.0,31674.0,26452.945
2019-01-20 07:00:00,,7,6,1,1,2019,20,20,3,28557.0,24478.0,32760.0,27325.27
2019-01-20 08:00:00,,8,6,1,1,2019,20,20,3,29346.0,25528.0,33505.0,28420.504
2019-01-20 09:00:00,,9,6,1,1,2019,20,20,3,30061.0,26687.0,34124.0,29091.193
2019-01-20 10:00:00,,10,6,1,1,2019,20,20,3,30142.0,27743.0,34095.0,29449.473
2019-01-20 11:00:00,,11,6,1,1,2019,20,20,3,29708.0,28334.0,33705.0,29824.535
2019-01-20 12:00:00,,12,6,1,1,2019,20,20,3,29365.0,28582.0,33291.0,29518.197
2019-01-20 13:00:00,,13,6,1,1,2019,20,20,3,28876.0,28665.0,32836.0,29648.93
2019-01-20 14:00:00,,14,6,1,1,2019,20,20,3,28496.0,28663.0,32389.0,29421.18
2019-01-20 15:00:00,,15,6,1,1,2019,20,20,3,28460.0,28699.0,32151.0,29333.588
2019-01-20 16:00:00,,16,6,1,1,2019,20,20,3,28724.0,28997.0,32346.0,29577.504
2019-01-20 17:00:00,,17,6,1,1,2019,20,20,3,29863.0,29834.0,33514.0,30602.016
2019-01-20 18:00:00,,18,6,1,1,2019,20,20,3,31909.0,31521.0,36724.0,31762.99
2019-01-20 19:00:00,,19,6,1,1,2019,20,20,3,32569.0,31763.0,37924.0,33194.23
2019-01-20 20:00:00,,20,6,1,1,2019,20,20,3,31916.0,31179.0,37828.0,31898.854
2019-01-20 21:00:00,,21,6,1,1,2019,20,20,3,31294.0,30474.0,36957.0,31670.898
2019-01-20 22:00:00,,22,6,1,1,2019,20,20,3,30009.0,29140.0,35558.0,30992.031
2019-01-20 23:00:00,,23,6,1,1,2019,20,20,3,28503.0,27374.0,33844.0,29315.04
2019-01-21 00:00:00,,0,0,1,1,2019,21,21,4,26638.0,25568.0,32308.0,26887.645
2019-01-21 01:00:00,,1,0,1,1,2019,21,21,4,25390.0,24402.0,31368.0,26002.467
2019-01-21 02:00:00,,2,0,1,1,2019,21,21,4,24737.0,23802.0,31065.0,25750.959
2019-01-21 03:00:00,,3,0,1,1,2019,21,21,4,24447.0,23593.0,31197.0,25729.44
2019-01-21 04:00:00,,4,0,1,1,2019,21,21,4,24504.0,23813.0,31668.0,25914.67
2019-01-21 05:00:00,,5,0,1,1,2019,21,21,4,25324.0,24735.0,32657.0,26224.977
2019-01-21 06:00:00,,6,0,1,1,2019,21,21,4,27403.0,27100.0,34614.0,28484.842
2019-01-21 07:00:00,,7,0,1,1,2019,21,21,4,30857.0,30772.0,37149.0,30911.334
2019-01-21 08:00:00,,8,0,1,1,2019,21,21,4,32625.0,33033.0,38595.0,33186.605
2019-01-21 09:00:00,,9,0,1,1,2019,21,21,4,32629.0,33562.0,38779.0,33441.45
2019-01-21 10:00:00,,10,0,1,1,2019,21,21,4,32322.0,34052.0,37879.0,33425.29
2019-01-21 11:00:00,,11,0,1,1,2019,21,21,4,31880.0,34576.0,36887.0,32477.88
2019-01-21 12:00:00,,12,0,1,1,2019,21,21,4,31238.0,34926.0,36073.0,32376.164
2019-01-21 13:00:00,,13,0,1,1,2019,21,21,4,30809.0,35143.0,35246.0,32418.86
2019-01-21 14:00:00,,14,0,1,1,2019,21,21,4,30555.0,35330.0,34554.0,32242.084
2019-01-21 15:00:00,,15,0,1,1,2019,21,21,4,30292.0,35322.0,33994.0,31946.607
2019-01-21 16:00:00,,16,0,1,1,2019,21,21,4,30347.0,35497.0,33797.0,32053.744
2019-01-21 17:00:00,,17,0,1,1,2019,21,21,4,31281.0,36362.0,34756.0,32773.133
2019-01-21 18:00:00,,18,0,1,1,2019,21,21,4,33527.0,37916.0,37834.0,35282.05
2019-01-21 19:00:00,,19,0,1,1,2019,21,21,4,33969.0,37876.0,38945.0,35605.08
2019-01-21 20:00:00,,20,0,1,1,2019,21,21,4,33512.0,37157.0,38563.0,35339.707
2019-01-21 21:00:00,,21,0,1,1,2019,21,21,4,32614.0,36015.0,37613.0,34513.8
2019-01-21 22:00:00,,22,0,1,1,2019,21,21,4,31075.0,34171.0,35944.0,32650.1
2019-01-21 23:00:00,,23,0,1,1,2019,21,21,4,28954.0,31758.0,33707.0,30623.977
2019-01-22 00:00:00,,0,1,1,1,2019,22,22,4,27008.0,29602.0,31758.0,27993.848
2019-01-22 01:00:00,,1,1,1,1,2019,22,22,4,25625.0,28069.0,30499.0,26878.643
2019-01-22 02:00:00,,2,1,1,1,2019,22,22,4,24831.0,27236.0,29909.0,26555.635
2019-01-22 03:00:00,,3,1,1,1,2019,22,22,4,24496.0,26846.0,29772.0,26486.408
2019-01-22 04:00:00,,4,1,1,1,2019,22,22,4,24497.0,26925.0,29995.0,26462.002
2019-01-22 05:00:00,,5,1,1,1,2019,22,22,4,25164.0,27729.0,30749.0,26632.072
2019-01-22 06:00:00,,6,1,1,1,2019,22,22,4,27135.0,29784.0,32510.0,28007.197
2019-01-22 07:00:00,,7,1,1,1,2019,22,22,4,30303.0,33251.0,35221.0,31266.238
2019-01-22 08:00:00,,8,1,1,1,2019,22,22,4,32189.0,35069.0,36581.0,32465.65
2019-01-22 09:00:00,,9,1,1,1,2019,22,22,4,32172.0,34963.0,36676.0,32630.195
2019-01-22 10:00:00,,10,1,1,1,2019,22,22,4,32071.0,34661.0,36345.0,32489.734
2019-01-22 11:00:00,,11,1,1,1,2019,22,22,4,31744.0,34381.0,35484.0,32252.34
2019-01-22 12:00:00,,12,1,1,1,2019,22,22,4,31222.0,34056.0,34572.0,31835.3
2019-01-22 13:00:00,,13,1,1,1,2019,22,22,4,30520.0,33847.0,33779.0,31712.492
2019-01-22 14:00:00,,14,1,1,1,2019,22,22,4,29955.0,33651.0,33238.0,31703.67
2019-01-22 15:00:00,,15,1,1,1,2019,22,22,4,29939.0,33652.0,32997.0,31707.498
2019-01-22 16:00:00,,16,1,1,1,2019,22,22,4,30228.0,33881.0,33180.0,31757.158
2019-01-22 17:00:00,,17,1,1,1,2019,22,22,4,31198.0,34713.0,33848.0,31787.594
2019-01-22 18:00:00,,18,1,1,1,2019,22,22,4,33134.0,36562.0,36056.0,34251.816
2019-01-22 19:00:00,,19,1,1,1,2019,22,22,4,33849.0,36843.0,36577.0,34636.668
2019-01-22 20:00:00,,20,1,1,1,2019,22,22,4,33497.0,36289.0,35910.0,34234.3
2019-01-22 21:00:00,,21,1,1,1,2019,22,22,4,32878.0,35332.0,35011.0,33327.21
2019-01-22 22:00:00,,22,1,1,1,2019,22,22,4,31476.0,33636.0,33216.0,31743.627
2019-01-22 23:00:00,,23,1,1,1,2019,22,22,4,29441.0,31263.0,30928.0,29840.688
2019-01-23 00:00:00,,0,2,1,1,2019,23,23,4,27630.0,29132.0,28779.0,27532.74
2019-01-23 01:00:00,,1,2,1,1,2019,23,23,4,26322.0,27613.0,27241.0,26382.248
2019-01-23 02:00:00,,2,2,1,1,2019,23,23,4,25717.0,26692.0,26491.0,25901.404
2019-01-23 03:00:00,,3,2,1,1,2019,23,23,4,25453.0,26335.0,26167.0,25912.705
2019-01-23 04:00:00,,4,2,1,1,2019,23,23,4,25646.0,26342.0,26348.0,25936.248
2019-01-23 05:00:00,,5,2,1,1,2019,23,23,4,26534.0,27033.0,27208.0,26146.154
2019-01-23 06:00:00,,6,2,1,1,2019,23,23,4,28743.0,29141.0,29370.0,27720.686
2019-01-23 07:00:00,,7,2,1,1,2019,23,23,4,32203.0,32669.0,32728.0,30413.482
2019-01-23 08:00:00,,8,2,1,1,2019,23,23,4,34090.0,34176.0,34645.0,32462.547
2019-01-23 09:00:00,,9,2,1,1,2019,23,23,4,34242.0,33504.0,34961.0,32461.22
2019-01-23 10:00:00,,10,2,1,1,2019,23,23,4,34113.0,32387.0,34916.0,32305.006
2019-01-23 11:00:00,,11,2,1,1,2019,23,23,4,33713.0,31545.0,34556.0,32003.197
2019-01-23 12:00:00,,12,2,1,1,2019,23,23,4,33039.0,30784.0,33700.0,31550.34
2019-01-23 13:00:00,,13,2,1,1,2019,23,23,4,32552.0,30163.0,32885.0,31431.082
2019-01-23 14:00:00,,14,2,1,1,2019,23,23,4,32500.0,29755.0,32486.0,31330.053
2019-01-23 15:00:00,,15,2,1,1,2019,23,23,4,32634.0,29461.0,32202.0,31381.338
2019-01-23 16:00:00,,16,2,1,1,2019,23,23,4,33297.0,29650.0,32350.0,31606.729
2019-01-23 17:00:00,,17,2,1,1,2019,23,23,4,34688.0,30523.0,33532.0,32426.965
2019-01-23 18:00:00,,18,2,1,1,2019,23,23,4,36982.0,32861.0,36098.0,34293.746
2019-01-23 19:00:00,,19,2,1,1,2019,23,23,4,37569.0,33825.0,37343.0,35154.906
2019-01-23 20:00:00,,20,2,1,1,2019,23,23,4,37313.0,33589.0,37204.0,35122.637
2019-01-23 21:00:00,,21,2,1,1,2019,23,23,4,36650.0,32910.0,36669.0,34494.043
2019-01-23 22:00:00,,22,2,1,1,2019,23,23,4,35167.0,31420.0,35415.0,32956.816
2019-01-23 23:00:00,,23,2,1,1,2019,23,23,4,32918.0,29274.0,33300.0,31302.986
2019-01-24 00:00:00,,0,3,1,1,2019,24,24,4,31040.0,27182.0,31501.0,28218.934
2019-01-24 01:00:00,,1,3,1,1,2019,24,24,4,29840.0,25594.0,30302.0,27467.258
2019-01-24 02:00:00,,2,3,1,1,2019,24,24,4,29298.0,24793.0,29950.0,26842.348
2019-01-24 03:00:00,,3,3,1,1,2019,24,24,4,29214.0,24464.0,29944.0,26745.438
2019-01-24 04:00:00,,4,3,1,1,2019,24,24,4,29502.0,24499.0,30356.0,26952.434
2019-01-24 05:00:00,,5,3,1,1,2019,24,24,4,30469.0,25182.0,31568.0,27579.477
2019-01-24 06:00:00,,6,3,1,1,2019,24,24,4,32762.0,27197.0,34004.0,29542.086
2019-01-24 07:00:00,,7,3,1,1,2019,24,24,4,36434.0,30499.0,37689.0,32679.418
2019-01-24 08:00:00,,8,3,1,1,2019,24,24,4,38127.0,32370.0,39495.0,34007.43
2019-01-24 09:00:00,,9,3,1,1,2019,24,24,4,37416.0,32428.0,38686.0,34056.766
2019-01-24 10:00:00,,10,3,1,1,2019,24,24,4,36169.0,32204.0,37138.0,33470.69
2019-01-24 11:00:00,,11,3,1,1,2019,24,24,4,35217.0,31717.0,35561.0,32853.004
2019-01-24 12:00:00,,12,3,1,1,2019,24,24,4,34396.0,31267.0,34332.0,31843.393
2019-01-24 13:00:00,,13,3,1,1,2019,24,24,4,33706.0,30609.0,33342.0,31825.924
2019-01-24 14:00:00,,14,3,1,1,2019,24,24,4,33339.0,30410.0,32792.0,31567.102
2019-01-24 15:00:00,,15,3,1,1,2019,24,24,4,33135.0,30432.0,32627.0,31613.54
2019-01-24 16:00:00,,16,3,1,1,2019,24,24,4,33524.0,30963.0,33023.0,31765.545
2019-01-24 17:00:00,,17,3,1,1,2019,24,24,4,34988.0,32164.0,34039.0,32844.082
2019-01-24 18:00:00,,18,3,1,1,2019,24,24,4,37631.0,34480.0,36310.0,35020.844
2019-01-24 19:00:00,,19,3,1,1,2019,24,24,4,38762.0,35218.0,37297.0,35480.14
2019-01-24 20:00:00,,20,3,1,1,2019,24,24,4,38651.0,34754.0,37024.0,35199.242
2019-01-24 21:00:00,,21,3,1,1,2019,24,24,4,38057.0,34026.0,36308.0,35378.664
2019-01-24 22:00:00,,22,3,1,1,2019,24,24,4,36782.0,32472.0,34709.0,33414.074
2019-01-24 23:00:00,,23,3,1,1,2019,24,24,4,34805.0,30258.0,32447.0,31473.229
2019-01-25 00:00:00,,0,4,1,1,2019,25,25,4,33021.0,28291.0,30336.0,28835.766
2019-01-25 01:00:00,,1,4,1,1,2019,25,25,4,31850.0,26829.0,28909.0,27522.283
2019-01-25 02:00:00,,2,4,1,1,2019,25,25,4,31421.0,26101.0,28229.0,27154.355
2019-01-25 03:00:00,,3,4,1,1,2019,25,25,4,31374.0,25754.0,28113.0,27139.367
2019-01-25 04:00:00,,4,4,1,1,2019,25,25,4,31700.0,25811.0,28376.0,27154.355
2019-01-25 05:00:00,,5,4,1,1,2019,25,25,4,32745.0,26613.0,29413.0,28038.455
2019-01-25 06:00:00,,6,4,1,1,2019,25,25,4,34980.0,28744.0,31625.0,29785.605
2019-01-25 07:00:00,,7,4,1,1,2019,25,25,4,38515.0,32159.0,35112.0,32928.445
2019-01-25 08:00:00,,8,4,1,1,2019,25,25,4,39985.0,34009.0,36698.0,34859.4
2019-01-25 09:00:00,,9,4,1,1,2019,25,25,4,38968.0,33989.0,36396.0,34656.12
2019-01-25 10:00:00,,10,4,1,1,2019,25,25,4,36849.0,33453.0,35989.0,34067.5
2019-01-25 11:00:00,,11,4,1,1,2019,25,25,4,35323.0,32857.0,35581.0,33282.87
2019-01-25 12:00:00,,12,4,1,1,2019,25,25,4,34032.0,32721.0,34944.0,32561.393
2019-01-25 13:00:00,,13,4,1,1,2019,25,25,4,32916.0,32842.0,34534.0,32337.357
2019-01-25 14:00:00,,14,4,1,1,2019,25,25,4,32313.0,33090.0,34294.0,32087.477
2019-01-25 15:00:00,,15,4,1,1,2019,25,25,4,31974.0,33152.0,33998.0,31920.414
2019-01-25 16:00:00,,16,4,1,1,2019,25,25,4,32154.0,33256.0,34178.0,32007.613
2019-01-25 17:00:00,,17,4,1,1,2019,25,25,4,33317.0,34175.0,35184.0,33328.71
2019-01-25 18:00:00,,18,4,1,1,2019,25,25,4,35660.0,35855.0,37333.0,35088.383
2019-01-25 19:00:00,,19,4,1,1,2019,25,25,4,36492.0,36088.0,37999.0,35692.344
2019-01-25 20:00:00,,20,4,1,1,2019,25,25,4,36141.0,35391.0,37464.0,34904.38
2019-01-25 21:00:00,,21,4,1,1,2019,25,25,4,35519.0,34644.0,36774.0,34439.125
2019-01-25 22:00:00,,22,4,1,1,2019,25,25,4,34474.0,33422.0,35555.0,33432.426
2019-01-25 23:00:00,,23,4,1,1,2019,25,25,4,32796.0,31671.0,33755.0,31541.857
2019-01-26 00:00:00,,0,5,1,1,2019,26,26,4,31142.0,29915.0,31911.0,29247.73
2019-01-26 01:00:00,,1,5,1,1,2019,26,26,4,29918.0,28511.0,30578.0,28255.8
2019-01-26 02:00:00,,2,5,1,1,2019,26,26,4,29200.0,27648.0,29819.0,27394.13
2019-01-26 03:00:00,,3,5,1,1,2019,26,26,4,28864.0,27204.0,29507.0,27352.545
2019-01-26 04:00:00,,4,5,1,1,2019,26,26,4,28853.0,27085.0,29502.0,27280.434
2019-01-26 05:00:00,,5,5,1,1,2019,26,26,4,29156.0,27302.0,29899.0,27382.012
2019-01-26 06:00:00,,6,5,1,1,2019,26,26,4,29992.0,28046.0,30873.0,28179.707
2019-01-26 07:00:00,,7,5,1,1,2019,26,26,4,31301.0,29355.0,32432.0,29266.723
2019-01-26 08:00:00,,8,5,1,1,2019,26,26,4,32361.0,30532.0,33641.0,30539.766
2019-01-26 09:00:00,,9,5,1,1,2019,26,26,4,32625.0,31767.0,34169.0,31134.408
2019-01-26 10:00:00,,10,5,1,1,2019,26,26,4,31815.0,32520.0,33619.0,30786.406
2019-01-26 11:00:00,,11,5,1,1,2019,26,26,4,30806.0,32740.0,32777.0,30733.621
2019-01-26 12:00:00,,12,5,1,1,2019,26,26,4,29800.0,32618.0,31824.0,30595.61
2019-01-26 13:00:00,,13,5,1,1,2019,26,26,4,28780.0,32110.0,30851.0,30048.703
2019-01-26 14:00:00,,14,5,1,1,2019,26,26,4,28082.0,31523.0,29896.0,29164.809
2019-01-26 15:00:00,,15,5,1,1,2019,26,26,4,27820.0,30988.0,29373.0,29058.871
2019-01-26 16:00:00,,16,5,1,1,2019,26,26,4,28107.0,30654.0,29473.0,29072.693
2019-01-26 17:00:00,,17,5,1,1,2019,26,26,4,28930.0,31174.0,30324.0,29661.137
2019-01-26 18:00:00,,18,5,1,1,2019,26,26,4,30796.0,32946.0,32715.0,31255.713
2019-01-26 19:00:00,,19,5,1,1,2019,26,26,4,31146.0,33715.0,34015.0,31724.9
2019-01-26 20:00:00,,20,5,1,1,2019,26,26,4,30609.0,33391.0,33714.0,31507.469
2019-01-26 21:00:00,,21,5,1,1,2019,26,26,4,29904.0,32876.0,33302.0,31247.973
2019-01-26 22:00:00,,22,5,1,1,2019,26,26,4,28830.0,31999.0,32336.0,30386.88
2019-01-26 23:00:00,,23,5,1,1,2019,26,26,4,27414.0,30731.0,30934.0,28961.3
2019-01-27 00:00:00,,0,6,1,1,2019,27,27,4,25833.0,29266.0,29447.0,27363.4
2019-01-27 01:00:00,,1,6,1,1,2019,27,27,4,24484.0,28027.0,28173.0,26857.371
2019-01-27 02:00:00,,2,6,1,1,2019,27,27,4,23606.0,27289.0,27328.0,25693.684
2019-01-27 03:00:00,,3,6,1,1,2019,27,27,4,23142.0,26847.0,26922.0,25369.822
2019-01-27 04:00:00,,4,6,1,1,2019,27,27,4,22901.0,26613.0,26774.0,25304.414
2019-01-27 05:00:00,,5,6,1,1,2019,27,27,4,22974.0,26747.0,26964.0,25378.934
2019-01-27 06:00:00,,6,6,1,1,2019,27,27,4,23477.0,27380.0,27570.0,25643.111
2019-01-27 07:00:00,,7,6,1,1,2019,27,27,4,24357.0,28369.0,28559.0,26913.045
2019-01-27 08:00:00,,8,6,1,1,2019,27,27,4,25443.0,29180.0,29253.0,27380.72
2019-01-27 09:00:00,,9,6,1,1,2019,27,27,4,26725.0,29907.0,29975.0,27638.564
2019-01-27 10:00:00,,10,6,1,1,2019,27,27,4,27877.0,30213.0,29875.0,28525.92
2019-01-27 11:00:00,,11,6,1,1,2019,27,27,4,28566.0,30101.0,29081.0,28634.107
2019-01-27 12:00:00,,12,6,1,1,2019,27,27,4,28919.0,29539.0,28405.0,28488.059
2019-01-27 13:00:00,,13,6,1,1,2019,27,27,4,28882.0,29052.0,27749.0,28389.295
2019-01-27 14:00:00,,14,6,1,1,2019,27,27,4,28606.0,28991.0,27151.0,28316.178
2019-01-27 15:00:00,,15,6,1,1,2019,27,27,4,28524.0,29235.0,26747.0,28302.37
2019-01-27 16:00:00,,16,6,1,1,2019,27,27,4,28708.0,29573.0,26992.0,28481.9
2019-01-27 17:00:00,,17,6,1,1,2019,27,27,4,29596.0,30700.0,27998.0,29421.438
2019-01-27 18:00:00,,18,6,1,1,2019,27,27,4,31559.0,33114.0,30482.0,31045.322
2019-01-27 19:00:00,,19,6,1,1,2019,27,27,4,32029.0,34161.0,31845.0,31744.254
2019-01-27 20:00:00,,20,6,1,1,2019,27,27,4,31668.0,33981.0,31714.0,31533.295
2019-01-27 21:00:00,,21,6,1,1,2019,27,27,4,30921.0,33394.0,31093.0,31265.725
2019-01-27 22:00:00,,22,6,1,1,2019,27,27,4,29721.0,32204.0,29814.0,30239.217
2019-01-27 23:00:00,,23,6,1,1,2019,27,27,4,28039.0,30424.0,28110.0,28776.826
2019-01-28 00:00:00,,0,0,1,1,2019,28,28,5,26494.0,28757.0,26361.0,26974.492
2019-01-28 01:00:00,,1,0,1,1,2019,28,28,5,25397.0,27536.0,25134.0,26107.207
2019-01-28 02:00:00,,2,0,1,1,2019,28,28,5,24863.0,26982.0,24549.0,25450.852
2019-01-28 03:00:00,,3,0,1,1,2019,28,28,5,24736.0,26929.0,24282.0,25415.488
2019-01-28 04:00:00,,4,0,1,1,2019,28,28,5,24999.0,27280.0,24378.0,25535.258
2019-01-28 05:00:00,,5,0,1,1,2019,28,28,5,26010.0,28373.0,25262.0,26307.984
2019-01-28 06:00:00,,6,0,1,1,2019,28,28,5,28316.0,30814.0,27427.0,27608.875
2019-01-28 07:00:00,,7,0,1,1,2019,28,28,5,31896.0,34421.0,31022.0,30243.348
2019-01-28 08:00:00,,8,0,1,1,2019,28,28,5,33926.0,36305.0,32562.0,32469.537
2019-01-28 09:00:00,,9,0,1,1,2019,28,28,5,33973.0,36251.0,32166.0,32597.236
2019-01-28 10:00:00,,10,0,1,1,2019,28,28,5,33694.0,35657.0,31732.0,32408.504
2019-01-28 11:00:00,,11,0,1,1,2019,28,28,5,33392.0,34830.0,31466.0,31854.172
2019-01-28 12:00:00,,12,0,1,1,2019,28,28,5,33038.0,34133.0,31040.0,32008.389
2019-01-28 13:00:00,,13,0,1,1,2019,28,28,5,32881.0,33831.0,30693.0,31992.787
2019-01-28 14:00:00,,14,0,1,1,2019,28,28,5,33010.0,33928.0,30779.0,32127.398
2019-01-28 15:00:00,,15,0,1,1,2019,28,28,5,33011.0,33972.0,30745.0,32294.457
2019-01-28 16:00:00,,16,0,1,1,2019,28,28,5,33246.0,34212.0,31066.0,32350.242
2019-01-28 17:00:00,,17,0,1,1,2019,28,28,5,34127.0,35329.0,31919.0,33027.184
2019-01-28 18:00:00,,18,0,1,1,2019,28,28,5,36002.0,37821.0,33797.0,34655.094
2019-01-28 19:00:00,,19,0,1,1,2019,28,28,5,36344.0,38901.0,34474.0,35438.504
2019-01-28 20:00:00,,20,0,1,1,2019,28,28,5,35879.0,38649.0,34087.0,34814.8
2019-01-28 21:00:00,,21,0,1,1,2019,28,28,5,34984.0,37836.0,33233.0,34351.89
2019-01-28 22:00:00,,22,0,1,1,2019,28,28,5,33327.0,36213.0,31641.0,32919.273
2019-01-28 23:00:00,,23,0,1,1,2019,28,28,5,31107.0,33937.0,29484.0,30882.25
2019-01-29 00:00:00,,0,1,1,1,2019,29,29,5,29229.0,31970.0,27571.0,28017.736
2019-01-29 01:00:00,,1,1,1,1,2019,29,29,5,27942.0,30735.0,26293.0,27326.24
2019-01-29 02:00:00,,2,1,1,1,2019,29,29,5,27386.0,30254.0,25749.0,26972.44
2019-01-29 03:00:00,,3,1,1,1,2019,29,29,5,27256.0,30093.0,25697.0,26972.44
2019-01-29 04:00:00,,4,1,1,1,2019,29,29,5,27530.0,30136.0,25988.0,27051.748
2019-01-29 05:00:00,,5,1,1,1,2019,29,29,5,28442.0,30847.0,27082.0,27204.482
2019-01-29 06:00:00,,6,1,1,1,2019,29,29,5,30673.0,32965.0,29553.0,28982.162
2019-01-29 07:00:00,,7,1,1,1,2019,29,29,5,34121.0,36346.0,33497.0,32129.184
2019-01-29 08:00:00,,8,1,1,1,2019,29,29,5,36029.0,37971.0,35028.0,34068.875
2019-01-29 09:00:00,,9,1,1,1,2019,29,29,5,36345.0,37836.0,34229.0,34253.32
2019-01-29 10:00:00,,10,1,1,1,2019,29,29,5,36380.0,37589.0,32856.0,33803.926
2019-01-29 11:00:00,,11,1,1,1,2019,29,29,5,36455.0,37115.0,31940.0,33551.125
2019-01-29 12:00:00,,12,1,1,1,2019,29,29,5,36468.0,36069.0,31242.0,33081.508
2019-01-29 13:00:00,,13,1,1,1,2019,29,29,5,36432.0,35392.0,30529.0,33013.74
2019-01-29 14:00:00,,14,1,1,1,2019,29,29,5,36417.0,34938.0,30140.0,32887.24
2019-01-29 15:00:00,,15,1,1,1,2019,29,29,5,36340.0,34255.0,29864.0,33030.402
2019-01-29 16:00:00,,16,1,1,1,2019,29,29,5,36540.0,33919.0,30015.0,32958.234
2019-01-29 17:00:00,,17,1,1,1,2019,29,29,5,37722.0,34595.0,31005.0,33001.043
2019-01-29 18:00:00,,18,1,1,1,2019,29,29,5,40242.0,36603.0,33370.0,35361.688
2019-01-29 19:00:00,,19,1,1,1,2019,29,29,5,41335.0,37376.0,34848.0,36274.54
2019-01-29 20:00:00,,20,1,1,1,2019,29,29,5,41237.0,36932.0,34662.0,35964.227
2019-01-29 21:00:00,,21,1,1,1,2019,29,29,5,40661.0,36076.0,34068.0,35672.742
2019-01-29 22:00:00,,22,1,1,1,2019,29,29,5,39152.0,34482.0,32552.0,33355.086
2019-01-29 23:00:00,,23,1,1,1,2019,29,29,5,37159.0,32216.0,30322.0,31547.99
2019-01-30 00:00:00,,0,2,1,1,2019,30,30,5,35380.0,30185.0,28170.0,29442.63
2019-01-30 01:00:00,,1,2,1,1,2019,30,30,5,34213.0,28807.0,26772.0,28834.3
2019-01-30 02:00:00,,2,2,1,1,2019,30,30,5,33657.0,28149.0,25966.0,28492.967
2019-01-30 03:00:00,,3,2,1,1,2019,30,30,5,33657.0,27762.0,25546.0,28431.225
2019-01-30 04:00:00,,4,2,1,1,2019,30,30,5,33930.0,27849.0,25454.0,28544.299
2019-01-30 05:00:00,,5,2,1,1,2019,30,30,5,34973.0,28557.0,26121.0,28994.123
2019-01-30 06:00:00,,6,2,1,1,2019,30,30,5,37332.0,30699.0,28287.0,29755.46
2019-01-30 07:00:00,,7,2,1,1,2019,30,30,5,40854.0,34169.0,31727.0,33093.68
2019-01-30 08:00:00,,8,2,1,1,2019,30,30,5,42096.0,35592.0,33483.0,34616.13
2019-01-30 09:00:00,,9,2,1,1,2019,30,30,5,40987.0,35170.0,33339.0,34465.152
2019-01-30 10:00:00,,10,2,1,1,2019,30,30,5,39357.0,34420.0,33283.0,33828.445
2019-01-30 11:00:00,,11,2,1,1,2019,30,30,5,37947.0,33844.0,33251.0,33567.703
2019-01-30 12:00:00,,12,2,1,1,2019,30,30,5,36750.0,33688.0,33100.0,33241.63
2019-01-30 13:00:00,,13,2,1,1,2019,30,30,5,35809.0,33424.0,32815.0,32838.613
2019-01-30 14:00:00,,14,2,1,1,2019,30,30,5,35379.0,33306.0,32699.0,32756.803
2019-01-30 15:00:00,,15,2,1,1,2019,30,30,5,35363.0,33065.0,32430.0,32746.1
2019-01-30 16:00:00,,16,2,1,1,2019,30,30,5,36044.0,32914.0,32463.0,32740.865
2019-01-30 17:00:00,,17,2,1,1,2019,30,30,5,37309.0,33433.0,33018.0,33580.855
2019-01-30 18:00:00,,18,2,1,1,2019,30,30,5,39636.0,35461.0,34435.0,34966.836
2019-01-30 19:00:00,,19,2,1,1,2019,30,30,5,40510.0,36117.0,34580.0,35856.04
2019-01-30 20:00:00,,20,2,1,1,2019,30,30,5,40054.0,35611.0,33782.0,35201.5
2019-01-30 21:00:00,,21,2,1,1,2019,30,30,5,39104.0,34830.0,32722.0,33547.27
2019-01-30 22:00:00,,22,2,1,1,2019,30,30,5,37331.0,33229.0,30941.0,32732.873
2019-01-30 23:00:00,,23,2,1,1,2019,30,30,5,34651.0,31014.0,28524.0,30995.447
2019-01-31 00:00:00,,0,3,1,1,2019,31,31,5,32461.0,29003.0,26319.0,28585.443
2019-01-31 01:00:00,,1,3,1,1,2019,31,31,5,30843.0,27656.0,24744.0,27010.828
2019-01-31 02:00:00,,2,3,1,1,2019,31,31,5,29981.0,27011.0,23820.0,26669.977
2019-01-31 03:00:00,,3,3,1,1,2019,31,31,5,29591.0,26729.0,23379.0,26303.406
2019-01-31 04:00:00,,4,3,1,1,2019,31,31,5,29629.0,26808.0,23301.0,26379.941
2019-01-31 05:00:00,,5,3,1,1,2019,31,31,5,30282.0,27710.0,23941.0,26896.422
2019-01-31 06:00:00,,6,3,1,1,2019,31,31,5,32318.0,29860.0,25999.0,28738.908
2019-01-31 07:00:00,,7,3,1,1,2019,31,31,5,35491.0,33464.0,29530.0,31174.66
2019-01-31 08:00:00,,8,3,1,1,2019,31,31,5,36966.0,35158.0,31411.0,32425.424
2019-01-31 09:00:00,,9,3,1,1,2019,31,31,5,36674.0,34721.0,31557.0,32292.922
2019-01-31 10:00:00,,10,3,1,1,2019,31,31,5,36123.0,33641.0,31566.0,32158.605
2019-01-31 11:00:00,,11,3,1,1,2019,31,31,5,35537.0,33072.0,31632.0,32147.125
2019-01-31 12:00:00,,12,3,1,1,2019,31,31,5,34859.0,32807.0,31475.0,32067.154
2019-01-31 13:00:00,,13,3,1,1,2019,31,31,5,34174.0,32689.0,31419.0,32129.178
2019-01-31 14:00:00,,14,3,1,1,2019,31,31,5,33644.0,32502.0,31302.0,31855.738
2019-01-31 15:00:00,,15,3,1,1,2019,31,31,5,33391.0,32141.0,31141.0,31810.383
2019-01-31 16:00:00,,16,3,1,1,2019,31,31,5,33426.0,32172.0,31202.0,31795.951
2019-01-31 17:00:00,,17,3,1,1,2019,31,31,5,34231.0,33256.0,32117.0,32557.396
2019-01-31 18:00:00,,18,3,1,1,2019,31,31,5,35970.0,35489.0,34003.0,33586.285
2019-01-31 19:00:00,,19,3,1,1,2019,31,31,5,36247.0,36777.0,34690.0,34416.277
2019-01-31 20:00:00,,20,3,1,1,2019,31,31,5,35772.0,36623.0,34301.0,33937.266
2019-01-31 21:00:00,,21,3,1,1,2019,31,31,5,34793.0,36079.0,33526.0,33541.13
2019-01-31 22:00:00,,22,3,1,1,2019,31,31,5,33252.0,34780.0,32005.0,32082.895
2019-01-31 23:00:00,,23,3,1,1,2019,31,31,5,31116.0,32684.0,29824.0,30400.773
2019-02-01 00:00:00,,0,4,1,2,2019,32,1,5,29278.0,30788.0,27824.0,27896.93
2019-02-01 01:00:00,,1,4,1,2,2019,32,1,5,27990.0,29537.0,26385.0,27162.566
2019-02-01 02:00:00,,2,4,1,2,2019,32,1,5,27410.0,29032.0,25761.0,26906.627
2019-02-01 03:00:00,,3,4,1,2,2019,32,1,5,27233.0,28903.0,25628.0,26885.24
2019-02-01 04:00:00,,4,4,1,2,2019,32,1,5,27380.0,29097.0,25979.0,26906.627
2019-02-01 05:00:00,,5,4,1,2,2019,32,1,5,28420.0,29958.0,26966.0,27099.523
2019-02-01 06:00:00,,6,4,1,2,2019,32,1,5,30977.0,32210.0,29294.0,28951.326
2019-02-01 07:00:00,,7,4,1,2,2019,32,1,5,34590.0,35792.0,32792.0,31968.018
2019-02-01 08:00:00,,8,4,1,2,2019,32,1,5,36938.0,37453.0,34869.0,34198.586
2019-02-01 09:00:00,,9,4,1,2,2019,32,1,5,37175.0,37315.0,35272.0,34574.395
2019-02-01 10:00:00,,10,4,1,2,2019,32,1,5,36707.0,37007.0,35386.0,34514.992
2019-02-01 11:00:00,,11,4,1,2,2019,32,1,5,36691.0,36561.0,35145.0,34481.914
2019-02-01 12:00:00,,12,4,1,2,2019,32,1,5,36703.0,35953.0,34414.0,34123.6
2019-02-01 13:00:00,,13,4,1,2,2019,32,1,5,36622.0,35215.0,33579.0,33797.336
2019-02-01 14:00:00,,14,4,1,2,2019,32,1,5,36569.0,34715.0,33078.0,33427.74
2019-02-01 15:00:00,,15,4,1,2,2019,32,1,5,36696.0,34629.0,32621.0,33227.445
2019-02-01 16:00:00,,16,4,1,2,2019,32,1,5,37298.0,35081.0,32456.0,33325.793
2019-02-01 17:00:00,,17,4,1,2,2019,32,1,5,38771.0,36002.0,33107.0,34327.055
2019-02-01 18:00:00,,18,4,1,2,2019,32,1,5,41135.0,37788.0,35099.0,36556.01
2019-02-01 19:00:00,,19,4,1,2,2019,32,1,5,42138.0,38239.0,36282.0,37016.24
2019-02-01 20:00:00,,20,4,1,2,2019,32,1,5,41745.0,37617.0,35784.0,36861.316
2019-02-01 21:00:00,,21,4,1,2,2019,32,1,5,41134.0,37017.0,35177.0,36229.074
2019-02-01 22:00:00,,22,4,1,2,2019,32,1,5,40000.0,35938.0,34061.0,35266.96
2019-02-01 23:00:00,,23,4,1,2,2019,32,1,5,38251.0,34338.0,32395.0,32867.895
2019-02-02 00:00:00,,0,5,1,2,2019,33,2,5,36544.0,32758.0,30685.0,30269.256
2019-02-02 01:00:00,,1,5,1,2,2019,33,2,5,35180.0,31563.0,29318.0,29516.98
2019-02-02 02:00:00,,2,5,1,2,2019,33,2,5,34493.0,30965.0,28673.0,29245.312
2019-02-02 03:00:00,,3,5,1,2,2019,33,2,5,34191.0,30764.0,28445.0,29009.0
2019-02-02 04:00:00,,4,5,1,2,2019,33,2,5,34277.0,30797.0,28502.0,29009.0
2019-02-02 05:00:00,,5,5,1,2,2019,33,2,5,34677.0,31160.0,28949.0,29344.42
2019-02-02 06:00:00,,6,5,1,2,2019,33,2,5,35663.0,32136.0,29972.0,29725.123
2019-02-02 07:00:00,,7,5,1,2,2019,33,2,5,37206.0,33673.0,31468.0,31297.188
2019-02-02 08:00:00,,8,5,1,2,2019,33,2,5,38198.0,34854.0,32668.0,32257.076
2019-02-02 09:00:00,,9,5,1,2,2019,33,2,5,38172.0,35152.0,33474.0,33138.453
2019-02-02 10:00:00,,10,5,1,2,2019,33,2,5,37257.0,34776.0,32987.0,32716.572
2019-02-02 11:00:00,,11,5,1,2,2019,33,2,5,36228.0,34060.0,32173.0,32245.777
2019-02-02 12:00:00,,12,5,1,2,2019,33,2,5,35219.0,33084.0,31337.0,31841.115
2019-02-02 13:00:00,,13,5,1,2,2019,33,2,5,34089.0,32084.0,30545.0,31532.566
2019-02-02 14:00:00,,14,5,1,2,2019,33,2,5,33065.0,31174.0,29757.0,30858.316
2019-02-02 15:00:00,,15,5,1,2,2019,33,2,5,32613.0,30659.0,29254.0,30419.836
2019-02-02 16:00:00,,16,5,1,2,2019,33,2,5,32836.0,30718.0,29111.0,30558.986
2019-02-02 17:00:00,,17,5,1,2,2019,33,2,5,34009.0,31927.0,29858.0,31662.97
2019-02-02 18:00:00,,18,5,1,2,2019,33,2,5,36363.0,34373.0,32057.0,33134.605
2019-02-02 19:00:00,,19,5,1,2,2019,33,2,5,37640.0,35698.0,33607.0,34248.137
2019-02-02 20:00:00,,20,5,1,2,2019,33,2,5,37400.0,35406.0,33539.0,33915.863
2019-02-02 21:00:00,,21,5,1,2,2019,33,2,5,36871.0,34914.0,33115.0,33462.207
2019-02-02 22:00:00,,22,5,1,2,2019,33,2,5,35774.0,33992.0,32317.0,32816.87
2019-02-02 23:00:00,,23,5,1,2,2019,33,2,5,34167.0,32562.0,31121.0,31623.873
2019-02-03 00:00:00,,0,6,1,2,2019,34,3,5,32435.0,30989.0,29752.0,29100.416
2019-02-03 01:00:00,,1,6,1,2,2019,34,3,5,31049.0,29652.0,28582.0,27958.17
2019-02-03 02:00:00,,2,6,1,2,2019,34,3,5,30100.0,28932.0,27915.0,27347.766
2019-02-03 03:00:00,,3,6,1,2,2019,34,3,5,29521.0,28572.0,27677.0,26929.05
2019-02-03 04:00:00,,4,6,1,2,2019,34,3,5,29255.0,28462.0,27760.0,26889.69
2019-02-03 05:00:00,,5,6,1,2,2019,34,3,5,29297.0,28661.0,28161.0,27295.883
2019-02-03 06:00:00,,6,6,1,2,2019,34,3,5,29771.0,29203.0,28965.0,27545.084
2019-02-03 07:00:00,,7,6,1,2,2019,34,3,5,30658.0,30076.0,30201.0,28566.135
2019-02-03 08:00:00,,8,6,1,2,2019,34,3,5,31422.0,30853.0,31057.0,29857.963
2019-02-03 09:00:00,,9,6,1,2,2019,34,3,5,32351.0,31850.0,31615.0,30871.244
2019-02-03 10:00:00,,10,6,1,2,2019,34,3,5,33222.0,32480.0,31395.0,31116.533
2019-02-03 11:00:00,,11,6,1,2,2019,34,3,5,33729.0,32271.0,30911.0,31351.945
2019-02-03 12:00:00,,12,6,1,2,2019,34,3,5,34131.0,31831.0,30504.0,31286.602
2019-02-03 13:00:00,,13,6,1,2,2019,34,3,5,34357.0,31486.0,30092.0,31169.8
2019-02-03 14:00:00,,14,6,1,2,2019,34,3,5,34474.0,31185.0,29762.0,31276.66
2019-02-03 15:00:00,,15,6,1,2,2019,34,3,5,34634.0,30847.0,29602.0,31195.98
2019-02-03 16:00:00,,16,6,1,2,2019,34,3,5,34950.0,30740.0,29898.0,31230.195
2019-02-03 17:00:00,,17,6,1,2,2019,34,3,5,35763.0,31255.0,30863.0,31896.236
2019-02-03 18:00:00,,18,6,1,2,2019,34,3,5,36952.0,33051.0,32827.0,33126.348
2019-02-03 19:00:00,,19,6,1,2,2019,34,3,5,36155.0,33749.0,33418.0,33270.484
2019-02-03 20:00:00,,20,6,1,2,2019,34,3,5,34768.0,32916.0,32514.0,32484.998
2019-02-03 21:00:00,,21,6,1,2,2019,34,3,5,33940.0,32362.0,32014.0,32120.541
2019-02-03 22:00:00,,22,6,1,2,2019,34,3,5,32823.0,31610.0,31333.0,31465.312
2019-02-03 23:00:00,,23,6,1,2,2019,34,3,5,31579.0,30262.0,30094.0,29783.938
2019-02-04 00:00:00,,0,0,1,2,2019,35,4,6,30532.0,28850.0,28693.0,27840.334
2019-02-04 01:00:00,,1,0,1,2,2019,35,4,6,29188.0,27355.0,27172.0,26736.955
2019-02-04 02:00:00,,2,0,1,2,2019,35,4,6,28354.0,26624.0,26535.0,26337.256
2019-02-04 03:00:00,,3,0,1,2,2019,35,4,6,28086.0,26407.0,26354.0,26264.432
2019-02-04 04:00:00,,4,0,1,2,2019,35,4,6,28318.0,26669.0,26580.0,26337.256
2019-02-04 05:00:00,,5,0,1,2,2019,35,4,6,29163.0,27680.0,27470.0,26593.346
2019-02-04 06:00:00,,6,0,1,2,2019,35,4,6,31286.0,30084.0,29744.0,28379.408
2019-02-04 07:00:00,,7,0,1,2,2019,35,4,6,34473.0,33685.0,33421.0,31827.135
2019-02-04 08:00:00,,8,0,1,2,2019,35,4,6,36368.0,35215.0,35300.0,33921.586
2019-02-04 09:00:00,,9,0,1,2,2019,35,4,6,36803.0,34281.0,35132.0,33984.465
2019-02-04 10:00:00,,10,0,1,2,2019,35,4,6,36226.0,32966.0,34572.0,33231.445
2019-02-04 11:00:00,,11,0,1,2,2019,35,4,6,35502.0,31987.0,34022.0,32763.795
2019-02-04 12:00:00,,12,0,1,2,2019,35,4,6,34837.0,31152.0,33284.0,32238.965
2019-02-04 13:00:00,,13,0,1,2,2019,35,4,6,34388.0,30511.0,32732.0,31949.316
2019-02-04 14:00:00,,14,0,1,2,2019,35,4,6,33980.0,30095.0,32456.0,31891.549
2019-02-04 15:00:00,,15,0,1,2,2019,35,4,6,33719.0,29649.0,32341.0,31812.025
2019-02-04 16:00:00,,16,0,1,2,2019,35,4,6,34015.0,29725.0,32717.0,32017.768
2019-02-04 17:00:00,,17,0,1,2,2019,35,4,6,35332.0,30494.0,33832.0,32852.863
2019-02-04 18:00:00,,18,0,1,2,2019,35,4,6,38075.0,32739.0,35835.0,34631.734
2019-02-04 19:00:00,,19,0,1,2,2019,35,4,6,39794.0,34327.0,36756.0,35720.87
2019-02-04 20:00:00,,20,0,1,2,2019,35,4,6,39769.0,34174.0,36332.0,35761.36
2019-02-04 21:00:00,,21,0,1,2,2019,35,4,6,39260.0,33497.0,35503.0,35035.754
2019-02-04 22:00:00,,22,0,1,2,2019,35,4,6,37820.0,31928.0,33966.0,33502.715
2019-02-04 23:00:00,,23,0,1,2,2019,35,4,6,35627.0,29810.0,31757.0,31518.3
2019-02-05 00:00:00,,0,1,1,2,2019,36,5,6,33810.0,27721.0,29752.0,28586.818
2019-02-05 01:00:00,,1,1,1,2,2019,36,5,6,32545.0,26408.0,28354.0,27661.842
2019-02-05 02:00:00,,2,1,1,2,2019,36,5,6,31900.0,25633.0,27731.0,26574.316
2019-02-05 03:00:00,,3,1,1,2,2019,36,5,6,31530.0,25301.0,27516.0,26490.857
2019-02-05 04:00:00,,4,1,1,2,2019,36,5,6,31572.0,25281.0,27615.0,26453.205
2019-02-05 05:00:00,,5,1,1,2,2019,36,5,6,32345.0,25913.0,28521.0,27492.963
2019-02-05 06:00:00,,6,1,1,2,2019,36,5,6,34446.0,27980.0,30772.0,29298.596
2019-02-05 07:00:00,,7,1,1,2,2019,36,5,6,37736.0,31408.0,34301.0,32117.871
2019-02-05 08:00:00,,8,1,1,2,2019,36,5,6,39080.0,33104.0,36217.0,34070.582
2019-02-05 09:00:00,,9,1,1,2,2019,36,5,6,38809.0,32837.0,36448.0,33977.617
2019-02-05 10:00:00,,10,1,1,2,2019,36,5,6,38393.0,32804.0,36402.0,34122.883
2019-02-05 11:00:00,,11,1,1,2,2019,36,5,6,37927.0,32886.0,36292.0,34212.715
2019-02-05 12:00:00,,12,1,1,2,2019,36,5,6,36970.0,32502.0,36036.0,33767.805
2019-02-05 13:00:00,,13,1,1,2,2019,36,5,6,35940.0,32092.0,35713.0,33465.055
2019-02-05 14:00:00,,14,1,1,2,2019,36,5,6,35602.0,31858.0,35534.0,33546.938
2019-02-05 15:00:00,,15,1,1,2,2019,36,5,6,34974.0,31485.0,35245.0,32968.24
2019-02-05 16:00:00,,16,1,1,2,2019,36,5,6,34873.0,31264.0,35176.0,32958.73
2019-02-05 17:00:00,,17,1,1,2,2019,36,5,6,35629.0,31826.0,35963.0,33880.777
2019-02-05 18:00:00,,18,1,1,2,2019,36,5,6,37632.0,33539.0,37834.0,35152.242
2019-02-05 19:00:00,,19,1,1,2,2019,36,5,6,38938.0,34414.0,38714.0,35855.445
2019-02-05 20:00:00,,20,1,1,2,2019,36,5,6,38729.0,33942.0,38306.0,35882.41
2019-02-05 21:00:00,,21,1,1,2,2019,36,5,6,38103.0,32963.0,37332.0,35072.266
2019-02-05 22:00:00,,22,1,1,2,2019,36,5,6,36696.0,31202.0,35575.0,33387.19
2019-02-05 23:00:00,,23,1,1,2,2019,36,5,6,34633.0,28875.0,33118.0,31556.465
2019-02-06 00:00:00,,0,2,1,2,2019,37,6,6,32728.0,26608.0,30984.0,28557.814
2019-02-06 01:00:00,,1,2,1,2,2019,37,6,6,31511.0,24999.0,29547.0,27140.174
2019-02-06 02:00:00,,2,2,1,2,2019,37,6,6,30876.0,24155.0,28913.0,26878.256
2019-02-06 03:00:00,,3,2,1,2,2019,37,6,6,30557.0,23717.0,28734.0,26725.166
2019-02-06 04:00:00,,4,2,1,2,2019,37,6,6,30613.0,23625.0,28974.0,26757.51
2019-02-06 05:00:00,,5,2,1,2,2019,37,6,6,31259.0,24195.0,29850.0,27017.78
2019-02-06 06:00:00,,6,2,1,2,2019,37,6,6,33046.0,26115.0,32099.0,28787.361
2019-02-06 07:00:00,,7,2,1,2,2019,37,6,6,35822.0,29503.0,35491.0,32046.344
2019-02-06 08:00:00,,8,2,1,2,2019,37,6,6,37515.0,31106.0,37171.0,32929.473
2019-02-06 09:00:00,,9,2,1,2,2019,37,6,6,38207.0,30895.0,37383.0,33090.09
2019-02-06 10:00:00,,10,2,1,2,2019,37,6,6,38464.0,30456.0,36907.0,33236.25
2019-02-06 11:00:00,,11,2,1,2,2019,37,6,6,38643.0,29987.0,36234.0,33355.53
2019-02-06 12:00:00,,12,2,1,2,2019,37,6,6,38677.0,29406.0,35309.0,33150.367
2019-02-06 13:00:00,,13,2,1,2,2019,37,6,6,38631.0,29067.0,34823.0,33167.7
2019-02-06 14:00:00,,14,2,1,2,2019,37,6,6,38383.0,28885.0,34740.0,33221.098
2019-02-06 15:00:00,,15,2,1,2,2019,37,6,6,37927.0,28732.0,34525.0,33267.54
2019-02-06 16:00:00,,16,2,1,2,2019,37,6,6,37592.0,28844.0,34900.0,33316.293
2019-02-06 17:00:00,,17,2,1,2,2019,37,6,6,37856.0,29428.0,35958.0,33788.46
2019-02-06 18:00:00,,18,2,1,2,2019,37,6,6,38944.0,31129.0,38205.0,34392.832
2019-02-06 19:00:00,,19,2,1,2,2019,37,6,6,38885.0,32340.0,39638.0,35058.527
2019-02-06 20:00:00,,20,2,1,2,2019,37,6,6,38033.0,32032.0,39397.0,35017.22
2019-02-06 21:00:00,,21,2,1,2,2019,37,6,6,36994.0,31283.0,38801.0,34272.32
2019-02-06 22:00:00,,22,2,1,2,2019,37,6,6,35344.0,29885.0,37486.0,33236.066
2019-02-06 23:00:00,,23,2,1,2,2019,37,6,6,33287.0,28180.0,35200.0,31618.314
2019-02-07 00:00:00,,0,3,1,2,2019,38,7,6,31517.0,26255.0,33306.0,28512.66
2019-02-07 01:00:00,,1,3,1,2,2019,38,7,6,30409.0,24901.0,32043.0,27820.533
2019-02-07 02:00:00,,2,3,1,2,2019,38,7,6,29989.0,24323.0,31643.0,27544.732
2019-02-07 03:00:00,,3,3,1,2,2019,38,7,6,29989.0,24089.0,31594.0,27532.791
2019-02-07 04:00:00,,4,3,1,2,2019,38,7,6,30442.0,24472.0,31894.0,27656.553
2019-02-07 05:00:00,,5,3,1,2,2019,38,7,6,31578.0,25490.0,33034.0,28021.27
2019-02-07 06:00:00,,6,3,1,2,2019,38,7,6,34006.0,27678.0,35583.0,30412.922
2019-02-07 07:00:00,,7,3,1,2,2019,38,7,6,37407.0,30723.0,39325.0,33127.96
2019-02-07 08:00:00,,8,3,1,2,2019,38,7,6,39102.0,32918.0,40745.0,34465.566
2019-02-07 09:00:00,,9,3,1,2,2019,38,7,6,38642.0,34265.0,39989.0,35161.61
2019-02-07 10:00:00,,10,3,1,2,2019,38,7,6,37271.0,35165.0,39306.0,35015.098
2019-02-07 11:00:00,,11,3,1,2,2019,38,7,6,36094.0,35595.0,39167.0,34765.652
2019-02-07 12:00:00,,12,3,1,2,2019,38,7,6,35222.0,35715.0,38784.0,34878.816
2019-02-07 13:00:00,,13,3,1,2,2019,38,7,6,34479.0,35720.0,38423.0,34822.652
2019-02-07 14:00:00,,14,3,1,2,2019,38,7,6,34156.0,35444.0,38198.0,34515.41
2019-02-07 15:00:00,,15,3,1,2,2019,38,7,6,33936.0,35338.0,37917.0,34273.664
2019-02-07 16:00:00,,16,3,1,2,2019,38,7,6,34392.0,35410.0,38136.0,34437.46
2019-02-07 17:00:00,,17,3,1,2,2019,38,7,6,35635.0,36495.0,39241.0,35447.117
2019-02-07 18:00:00,,18,3,1,2,2019,38,7,6,37957.0,39133.0,41569.0,36916.227
2019-02-07 19:00:00,,19,3,1,2,2019,38,7,6,39608.0,40835.0,43277.0,37653.176
2019-02-07 20:00:00,,20,3,1,2,2019,38,7,6,39555.0,40584.0,43027.0,37566.047
2019-02-07 21:00:00,,21,3,1,2,2019,38,7,6,39012.0,39825.0,42379.0,36812.656
2019-02-07 22:00:00,,22,3,1,2,2019,38,7,6,37731.0,38231.0,40943.0,35878.824
2019-02-07 23:00:00,,23,3,1,2,2019,38,7,6,35666.0,36006.0,38612.0,34506.75
2019-02-08 00:00:00,,0,4,1,2,2019,39,8,6,33919.0,34034.0,36634.0,31883.22
2019-02-08 01:00:00,,1,4,1,2,2019,39,8,6,32798.0,32738.0,35154.0,30474.822
2019-02-08 02:00:00,,2,4,1,2,2019,39,8,6,32327.0,32176.0,34611.0,30234.186
2019-02-08 03:00:00,,3,4,1,2,2019,39,8,6,32247.0,32075.0,34472.0,29999.01
2019-02-08 04:00:00,,4,4,1,2,2019,39,8,6,32515.0,32186.0,34686.0,30205.07
2019-02-08 05:00:00,,5,4,1,2,2019,39,8,6,33440.0,33055.0,35617.0,30543.725
2019-02-08 06:00:00,,6,4,1,2,2019,39,8,6,35642.0,35143.0,37958.0,32902.145
2019-02-08 07:00:00,,7,4,1,2,2019,39,8,6,38975.0,38366.0,41297.0,35392.055
2019-02-08 08:00:00,,8,4,1,2,2019,39,8,6,40261.0,39669.0,42477.0,36122.504
2019-02-08 09:00:00,,9,4,1,2,2019,39,8,6,39538.0,39181.0,41487.0,36162.94
2019-02-08 10:00:00,,10,4,1,2,2019,39,8,6,38214.0,38136.0,40139.0,35894.363
2019-02-08 11:00:00,,11,4,1,2,2019,39,8,6,36913.0,37308.0,39171.0,35795.406
2019-02-08 12:00:00,,12,4,1,2,2019,39,8,6,35958.0,36410.0,38315.0,34988.074
2019-02-08 13:00:00,,13,4,1,2,2019,39,8,6,35459.0,35447.0,37610.0,34662.984
2019-02-08 14:00:00,,14,4,1,2,2019,39,8,6,34957.0,34827.0,37413.0,34282.14
2019-02-08 15:00:00,,15,4,1,2,2019,39,8,6,34608.0,34784.0,37432.0,34216.78
2019-02-08 16:00:00,,16,4,1,2,2019,39,8,6,34581.0,35153.0,37753.0,34521.36
2019-02-08 17:00:00,,17,4,1,2,2019,39,8,6,35244.0,36062.0,38692.0,35409.06
2019-02-08 18:00:00,,18,4,1,2,2019,39,8,6,36730.0,37709.0,40283.0,36329.047
2019-02-08 19:00:00,,19,4,1,2,2019,39,8,6,37297.0,38278.0,41109.0,36590.062
2019-02-08 20:00:00,,20,4,1,2,2019,39,8,6,36609.0,37484.0,40499.0,36290.05
2019-02-08 21:00:00,,21,4,1,2,2019,39,8,6,35697.0,36496.0,39815.0,35475.24
2019-02-08 22:00:00,,22,4,1,2,2019,39,8,6,34466.0,35083.0,38488.0,34388.758
2019-02-08 23:00:00,,23,4,1,2,2019,39,8,6,32648.0,33123.0,36607.0,33014.492
2019-02-09 00:00:00,,0,5,1,2,2019,40,9,6,30759.0,31071.0,34819.0,30353.4
2019-02-09 01:00:00,,1,5,1,2,2019,40,9,6,29278.0,29481.0,33479.0,29135.768
2019-02-09 02:00:00,,2,5,1,2,2019,40,9,6,28409.0,28544.0,32827.0,28197.602
2019-02-09 03:00:00,,3,5,1,2,2019,40,9,6,27947.0,28037.0,32610.0,27975.887
2019-02-09 04:00:00,,4,5,1,2,2019,40,9,6,27798.0,27895.0,32661.0,27758.08
2019-02-09 05:00:00,,5,5,1,2,2019,40,9,6,28016.0,28036.0,33199.0,28460.717
2019-02-09 06:00:00,,6,5,1,2,2019,40,9,6,28686.0,28799.0,34215.0,29028.96
2019-02-09 07:00:00,,7,5,1,2,2019,40,9,6,29853.0,30025.0,35697.0,30135.293
2019-02-09 08:00:00,,8,5,1,2,2019,40,9,6,30712.0,31056.0,36790.0,30697.94
2019-02-09 09:00:00,,9,5,1,2,2019,40,9,6,31597.0,31978.0,37662.0,31711.041
2019-02-09 10:00:00,,10,5,1,2,2019,40,9,6,31833.0,32108.0,38444.0,31897.48
2019-02-09 11:00:00,,11,5,1,2,2019,40,9,6,31829.0,31668.0,38543.0,31707.293
2019-02-09 12:00:00,,12,5,1,2,2019,40,9,6,31680.0,31252.0,38352.0,31532.564
2019-02-09 13:00:00,,13,5,1,2,2019,40,9,6,31493.0,30368.0,38021.0,31591.074
2019-02-09 14:00:00,,14,5,1,2,2019,40,9,6,31251.0,29677.0,37823.0,31388.002
2019-02-09 15:00:00,,15,5,1,2,2019,40,9,6,30970.0,29101.0,37865.0,31434.441
2019-02-09 16:00:00,,16,5,1,2,2019,40,9,6,30860.0,28566.0,38369.0,31006.254
2019-02-09 17:00:00,,17,5,1,2,2019,40,9,6,31376.0,29161.0,39672.0,31586.064
2019-02-09 18:00:00,,18,5,1,2,2019,40,9,6,32539.0,30877.0,41971.0,33035.125
2019-02-09 19:00:00,,19,5,1,2,2019,40,9,6,32732.0,31877.0,43773.0,33897.438
2019-02-09 20:00:00,,20,5,1,2,2019,40,9,6,32111.0,31532.0,43599.0,32764.27
2019-02-09 21:00:00,,21,5,1,2,2019,40,9,6,31305.0,30889.0,43098.0,31707.94
2019-02-09 22:00:00,,22,5,1,2,2019,40,9,6,30173.0,29937.0,42200.0,30850.11
2019-02-09 23:00:00,,23,5,1,2,2019,40,9,6,28714.0,28577.0,40707.0,30516.951
2019-02-10 00:00:00,,0,6,1,2,2019,41,10,6,27078.0,27099.0,39343.0,28990.496
2019-02-10 01:00:00,,1,6,1,2,2019,41,10,6,25692.0,25754.0,38169.0,28435.154
2019-02-10 02:00:00,,2,6,1,2,2019,41,10,6,24842.0,24987.0,37664.0,28074.42
2019-02-10 03:00:00,,3,6,1,2,2019,41,10,6,24303.0,24487.0,37402.0,27904.348
2019-02-10 04:00:00,,4,6,1,2,2019,41,10,6,24083.0,24303.0,37465.0,27836.33
2019-02-10 05:00:00,,5,6,1,2,2019,41,10,6,24150.0,24503.0,37777.0,27904.348
2019-02-10 06:00:00,,6,6,1,2,2019,41,10,6,24640.0,25144.0,38479.0,28056.848
2019-02-10 07:00:00,,7,6,1,2,2019,41,10,6,25602.0,26177.0,39580.0,28400.252
2019-02-10 08:00:00,,8,6,1,2,2019,41,10,6,26503.0,27218.0,40158.0,28803.25
2019-02-10 09:00:00,,9,6,1,2,2019,41,10,6,27773.0,28726.0,40257.0,29921.22
2019-02-10 10:00:00,,10,6,1,2,2019,41,10,6,28876.0,30105.0,39887.0,30753.47
2019-02-10 11:00:00,,11,6,1,2,2019,41,10,6,29490.0,31029.0,39225.0,31047.084
2019-02-10 12:00:00,,12,6,1,2,2019,41,10,6,29798.0,31545.0,38436.0,31583.465
2019-02-10 13:00:00,,13,6,1,2,2019,41,10,6,29818.0,31621.0,37513.0,31805.848
2019-02-10 14:00:00,,14,6,1,2,2019,41,10,6,29590.0,31418.0,36634.0,31428.584
2019-02-10 15:00:00,,15,6,1,2,2019,41,10,6,29220.0,31111.0,35984.0,31378.205
2019-02-10 16:00:00,,16,6,1,2,2019,41,10,6,29091.0,31095.0,36042.0,31381.29
2019-02-10 17:00:00,,17,6,1,2,2019,41,10,6,29583.0,31765.0,37304.0,32333.102
2019-02-10 18:00:00,,18,6,1,2,2019,41,10,6,30962.0,33103.0,40029.0,33030.36
2019-02-10 19:00:00,,19,6,1,2,2019,41,10,6,31620.0,33958.0,41996.0,33520.723
2019-02-10 20:00:00,,20,6,1,2,2019,41,10,6,31145.0,33655.0,41925.0,33436.336
2019-02-10 21:00:00,,21,6,1,2,2019,41,10,6,30272.0,32865.0,41382.0,32586.492
2019-02-10 22:00:00,,22,6,1,2,2019,41,10,6,28853.0,31315.0,40206.0,31593.773
2019-02-10 23:00:00,,23,6,1,2,2019,41,10,6,27094.0,29576.0,38459.0,30446.135
2019-02-11 00:00:00,,0,0,1,2,2019,42,11,7,25302.0,27832.0,36789.0,28940.21
2019-02-11 01:00:00,,1,0,1,2,2019,42,11,7,23986.0,27055.0,35465.0,28082.52
2019-02-11 02:00:00,,2,0,1,2,2019,42,11,7,23197.0,26649.0,34946.0,27428.418
2019-02-11 03:00:00,,3,0,1,2,2019,42,11,7,22871.0,26685.0,34781.0,27421.25
2019-02-11 04:00:00,,4,0,1,2,2019,42,11,7,22929.0,27129.0,34927.0,27560.496
2019-02-11 05:00:00,,5,0,1,2,2019,42,11,7,23751.0,28304.0,35644.0,28286.617
2019-02-11 06:00:00,,6,0,1,2,2019,42,11,7,25945.0,30858.0,37123.0,29474.928
2019-02-11 07:00:00,,7,0,1,2,2019,42,11,7,29602.0,34479.0,39265.0,32004.19
2019-02-11 08:00:00,,8,0,1,2,2019,42,11,7,31813.0,36004.0,40385.0,32897.547
2019-02-11 09:00:00,,9,0,1,2,2019,42,11,7,32458.0,35770.0,41200.0,34188.508
2019-02-11 10:00:00,,10,0,1,2,2019,42,11,7,32862.0,35257.0,41919.0,34205.098
2019-02-11 11:00:00,,11,0,1,2,2019,42,11,7,33219.0,34829.0,42340.0,34302.434
2019-02-11 12:00:00,,12,0,1,2,2019,42,11,7,33252.0,34365.0,42297.0,34548.02
2019-02-11 13:00:00,,13,0,1,2,2019,42,11,7,32454.0,33825.0,42008.0,34582.31
2019-02-11 14:00:00,,14,0,1,2,2019,42,11,7,31382.0,33613.0,41760.0,33565.05
2019-02-11 15:00:00,,15,0,1,2,2019,42,11,7,30524.0,33308.0,41320.0,33286.734
2019-02-11 16:00:00,,16,0,1,2,2019,42,11,7,30713.0,33479.0,40964.0,33306.105
2019-02-11 17:00:00,,17,0,1,2,2019,42,11,7,31601.0,34359.0,41253.0,33697.31
2019-02-11 18:00:00,,18,0,1,2,2019,42,11,7,33745.0,36326.0,42571.0,35440.355
2019-02-11 19:00:00,,19,0,1,2,2019,42,11,7,35481.0,37888.0,42993.0,36653.207
2019-02-11 20:00:00,,20,0,1,2,2019,42,11,7,35517.0,37606.0,42040.0,36177.22
2019-02-11 21:00:00,,21,0,1,2,2019,42,11,7,35013.0,36888.0,40568.0,35624.258
2019-02-11 22:00:00,,22,0,1,2,2019,42,11,7,33901.0,35328.0,38289.0,34421.164
2019-02-11 23:00:00,,23,0,1,2,2019,42,11,7,31957.0,33153.0,35699.0,32425.021
2019-02-12 00:00:00,,0,1,1,2,2019,43,12,7,30098.0,31151.0,33373.0,29628.283
2019-02-12 01:00:00,,1,1,1,2,2019,43,12,7,29033.0,29836.0,31729.0,28431.207
2019-02-12 02:00:00,,2,1,1,2,2019,43,12,7,28599.0,29241.0,30840.0,27992.1
2019-02-12 03:00:00,,3,1,1,2,2019,43,12,7,28574.0,29096.0,30277.0,27404.44
2019-02-12 04:00:00,,4,1,1,2,2019,43,12,7,28891.0,29301.0,30201.0,27414.04
2019-02-12 05:00:00,,5,1,1,2,2019,43,12,7,30013.0,30233.0,30655.0,28263.691
2019-02-12 06:00:00,,6,1,1,2,2019,43,12,7,32493.0,32480.0,32112.0,29742.973
2019-02-12 07:00:00,,7,1,1,2,2019,43,12,7,36110.0,36042.0,34285.0,32891.08
2019-02-12 08:00:00,,8,1,1,2,2019,43,12,7,37417.0,37262.0,35302.0,34527.89
2019-02-12 09:00:00,,9,1,1,2,2019,43,12,7,36171.0,36646.0,35594.0,34034.684
2019-02-12 10:00:00,,10,1,1,2,2019,43,12,7,34771.0,35892.0,35720.0,33755.453
2019-02-12 11:00:00,,11,1,1,2,2019,43,12,7,33734.0,35358.0,35808.0,33433.5
2019-02-12 12:00:00,,12,1,1,2,2019,43,12,7,32841.0,34587.0,35672.0,32864.832
2019-02-12 13:00:00,,13,1,1,2,2019,43,12,7,32075.0,33526.0,35337.0,32547.5
2019-02-12 14:00:00,,14,1,1,2,2019,43,12,7,31705.0,32732.0,34698.0,32066.31
2019-02-12 15:00:00,,15,1,1,2,2019,43,12,7,31677.0,31922.0,33781.0,31682.244
2019-02-12 16:00:00,,16,1,1,2,2019,43,12,7,32391.0,31712.0,33157.0,31868.459
2019-02-12 17:00:00,,17,1,1,2,2019,43,12,7,33736.0,32459.0,33507.0,32405.645
2019-02-12 18:00:00,,18,1,1,2,2019,43,12,7,35810.0,34369.0,35124.0,34076.797
2019-02-12 19:00:00,,19,1,1,2,2019,43,12,7,37134.0,36051.0,36681.0,35711.44
2019-02-12 20:00:00,,20,1,1,2,2019,43,12,7,36811.0,35826.0,36439.0,35606.715
2019-02-12 21:00:00,,21,1,1,2,2019,43,12,7,36078.0,35104.0,35725.0,34181.543
2019-02-12 22:00:00,,22,1,1,2,2019,43,12,7,34484.0,33705.0,34230.0,32961.652
2019-02-12 23:00:00,,23,1,1,2,2019,43,12,7,32277.0,31542.0,31980.0,31292.406
2019-02-13 00:00:00,,0,2,1,2,2019,44,13,7,30254.0,29612.0,29880.0,27950.164
2019-02-13 01:00:00,,1,2,1,2,2019,44,13,7,28793.0,28319.0,28407.0,27111.795
2019-02-13 02:00:00,,2,2,1,2,2019,44,13,7,28070.0,27672.0,27718.0,26419.072
2019-02-13 03:00:00,,3,2,1,2,2019,44,13,7,27789.0,27383.0,27452.0,26254.28
2019-02-13 04:00:00,,4,2,1,2,2019,44,13,7,27910.0,27524.0,27697.0,26419.072
2019-02-13 05:00:00,,5,2,1,2,2019,44,13,7,28679.0,28334.0,28644.0,26922.182
2019-02-13 06:00:00,,6,2,1,2,2019,44,13,7,30857.0,30482.0,30960.0,29013.115
2019-02-13 07:00:00,,7,2,1,2,2019,44,13,7,34195.0,34019.0,34535.0,32117.178
2019-02-13 08:00:00,,8,2,1,2,2019,44,13,7,35419.0,35349.0,35922.0,33603.21
2019-02-13 09:00:00,,9,2,1,2,2019,44,13,7,34699.0,35082.0,35643.0,33081.613
2019-02-13 10:00:00,,10,2,1,2,2019,44,13,7,33482.0,34662.0,35274.0,32621.182
2019-02-13 11:00:00,,11,2,1,2,2019,44,13,7,32621.0,34149.0,35064.0,32788.95
2019-02-13 12:00:00,,12,2,1,2,2019,44,13,7,31842.0,33211.0,34610.0,31852.05
2019-02-13 13:00:00,,13,2,1,2,2019,44,13,7,31153.0,32142.0,34289.0,31534.727
2019-02-13 14:00:00,,14,2,1,2,2019,44,13,7,30839.0,31604.0,34095.0,31390.053
2019-02-13 15:00:00,,15,2,1,2,2019,44,13,7,30606.0,31750.0,33935.0,31379.354
2019-02-13 16:00:00,,16,2,1,2,2019,44,13,7,30769.0,32221.0,34007.0,31568.783
2019-02-13 17:00:00,,17,2,1,2,2019,44,13,7,31579.0,33250.0,34749.0,32340.79
2019-02-13 18:00:00,,18,2,1,2,2019,44,13,7,33303.0,35255.0,36484.0,34098.457
2019-02-13 19:00:00,,19,2,1,2,2019,44,13,7,34248.0,36868.0,37674.0,34876.41
2019-02-13 20:00:00,,20,2,1,2,2019,44,13,7,33723.0,36710.0,37427.0,34740.223
2019-02-13 21:00:00,,21,2,1,2,2019,44,13,7,32894.0,36078.0,36693.0,34522.39
2019-02-13 22:00:00,,22,2,1,2,2019,44,13,7,31480.0,34530.0,35255.0,32312.6
2019-02-13 23:00:00,,23,2,1,2,2019,44,13,7,29354.0,32374.0,33069.0,30484.4
2019-02-14 00:00:00,,0,3,1,2,2019,45,14,7,27390.0,30369.0,31097.0,28097.54
2019-02-14 01:00:00,,1,3,1,2,2019,45,14,7,25980.0,29019.0,29821.0,26799.025
2019-02-14 02:00:00,,2,3,1,2,2019,45,14,7,25162.0,28404.0,29170.0,26385.42
2019-02-14 03:00:00,,3,3,1,2,2019,45,14,7,24731.0,28303.0,29039.0,26359.607
2019-02-14 04:00:00,,4,3,1,2,2019,45,14,7,24686.0,28535.0,29253.0,26338.088
2019-02-14 05:00:00,,5,3,1,2,2019,45,14,7,25354.0,29411.0,30313.0,26651.426
2019-02-14 06:00:00,,6,3,1,2,2019,45,14,7,27262.0,31778.0,32689.0,28709.826
2019-02-14 07:00:00,,7,3,1,2,2019,45,14,7,30424.0,35334.0,36443.0,32008.98
2019-02-14 08:00:00,,8,3,1,2,2019,45,14,7,31802.0,36578.0,37684.0,32664.879
2019-02-14 09:00:00,,9,3,1,2,2019,45,14,7,31720.0,35997.0,37140.0,32689.742
2019-02-14 10:00:00,,10,3,1,2,2019,45,14,7,31390.0,35345.0,36199.0,32407.734
2019-02-14 11:00:00,,11,3,1,2,2019,45,14,7,31056.0,35026.0,35333.0,32156.498
2019-02-14 12:00:00,,12,3,1,2,2019,45,14,7,30707.0,34667.0,34609.0,31744.238
2019-02-14 13:00:00,,13,3,1,2,2019,45,14,7,30442.0,34398.0,34025.0,31809.08
2019-02-14 14:00:00,,14,3,1,2,2019,45,14,7,29943.0,34234.0,33515.0,31788.883
2019-02-14 15:00:00,,15,3,1,2,2019,45,14,7,29572.0,34019.0,33180.0,31443.475
2019-02-14 16:00:00,,16,3,1,2,2019,45,14,7,29398.0,34045.0,33274.0,31519.744
2019-02-14 17:00:00,,17,3,1,2,2019,45,14,7,29669.0,34977.0,34286.0,31973.559
2019-02-14 18:00:00,,18,3,1,2,2019,45,14,7,31074.0,36969.0,36501.0,33463.695
2019-02-14 19:00:00,,19,3,1,2,2019,45,14,7,32135.0,38642.0,38763.0,34756.176
2019-02-14 20:00:00,,20,3,1,2,2019,45,14,7,31772.0,38426.0,38905.0,34032.61
2019-02-14 21:00:00,,21,3,1,2,2019,45,14,7,30882.0,37733.0,38423.0,33953.996
2019-02-14 22:00:00,,22,3,1,2,2019,45,14,7,29394.0,36250.0,37163.0,33175.098
2019-02-14 23:00:00,,23,3,1,2,2019,45,14,7,27376.0,34060.0,35106.0,31944.818
2019-02-15 00:00:00,,0,4,1,2,2019,46,15,7,25438.0,32071.0,33092.0,28935.389
2019-02-15 01:00:00,,1,4,1,2,2019,46,15,7,23927.0,30739.0,31897.0,27542.254
2019-02-15 02:00:00,,2,4,1,2,2019,46,15,7,23073.0,30184.0,31468.0,27112.875
2019-02-15 03:00:00,,3,4,1,2,2019,46,15,7,22578.0,30034.0,31413.0,26872.602
2019-02-15 04:00:00,,4,4,1,2,2019,46,15,7,22556.0,30207.0,31767.0,27219.238
2019-02-15 05:00:00,,5,4,1,2,2019,46,15,7,23088.0,31119.0,32823.0,27639.889
2019-02-15 06:00:00,,6,4,1,2,2019,46,15,7,24678.0,33320.0,35186.0,30461.332
2019-02-15 07:00:00,,7,4,1,2,2019,46,15,7,27515.0,36521.0,38637.0,32432.055
2019-02-15 08:00:00,,8,4,1,2,2019,46,15,7,29296.0,37703.0,39720.0,33100.22
2019-02-15 09:00:00,,9,4,1,2,2019,46,15,7,29855.0,36983.0,38855.0,32895.688
2019-02-15 10:00:00,,10,4,1,2,2019,46,15,7,30086.0,35923.0,37817.0,32984.797
2019-02-15 11:00:00,,11,4,1,2,2019,46,15,7,30164.0,34848.0,37208.0,32502.064
2019-02-15 12:00:00,,12,4,1,2,2019,46,15,7,30102.0,33457.0,36533.0,32422.89
2019-02-15 13:00:00,,13,4,1,2,2019,46,15,7,29974.0,32374.0,35985.0,32041.875
2019-02-15 14:00:00,,14,4,1,2,2019,46,15,7,30030.0,31552.0,35558.0,31819.475
2019-02-15 15:00:00,,15,4,1,2,2019,46,15,7,30059.0,30948.0,35072.0,31465.67
2019-02-15 16:00:00,,16,4,1,2,2019,46,15,7,30079.0,30688.0,34959.0,31307.045
2019-02-15 17:00:00,,17,4,1,2,2019,46,15,7,30618.0,31294.0,35597.0,31743.092
2019-02-15 18:00:00,,18,4,1,2,2019,46,15,7,31830.0,32855.0,36960.0,32689.494
2019-02-15 19:00:00,,19,4,1,2,2019,46,15,7,32420.0,34541.0,37921.0,33792.004
2019-02-15 20:00:00,,20,4,1,2,2019,46,15,7,32079.0,34394.0,37138.0,33258.1
2019-02-15 21:00:00,,21,4,1,2,2019,46,15,7,31556.0,33833.0,36191.0,32976.45
2019-02-15 22:00:00,,22,4,1,2,2019,46,15,7,30696.0,32820.0,34682.0,31776.117
2019-02-15 23:00:00,,23,4,1,2,2019,46,15,7,29398.0,31303.0,32618.0,30147.896
2019-02-16 00:00:00,,0,5,1,2,2019,47,16,7,28029.0,29645.0,30507.0,27920.326
2019-02-16 01:00:00,,1,5,1,2,2019,47,16,7,27015.0,28346.0,28851.0,26954.518
2019-02-16 02:00:00,,2,5,1,2,2019,47,16,7,26460.0,27656.0,27827.0,26169.693
2019-02-16 03:00:00,,3,5,1,2,2019,47,16,7,26252.0,27343.0,27171.0,26062.316
2019-02-16 04:00:00,,4,5,1,2,2019,47,16,7,26449.0,27349.0,26848.0,26031.287
2019-02-16 05:00:00,,5,5,1,2,2019,47,16,7,27004.0,27743.0,26905.0,26320.496
2019-02-16 06:00:00,,6,5,1,2,2019,47,16,7,28089.0,28649.0,27507.0,26825.453
2019-02-16 07:00:00,,7,5,1,2,2019,47,16,7,29605.0,29934.0,28616.0,27837.33
2019-02-16 08:00:00,,8,5,1,2,2019,47,16,7,30625.0,30688.0,29356.0,28797.828
2019-02-16 09:00:00,,9,5,1,2,2019,47,16,7,30923.0,30594.0,29948.0,29147.871
2019-02-16 10:00:00,,10,5,1,2,2019,47,16,7,30550.0,29793.0,30116.0,28870.514
2019-02-16 11:00:00,,11,5,1,2,2019,47,16,7,29943.0,28816.0,29863.0,28732.037
2019-02-16 12:00:00,,12,5,1,2,2019,47,16,7,29231.0,27804.0,29142.0,27779.268
2019-02-16 13:00:00,,13,5,1,2,2019,47,16,7,29099.0,26877.0,28402.0,27850.832
2019-02-16 14:00:00,,14,5,1,2,2019,47,16,7,30009.0,26136.0,27725.0,28079.908
2019-02-16 15:00:00,,15,5,1,2,2019,47,16,7,30706.0,25616.0,26990.0,28053.998
2019-02-16 16:00:00,,16,5,1,2,2019,47,16,7,31324.0,25549.0,26440.0,28062.484
2019-02-16 17:00:00,,17,5,1,2,2019,47,16,7,32493.0,26048.0,26738.0,29249.074
2019-02-16 18:00:00,,18,5,1,2,2019,47,16,7,34057.0,27355.0,27932.0,30534.354
2019-02-16 19:00:00,,19,5,1,2,2019,47,16,7,34848.0,28994.0,29902.0,31030.996
2019-02-16 20:00:00,,20,5,1,2,2019,47,16,7,34569.0,28795.0,29736.0,31023.924
2019-02-16 21:00:00,,21,5,1,2,2019,47,16,7,33893.0,28237.0,29275.0,30574.26
2019-02-16 22:00:00,,22,5,1,2,2019,47,16,7,32747.0,27274.0,28428.0,29821.248
2019-02-16 23:00:00,,23,5,1,2,2019,47,16,7,31161.0,26034.0,27109.0,27863.787
2019-02-17 00:00:00,,0,6,1,2,2019,48,17,7,29493.0,24577.0,25641.0,26410.094
2019-02-17 01:00:00,,1,6,1,2,2019,48,17,7,28120.0,23280.0,24374.0,24886.35
2019-02-17 02:00:00,,2,6,1,2,2019,48,17,7,27296.0,22486.0,23626.0,24294.594
2019-02-17 03:00:00,,3,6,1,2,2019,48,17,7,26842.0,21965.0,23207.0,23833.227
2019-02-17 04:00:00,,4,6,1,2,2019,48,17,7,26701.0,21755.0,23141.0,23705.95
2019-02-17 05:00:00,,5,6,1,2,2019,48,17,7,26922.0,21853.0,23375.0,24281.105
2019-02-17 06:00:00,,6,6,1,2,2019,48,17,7,27615.0,22328.0,24079.0,24450.914
2019-02-17 07:00:00,,7,6,1,2,2019,48,17,7,28585.0,23196.0,25090.0,25260.328
2019-02-17 08:00:00,,8,6,1,2,2019,48,17,7,29164.0,23903.0,25833.0,26191.207
2019-02-17 09:00:00,,9,6,1,2,2019,48,17,7,29711.0,24906.0,26824.0,27107.75
2019-02-17 10:00:00,,10,6,1,2,2019,48,17,7,29836.0,25418.0,27401.0,27310.725
2019-02-17 11:00:00,,11,6,1,2,2019,48,17,7,29480.0,25206.0,27713.0,26903.412
2019-02-17 12:00:00,,12,6,1,2,2019,48,17,7,28822.0,24990.0,28084.0,26943.488
2019-02-17 13:00:00,,13,6,1,2,2019,48,17,7,28146.0,24756.0,27829.0,26766.465
2019-02-17 14:00:00,,14,6,1,2,2019,48,17,7,27456.0,24111.0,27220.0,26446.25
2019-02-17 15:00:00,,15,6,1,2,2019,48,17,7,26978.0,23850.0,27041.0,26334.139
2019-02-17 16:00:00,,16,6,1,2,2019,48,17,7,26998.0,24057.0,27388.0,26516.146
2019-02-17 17:00:00,,17,6,1,2,2019,48,17,7,27939.0,24815.0,28301.0,27148.562
2019-02-17 18:00:00,,18,6,1,2,2019,48,17,7,29899.0,26207.0,30005.0,28564.426
2019-02-17 19:00:00,,19,6,1,2,2019,48,17,7,32022.0,28185.0,31161.0,30065.213
2019-02-17 20:00:00,,20,6,1,2,2019,48,17,7,32228.0,28143.0,30961.0,30095.31
2019-02-17 21:00:00,,21,6,1,2,2019,48,17,7,31944.0,27570.0,30298.0,29272.36
2019-02-17 22:00:00,,22,6,1,2,2019,48,17,7,31228.0,26521.0,29013.0,28346.566
2019-02-17 23:00:00,,23,6,1,2,2019,48,17,7,29984.0,25254.0,27346.0,27704.744
2019-02-18 00:00:00,,0,0,1,2,2019,49,18,8,28793.0,23926.0,25747.0,26112.367
2019-02-18 01:00:00,,1,0,1,2,2019,49,18,8,27940.0,22787.0,24620.0,24874.73
2019-02-18 02:00:00,,2,0,1,2,2019,49,18,8,27450.0,22217.0,24092.0,24348.848
2019-02-18 03:00:00,,3,0,1,2,2019,49,18,8,27222.0,22008.0,24017.0,24371.79
2019-02-18 04:00:00,,4,0,1,2,2019,49,18,8,27270.0,22163.0,24341.0,24348.848
2019-02-18 05:00:00,,5,0,1,2,2019,49,18,8,27878.0,22948.0,25406.0,25117.727
2019-02-18 06:00:00,,6,0,1,2,2019,49,18,8,29425.0,24660.0,27849.0,26328.168
2019-02-18 07:00:00,,7,0,1,2,2019,49,18,8,31463.0,27004.0,31676.0,28597.156
2019-02-18 08:00:00,,8,0,1,2,2019,49,18,8,32662.0,28298.0,33104.0,30483.102
2019-02-18 09:00:00,,9,0,1,2,2019,49,18,8,33025.0,28573.0,32573.0,30572.066
2019-02-18 10:00:00,,10,0,1,2,2019,49,18,8,32984.0,28542.0,31708.0,30496.523
2019-02-18 11:00:00,,11,0,1,2,2019,49,18,8,33175.0,28484.0,31042.0,30590.121
2019-02-18 12:00:00,,12,0,1,2,2019,49,18,8,33369.0,28123.0,30408.0,30210.22
2019-02-18 13:00:00,,13,0,1,2,2019,49,18,8,33205.0,27702.0,29886.0,30304.623
2019-02-18 14:00:00,,14,0,1,2,2019,49,18,8,33046.0,27452.0,29516.0,30322.855
2019-02-18 15:00:00,,15,0,1,2,2019,49,18,8,32794.0,27297.0,29245.0,30093.992
2019-02-18 16:00:00,,16,0,1,2,2019,49,18,8,32737.0,27369.0,29297.0,30097.078
2019-02-18 17:00:00,,17,0,1,2,2019,49,18,8,33152.0,28129.0,29959.0,30515.832
2019-02-18 18:00:00,,18,0,1,2,2019,49,18,8,34356.0,29731.0,31640.0,31758.39
2019-02-18 19:00:00,,19,0,1,2,2019,49,18,8,34852.0,31717.0,33860.0,32685.871
2019-02-18 20:00:00,,20,0,1,2,2019,49,18,8,34241.0,31755.0,33967.0,32410.273
2019-02-18 21:00:00,,21,0,1,2,2019,49,18,8,33154.0,31130.0,33360.0,31905.016
2019-02-18 22:00:00,,22,0,1,2,2019,49,18,8,31389.0,29757.0,32023.0,30419.9
2019-02-18 23:00:00,,23,0,1,2,2019,49,18,8,29164.0,27922.0,29924.0,28140.4
2019-02-19 00:00:00,,0,1,1,2,2019,50,19,8,27114.0,26218.0,27930.0,26257.871
2019-02-19 01:00:00,,1,1,1,2,2019,50,19,8,25608.0,25041.0,26654.0,24998.758
2019-02-19 02:00:00,,2,1,1,2,2019,50,19,8,24789.0,24584.0,25977.0,24682.125
2019-02-19 03:00:00,,3,1,1,2,2019,50,19,8,24367.0,24617.0,25733.0,24660.605
2019-02-19 04:00:00,,4,1,1,2,2019,50,19,8,24304.0,24823.0,25844.0,24484.484
2019-02-19 05:00:00,,5,1,1,2,2019,50,19,8,24982.0,25849.0,26650.0,25101.16
2019-02-19 06:00:00,,6,1,1,2,2019,50,19,8,26866.0,28206.0,28907.0,26567.914
2019-02-19 07:00:00,,7,1,1,2,2019,50,19,8,29980.0,31681.0,32514.0,29896.309
2019-02-19 08:00:00,,8,1,1,2,2019,50,19,8,31297.0,33054.0,34159.0,30999.469
2019-02-19 09:00:00,,9,1,1,2,2019,50,19,8,31238.0,32524.0,34426.0,31093.32
2019-02-19 10:00:00,,10,1,1,2,2019,50,19,8,30646.0,31619.0,34492.0,30935.5
2019-02-19 11:00:00,,11,1,1,2,2019,50,19,8,30187.0,30948.0,34591.0,30709.5
2019-02-19 12:00:00,,12,1,1,2,2019,50,19,8,29477.0,30460.0,34527.0,30654.607
2019-02-19 13:00:00,,13,1,1,2,2019,50,19,8,28637.0,30037.0,34405.0,30535.51
2019-02-19 14:00:00,,14,1,1,2,2019,50,19,8,28438.0,29721.0,34463.0,30432.719
2019-02-19 15:00:00,,15,1,1,2,2019,50,19,8,28419.0,29487.0,34371.0,30479.156
2019-02-19 16:00:00,,16,1,1,2,2019,50,19,8,28633.0,29674.0,34456.0,30603.145
2019-02-19 17:00:00,,17,1,1,2,2019,50,19,8,29209.0,30522.0,35098.0,31255.281
2019-02-19 18:00:00,,18,1,1,2,2019,50,19,8,30271.0,32176.0,36431.0,32133.758
2019-02-19 19:00:00,,19,1,1,2,2019,50,19,8,31753.0,33739.0,37196.0,32920.477
2019-02-19 20:00:00,,20,1,1,2,2019,50,19,8,31431.0,33466.0,36668.0,32760.46
2019-02-19 21:00:00,,21,1,1,2,2019,50,19,8,30486.0,32635.0,35647.0,32125.902
2019-02-19 22:00:00,,22,1,1,2,2019,50,19,8,28855.0,31007.0,33847.0,30538.63
2019-02-19 23:00:00,,23,1,1,2,2019,50,19,8,26720.0,28891.0,31371.0,28117.611
2019-02-20 00:00:00,,0,2,1,2,2019,51,20,8,24692.0,26903.0,29120.0,26316.246
2019-02-20 01:00:00,,1,2,1,2,2019,51,20,8,23205.0,25338.0,27575.0,24528.098
2019-02-20 02:00:00,,2,2,1,2,2019,51,20,8,22453.0,24614.0,26708.0,23856.781
2019-02-20 03:00:00,,3,2,1,2,2019,51,20,8,22039.0,24303.0,26263.0,23960.54
2019-02-20 04:00:00,,4,2,1,2,2019,51,20,8,21981.0,24292.0,26246.0,23960.54
2019-02-20 05:00:00,,5,2,1,2,2019,51,20,8,22615.0,25012.0,26965.0,24057.215
2019-02-20 06:00:00,,6,2,1,2,2019,51,20,8,24492.0,27058.0,29039.0,26152.637
2019-02-20 07:00:00,,7,2,1,2,2019,51,20,8,27643.0,30370.0,32381.0,28640.434
2019-02-20 08:00:00,,8,2,1,2,2019,51,20,8,29136.0,31819.0,33970.0,30409.08
2019-02-20 09:00:00,,9,2,1,2,2019,51,20,8,29279.0,31827.0,34155.0,30487.61
2019-02-20 10:00:00,,10,2,1,2,2019,51,20,8,29211.0,31374.0,34071.0,30287.02
2019-02-20 11:00:00,,11,2,1,2,2019,51,20,8,28750.0,30972.0,34040.0,30230.55
2019-02-20 12:00:00,,12,2,1,2,2019,51,20,8,28595.0,30159.0,33815.0,29988.021
2019-02-20 13:00:00,,13,2,1,2,2019,51,20,8,28648.0,29441.0,33398.0,29953.736
2019-02-20 14:00:00,,14,2,1,2,2019,51,20,8,28904.0,29006.0,33129.0,29896.105
2019-02-20 15:00:00,,15,2,1,2,2019,51,20,8,29116.0,28573.0,32746.0,29479.926
2019-02-20 16:00:00,,16,2,1,2,2019,51,20,8,29408.0,28488.0,32617.0,29532.648
2019-02-20 17:00:00,,17,2,1,2,2019,51,20,8,30091.0,29062.0,33153.0,30529.078
2019-02-20 18:00:00,,18,2,1,2,2019,51,20,8,31019.0,30339.0,34101.0,31095.129
2019-02-20 19:00:00,,19,2,1,2,2019,51,20,8,32214.0,31923.0,34281.0,31769.543
2019-02-20 20:00:00,,20,2,1,2,2019,51,20,8,31775.0,31753.0,33400.0,31377.422
2019-02-20 21:00:00,,21,2,1,2,2019,51,20,8,30755.0,30964.0,32219.0,30731.902
2019-02-20 22:00:00,,22,2,1,2,2019,51,20,8,29000.0,29491.0,30360.0,28790.19
2019-02-20 23:00:00,,23,2,1,2,2019,51,20,8,26719.0,27429.0,27938.0,27038.834
2019-02-21 00:00:00,,0,3,1,2,2019,52,21,8,24617.0,25472.0,25699.0,25272.824
2019-02-21 01:00:00,,1,3,1,2,2019,52,21,8,23120.0,24097.0,24155.0,23624.332
2019-02-21 02:00:00,,2,3,1,2,2019,52,21,8,22241.0,23429.0,23331.0,22525.75
2019-02-21 03:00:00,,3,3,1,2,2019,52,21,8,21697.0,23071.0,22990.0,22454.285
2019-02-21 04:00:00,,4,3,1,2,2019,52,21,8,21639.0,23090.0,22953.0,22415.93
2019-02-21 05:00:00,,5,3,1,2,2019,52,21,8,22244.0,23817.0,23655.0,23054.258
2019-02-21 06:00:00,,6,3,1,2,2019,52,21,8,24077.0,25818.0,25829.0,25017.266
2019-02-21 07:00:00,,7,3,1,2,2019,52,21,8,27415.0,29040.0,29341.0,27435.512
2019-02-21 08:00:00,,8,3,1,2,2019,52,21,8,29337.0,30437.0,31083.0,29235.186
2019-02-21 09:00:00,,9,3,1,2,2019,52,21,8,30019.0,30247.0,31509.0,29844.758
2019-02-21 10:00:00,,10,3,1,2,2019,52,21,8,30465.0,29778.0,31665.0,29772.555
2019-02-21 11:00:00,,11,3,1,2,2019,52,21,8,30836.0,29400.0,31746.0,29965.664
2019-02-21 12:00:00,,12,3,1,2,2019,52,21,8,31009.0,28855.0,31940.0,29966.229
2019-02-21 13:00:00,,13,3,1,2,2019,52,21,8,31060.0,28289.0,32103.0,29959.701
2019-02-21 14:00:00,,14,3,1,2,2019,52,21,8,31183.0,28201.0,32482.0,30175.637
2019-02-21 15:00:00,,15,3,1,2,2019,52,21,8,31287.0,28138.0,32687.0,30204.102
2019-02-21 16:00:00,,16,3,1,2,2019,52,21,8,31627.0,28273.0,32913.0,30451.312
2019-02-21 17:00:00,,17,3,1,2,2019,52,21,8,32431.0,28688.0,33480.0,31408.941
2019-02-21 18:00:00,,18,3,1,2,2019,52,21,8,33546.0,29620.0,34813.0,32036.924
2019-02-21 19:00:00,,19,3,1,2,2019,52,21,8,34250.0,31096.0,36230.0,32710.912
2019-02-21 20:00:00,,20,3,1,2,2019,52,21,8,33950.0,30748.0,35993.0,32545.553
2019-02-21 21:00:00,,21,3,1,2,2019,52,21,8,33169.0,29868.0,35273.0,32258.234
2019-02-21 22:00:00,,22,3,1,2,2019,52,21,8,31733.0,28324.0,33763.0,30392.963
2019-02-21 23:00:00,,23,3,1,2,2019,52,21,8,29669.0,26126.0,31574.0,28751.408
2019-02-22 00:00:00,,0,4,1,2,2019,53,22,8,27776.0,24116.0,29551.0,26170.625
2019-02-22 01:00:00,,1,4,1,2,2019,53,22,8,26418.0,22544.0,28119.0,25179.46
2019-02-22 02:00:00,,2,4,1,2,2019,53,22,8,25598.0,21750.0,27440.0,24367.953
2019-02-22 03:00:00,,3,4,1,2,2019,53,22,8,25298.0,21319.0,27326.0,24367.953
2019-02-22 04:00:00,,4,4,1,2,2019,53,22,8,25397.0,21326.0,27616.0,24360.488
2019-02-22 05:00:00,,5,4,1,2,2019,53,22,8,26050.0,21860.0,28555.0,25033.164
2019-02-22 06:00:00,,6,4,1,2,2019,53,22,8,28158.0,23748.0,30774.0,26546.684
2019-02-22 07:00:00,,7,4,1,2,2019,53,22,8,31374.0,26841.0,34250.0,29128.375
2019-02-22 08:00:00,,8,4,1,2,2019,53,22,8,33114.0,28155.0,35535.0,31113.45
2019-02-22 09:00:00,,9,4,1,2,2019,53,22,8,33576.0,28158.0,35222.0,31482.576
2019-02-22 10:00:00,,10,4,1,2,2019,53,22,8,33713.0,28055.0,34772.0,31401.723
2019-02-22 11:00:00,,11,4,1,2,2019,53,22,8,33763.0,28128.0,34363.0,31454.734
2019-02-22 12:00:00,,12,4,1,2,2019,53,22,8,33514.0,28233.0,33972.0,31102.242
2019-02-22 13:00:00,,13,4,1,2,2019,53,22,8,33185.0,28184.0,33357.0,31259.174
2019-02-22 14:00:00,,14,4,1,2,2019,53,22,8,32939.0,28303.0,32780.0,31007.5
2019-02-22 15:00:00,,15,4,1,2,2019,53,22,8,32615.0,28252.0,32241.0,30886.7
2019-02-22 16:00:00,,16,4,1,2,2019,53,22,8,32566.0,28182.0,32194.0,30859.703
2019-02-22 17:00:00,,17,4,1,2,2019,53,22,8,32925.0,28339.0,32933.0,31262.766
2019-02-22 18:00:00,,18,4,1,2,2019,53,22,8,33719.0,28827.0,34539.0,32068.598
2019-02-22 19:00:00,,19,4,1,2,2019,53,22,8,34011.0,29915.0,36550.0,32731.943
2019-02-22 20:00:00,,20,4,1,2,2019,53,22,8,33243.0,29387.0,36388.0,32476.723
2019-02-22 21:00:00,,21,4,1,2,2019,53,22,8,32300.0,28467.0,35845.0,31831.191
2019-02-22 22:00:00,,22,4,1,2,2019,53,22,8,30997.0,27137.0,34716.0,30148.068
2019-02-22 23:00:00,,23,4,1,2,2019,53,22,8,29215.0,25456.0,33035.0,28489.848
2019-02-23 00:00:00,,0,5,1,2,2019,54,23,8,27316.0,23669.0,31333.0,26396.64
2019-02-23 01:00:00,,1,5,1,2,2019,54,23,8,25835.0,22097.0,29909.0,25455.768
2019-02-23 02:00:00,,2,5,1,2,2019,54,23,8,24885.0,21193.0,29168.0,25102.969
2019-02-23 03:00:00,,3,5,1,2,2019,54,23,8,24302.0,20653.0,28830.0,24918.836
2019-02-23 04:00:00,,4,5,1,2,2019,54,23,8,24036.0,20380.0,28779.0,24830.254
2019-02-23 05:00:00,,5,5,1,2,2019,54,23,8,24160.0,20473.0,29152.0,24946.455
2019-02-23 06:00:00,,6,5,1,2,2019,54,23,8,24791.0,21068.0,30099.0,25206.482
2019-02-23 07:00:00,,7,5,1,2,2019,54,23,8,25854.0,21988.0,31382.0,25698.219
2019-02-23 08:00:00,,8,5,1,2,2019,54,23,8,26736.0,22957.0,32172.0,26162.158
2019-02-23 09:00:00,,9,5,1,2,2019,54,23,8,27818.0,24336.0,32460.0,27024.328
2019-02-23 10:00:00,,10,5,1,2,2019,54,23,8,28413.0,25175.0,32016.0,27430.12
2019-02-23 11:00:00,,11,5,1,2,2019,54,23,8,28970.0,25636.0,31359.0,27845.771
2019-02-23 12:00:00,,12,5,1,2,2019,54,23,8,29089.0,25762.0,30529.0,27599.328
2019-02-23 13:00:00,,13,5,1,2,2019,54,23,8,28897.0,25695.0,29713.0,27536.98
2019-02-23 14:00:00,,14,5,1,2,2019,54,23,8,28745.0,25561.0,28875.0,27444.414
2019-02-23 15:00:00,,15,5,1,2,2019,54,23,8,28482.0,25439.0,28296.0,27315.967
2019-02-23 16:00:00,,16,5,1,2,2019,54,23,8,28486.0,25557.0,28157.0,27352.102
2019-02-23 17:00:00,,17,5,1,2,2019,54,23,8,28921.0,26103.0,28811.0,27699.418
2019-02-23 18:00:00,,18,5,1,2,2019,54,23,8,29755.0,27032.0,30267.0,28764.604
2019-02-23 19:00:00,,19,5,1,2,2019,54,23,8,30427.0,27782.0,32503.0,29670.344
2019-02-23 20:00:00,,20,5,1,2,2019,54,23,8,29990.0,27488.0,32685.0,29515.549
2019-02-23 21:00:00,,21,5,1,2,2019,54,23,8,29378.0,26973.0,32355.0,28960.986
2019-02-23 22:00:00,,22,5,1,2,2019,54,23,8,28467.0,26170.0,31604.0,28155.793
2019-02-23 23:00:00,,23,5,1,2,2019,54,23,8,27135.0,25080.0,30296.0,27000.07
2019-02-24 00:00:00,,0,6,1,2,2019,55,24,8,25760.0,23913.0,28857.0,25637.94
2019-02-24 01:00:00,,1,6,1,2,2019,55,24,8,24539.0,22870.0,27585.0,24514.404
2019-02-24 02:00:00,,2,6,1,2,2019,55,24,8,23816.0,22419.0,26868.0,23825.855
2019-02-24 03:00:00,,3,6,1,2,2019,55,24,8,23360.0,22215.0,26487.0,23712.734
2019-02-24 04:00:00,,4,6,1,2,2019,55,24,8,23190.0,22352.0,26392.0,23704.545
2019-02-24 05:00:00,,5,6,1,2,2019,55,24,8,23345.0,22756.0,26602.0,23703.459
2019-02-24 06:00:00,,6,6,1,2,2019,55,24,8,23855.0,23586.0,27223.0,24096.12
2019-02-24 07:00:00,,7,6,1,2,2019,55,24,8,24810.0,24800.0,27991.0,25321.771
2019-02-24 08:00:00,,8,6,1,2,2019,55,24,8,25725.0,25982.0,28347.0,26192.361
2019-02-24 09:00:00,,9,6,1,2,2019,55,24,8,27102.0,27279.0,28365.0,26926.908
2019-02-24 10:00:00,,10,6,1,2,2019,55,24,8,28189.0,27896.0,27942.0,27136.875
2019-02-24 11:00:00,,11,6,1,2,2019,55,24,8,28796.0,27870.0,27339.0,27307.238
2019-02-24 12:00:00,,12,6,1,2,2019,55,24,8,28957.0,27570.0,26704.0,27233.19
2019-02-24 13:00:00,,13,6,1,2,2019,55,24,8,28934.0,27020.0,26099.0,27370.582
2019-02-24 14:00:00,,14,6,1,2,2019,55,24,8,28739.0,26605.0,25507.0,27332.824
2019-02-24 15:00:00,,15,6,1,2,2019,55,24,8,28462.0,26359.0,25106.0,27038.941
2019-02-24 16:00:00,,16,6,1,2,2019,55,24,8,28436.0,26576.0,25148.0,27042.025
2019-02-24 17:00:00,,17,6,1,2,2019,55,24,8,28962.0,27546.0,25882.0,27619.936
2019-02-24 18:00:00,,18,6,1,2,2019,55,24,8,30122.0,29409.0,27354.0,28708.479
2019-02-24 19:00:00,,19,6,1,2,2019,55,24,8,31237.0,31836.0,29792.0,30224.373
2019-02-24 20:00:00,,20,6,1,2,2019,55,24,8,31022.0,32294.0,30141.0,30364.6
2019-02-24 21:00:00,,21,6,1,2,2019,55,24,8,30320.0,31895.0,29628.0,29983.117
2019-02-24 22:00:00,,22,6,1,2,2019,55,24,8,28989.0,30865.0,28397.0,28694.986
2019-02-24 23:00:00,,23,6,1,2,2019,55,24,8,27238.0,29343.0,26704.0,27500.758
2019-02-25 00:00:00,,0,0,1,2,2019,56,25,9,25560.0,27855.0,25089.0,26024.074
2019-02-25 01:00:00,,1,0,1,2,2019,56,25,9,24391.0,26821.0,23940.0,25109.668
2019-02-25 02:00:00,,2,0,1,2,2019,56,25,9,23792.0,26360.0,23275.0,24044.555
2019-02-25 03:00:00,,3,0,1,2,2019,56,25,9,23555.0,26318.0,23057.0,23847.898
2019-02-25 04:00:00,,4,0,1,2,2019,56,25,9,23616.0,26603.0,23208.0,24010.723
2019-02-25 05:00:00,,5,0,1,2,2019,56,25,9,24485.0,27604.0,24087.0,25017.8
2019-02-25 06:00:00,,6,0,1,2,2019,56,25,9,26618.0,29960.0,26346.0,26498.055
2019-02-25 07:00:00,,7,0,1,2,2019,56,25,9,29935.0,33360.0,29687.0,29512.807
2019-02-25 08:00:00,,8,0,1,2,2019,56,25,9,31573.0,34445.0,31086.0,30711.668
2019-02-25 09:00:00,,9,0,1,2,2019,56,25,9,31916.0,33730.0,31388.0,30975.75
2019-02-25 10:00:00,,10,0,1,2,2019,56,25,9,31992.0,32532.0,31548.0,30985.29
2019-02-25 11:00:00,,11,0,1,2,2019,56,25,9,31780.0,31627.0,31544.0,30839.05
2019-02-25 12:00:00,,12,0,1,2,2019,56,25,9,31308.0,30702.0,31012.0,30431.35
2019-02-25 13:00:00,,13,0,1,2,2019,56,25,9,30737.0,30118.0,29933.0,29729.06
2019-02-25 14:00:00,,14,0,1,2,2019,56,25,9,30230.0,30286.0,29467.0,29586.723
2019-02-25 15:00:00,,15,0,1,2,2019,56,25,9,30004.0,30427.0,29023.0,29549.008
2019-02-25 16:00:00,,16,0,1,2,2019,56,25,9,30041.0,30542.0,28828.0,29559.742
2019-02-25 17:00:00,,17,0,1,2,2019,56,25,9,30621.0,31089.0,29300.0,29772.293
2019-02-25 18:00:00,,18,0,1,2,2019,56,25,9,31750.0,32302.0,30544.0,30925.844
2019-02-25 19:00:00,,19,0,1,2,2019,56,25,9,33431.0,33748.0,32661.0,32348.928
2019-02-25 20:00:00,,20,0,1,2,2019,56,25,9,33579.0,33436.0,32851.0,32423.463
2019-02-25 21:00:00,,21,0,1,2,2019,56,25,9,33084.0,32516.0,32183.0,32013.363
2019-02-25 22:00:00,,22,0,1,2,2019,56,25,9,31871.0,30957.0,30654.0,30266.693
2019-02-25 23:00:00,,23,0,1,2,2019,56,25,9,29895.0,28715.0,28527.0,28692.924
2019-02-26 00:00:00,,0,1,1,2,2019,57,26,9,28183.0,26698.0,26545.0,26371.133
2019-02-26 01:00:00,,1,1,1,2,2019,57,26,9,27004.0,25417.0,25207.0,25390.906
2019-02-26 02:00:00,,2,1,1,2,2019,57,26,9,26498.0,24450.0,24624.0,24405.754
2019-02-26 03:00:00,,3,1,1,2,2019,57,26,9,26419.0,24091.0,24398.0,24370.387
2019-02-26 04:00:00,,4,1,1,2,2019,57,26,9,26677.0,24116.0,24605.0,24489.27
2019-02-26 05:00:00,,5,1,1,2,2019,57,26,9,27717.0,24921.0,25581.0,25539.367
2019-02-26 06:00:00,,6,1,1,2,2019,57,26,9,30110.0,27031.0,27949.0,26827.281
2019-02-26 07:00:00,,7,1,1,2,2019,57,26,9,33527.0,30299.0,31495.0,30015.246
2019-02-26 08:00:00,,8,1,1,2,2019,57,26,9,34325.0,31438.0,32548.0,31181.059
2019-02-26 09:00:00,,9,1,1,2,2019,57,26,9,32740.0,30479.0,31612.0,30585.586
2019-02-26 10:00:00,,10,1,1,2,2019,57,26,9,31014.0,29403.0,30663.0,29416.164
2019-02-26 11:00:00,,11,1,1,2,2019,57,26,9,29935.0,28837.0,29963.0,28874.684
2019-02-26 12:00:00,,12,1,1,2,2019,57,26,9,29157.0,28522.0,29363.0,28025.67
2019-02-26 13:00:00,,13,1,1,2,2019,57,26,9,28539.0,28332.0,28875.0,28079.045
2019-02-26 14:00:00,,14,1,1,2,2019,57,26,9,28239.0,28440.0,28571.0,28072.512
2019-02-26 15:00:00,,15,1,1,2,2019,57,26,9,27999.0,28613.0,28369.0,28118.953
2019-02-26 16:00:00,,16,1,1,2,2019,57,26,9,28166.0,28726.0,28505.0,28327.855
2019-02-26 17:00:00,,17,1,1,2,2019,57,26,9,28897.0,29396.0,29268.0,28658.582
2019-02-26 18:00:00,,18,1,1,2,2019,57,26,9,30354.0,30746.0,30624.0,30082.23
2019-02-26 19:00:00,,19,1,1,2,2019,57,26,9,32394.0,31779.0,32578.0,31773.27
2019-02-26 20:00:00,,20,1,1,2,2019,57,26,9,32650.0,31411.0,32570.0,31616.727
2019-02-26 21:00:00,,21,1,1,2,2019,57,26,9,32172.0,30504.0,31735.0,30993.742
2019-02-26 22:00:00,,22,1,1,2,2019,57,26,9,30949.0,28792.0,30088.0,29390.166
2019-02-26 23:00:00,,23,1,1,2,2019,57,26,9,28992.0,26708.0,27836.0,27351.182
2019-02-27 00:00:00,,0,2,1,2,2019,58,27,9,27301.0,24597.0,25637.0,25638.203
2019-02-27 01:00:00,,1,2,1,2,2019,58,27,9,26102.0,23159.0,24052.0,24111.527
2019-02-27 02:00:00,,2,2,1,2,2019,58,27,9,25488.0,22324.0,23231.0,23376.406
2019-02-27 03:00:00,,3,2,1,2,2019,58,27,9,25289.0,21903.0,22838.0,23289.527
2019-02-27 04:00:00,,4,2,1,2,2019,58,27,9,25405.0,21851.0,22868.0,23243.82
2019-02-27 05:00:00,,5,2,1,2,2019,58,27,9,26246.0,22443.0,23512.0,23821.7
2019-02-27 06:00:00,,6,2,1,2,2019,58,27,9,28414.0,24432.0,25842.0,25865.066
2019-02-27 07:00:00,,7,2,1,2,2019,58,27,9,31657.0,27665.0,29545.0,27886.715
2019-02-27 08:00:00,,8,2,1,2,2019,58,27,9,32821.0,29226.0,31354.0,30249.086
2019-02-27 09:00:00,,9,2,1,2,2019,58,27,9,32155.0,29552.0,31648.0,30175.883
2019-02-27 10:00:00,,10,2,1,2,2019,58,27,9,30899.0,29748.0,31651.0,29927.062
2019-02-27 11:00:00,,11,2,1,2,2019,58,27,9,29765.0,30026.0,31537.0,29835.3
2019-02-27 12:00:00,,12,2,1,2,2019,58,27,9,28986.0,29769.0,31289.0,29210.229
2019-02-27 13:00:00,,13,2,1,2,2019,58,27,9,28389.0,29294.0,30981.0,29121.28
2019-02-27 14:00:00,,14,2,1,2,2019,58,27,9,28190.0,29359.0,30885.0,29124.156
2019-02-27 15:00:00,,15,2,1,2,2019,58,27,9,28063.0,29221.0,30762.0,29159.855
2019-02-27 16:00:00,,16,2,1,2,2019,58,27,9,28387.0,29344.0,31022.0,29252.707
2019-02-27 17:00:00,,17,2,1,2,2019,58,27,9,29043.0,29604.0,32001.0,29716.766
2019-02-27 18:00:00,,18,2,1,2,2019,58,27,9,30214.0,30485.0,33905.0,30894.781
2019-02-27 19:00:00,,19,2,1,2,2019,58,27,9,31800.0,31556.0,36323.0,32034.465
2019-02-27 20:00:00,,20,2,1,2,2019,58,27,9,31683.0,31119.0,36676.0,31705.031
2019-02-27 21:00:00,,21,2,1,2,2019,58,27,9,30861.0,30199.0,36169.0,31498.207
2019-02-27 22:00:00,,22,2,1,2,2019,58,27,9,29480.0,28547.0,34869.0,30338.303
2019-02-27 23:00:00,,23,2,1,2,2019,58,27,9,27326.0,26356.0,32654.0,27915.545
2019-02-28 00:00:00,,0,3,1,2,2019,59,28,9,25496.0,24269.0,30665.0,25713.246
2019-02-28 01:00:00,,1,3,1,2,2019,59,28,9,24163.0,22830.0,29431.0,25108.441
2019-02-28 02:00:00,,2,3,1,2,2019,59,28,9,23535.0,22134.0,28796.0,24628.082
2019-02-28 03:00:00,,3,3,1,2,2019,59,28,9,23274.0,21904.0,28642.0,24529.914
2019-02-28 04:00:00,,4,3,1,2,2019,59,28,9,23376.0,21995.0,28951.0,24534.64
2019-02-28 05:00:00,,5,3,1,2,2019,59,28,9,24134.0,22848.0,29943.0,24966.543
2019-02-28 06:00:00,,6,3,1,2,2019,59,28,9,26292.0,25144.0,32505.0,26259.098
2019-02-28 07:00:00,,7,3,1,2,2019,59,28,9,29531.0,28714.0,35895.0,30244.828
2019-02-28 08:00:00,,8,3,1,2,2019,59,28,9,30904.0,30288.0,36739.0,30902.107
2019-02-28 09:00:00,,9,3,1,2,2019,59,28,9,30836.0,30103.0,35623.0,30841.672
2019-02-28 10:00:00,,10,3,1,2,2019,59,28,9,30637.0,29669.0,34621.0,30419.184
2019-02-28 11:00:00,,11,3,1,2,2019,59,28,9,30377.0,29570.0,33967.0,30243.402
2019-02-28 12:00:00,,12,3,1,2,2019,59,28,9,30154.0,29414.0,33120.0,30136.49
2019-02-28 13:00:00,,13,3,1,2,2019,59,28,9,29736.0,29124.0,32480.0,30125.123
2019-02-28 14:00:00,,14,3,1,2,2019,59,28,9,29776.0,29012.0,32264.0,30192.926
2019-02-28 15:00:00,,15,3,1,2,2019,59,28,9,29875.0,28897.0,32039.0,30098.047
2019-02-28 16:00:00,,16,3,1,2,2019,59,28,9,29994.0,29000.0,32537.0,30235.16
2019-02-28 17:00:00,,17,3,1,2,2019,59,28,9,30752.0,29895.0,33651.0,30700.262
2019-02-28 18:00:00,,18,3,1,2,2019,59,28,9,31912.0,31507.0,35265.0,31779.703
2019-02-28 19:00:00,,19,3,1,2,2019,59,28,9,32630.0,33637.0,36828.0,33420.89
2019-02-28 20:00:00,,20,3,1,2,2019,59,28,9,32241.0,33841.0,36680.0,33163.81
2019-02-28 21:00:00,,21,3,1,2,2019,59,28,9,31536.0,33297.0,36028.0,32510.418
2019-02-28 22:00:00,,22,3,1,2,2019,59,28,9,30082.0,32212.0,34478.0,31304.346
2019-02-28 23:00:00,,23,3,1,2,2019,59,28,9,28042.0,30114.0,32331.0,29337.514
2019-03-01 00:00:00,,0,4,1,3,2019,60,1,9,26148.0,28232.0,30317.0,26710.879
2019-03-01 01:00:00,,1,4,1,3,2019,60,1,9,24846.0,27077.0,28948.0,26179.0
2019-03-01 02:00:00,,2,4,1,3,2019,60,1,9,24295.0,26429.0,28374.0,25768.926
2019-03-01 03:00:00,,3,4,1,3,2019,60,1,9,24123.0,26346.0,28132.0,25753.934
2019-03-01 04:00:00,,4,4,1,3,2019,60,1,9,24378.0,26546.0,28251.0,25903.918
2019-03-01 05:00:00,,5,4,1,3,2019,60,1,9,25262.0,27498.0,29115.0,26125.895
2019-03-01 06:00:00,,6,4,1,3,2019,60,1,9,27389.0,29851.0,31280.0,27628.203
2019-03-01 07:00:00,,7,4,1,3,2019,60,1,9,30603.0,33112.0,34578.0,30847.623
2019-03-01 08:00:00,,8,4,1,3,2019,60,1,9,32597.0,34138.0,36173.0,32722.123
2019-03-01 09:00:00,,9,4,1,3,2019,60,1,9,33689.0,33429.0,36505.0,32929.58
2019-03-01 10:00:00,,10,4,1,3,2019,60,1,9,34080.0,32703.0,36415.0,33026.2
2019-03-01 11:00:00,,11,4,1,3,2019,60,1,9,34282.0,32345.0,36156.0,32920.215
2019-03-01 12:00:00,,12,4,1,3,2019,60,1,9,34149.0,32147.0,35475.0,32640.773
2019-03-01 13:00:00,,13,4,1,3,2019,60,1,9,33964.0,32054.0,34863.0,32483.768
2019-03-01 14:00:00,,14,4,1,3,2019,60,1,9,33887.0,31929.0,34412.0,32444.094
2019-03-01 15:00:00,,15,4,1,3,2019,60,1,9,33415.0,31844.0,33922.0,32121.389
2019-03-01 16:00:00,,16,4,1,3,2019,60,1,9,32973.0,31918.0,33686.0,32065.371
2019-03-01 17:00:00,,17,4,1,3,2019,60,1,9,33000.0,32593.0,33949.0,32206.469
2019-03-01 18:00:00,,18,4,1,3,2019,60,1,9,33759.0,34135.0,34859.0,33040.62
2019-03-01 19:00:00,,19,4,1,3,2019,60,1,9,34516.0,35974.0,36067.0,34346.13
2019-03-01 20:00:00,,20,4,1,3,2019,60,1,9,34045.0,35968.0,35670.0,34013.754
2019-03-01 21:00:00,,21,4,1,3,2019,60,1,9,33138.0,35444.0,34898.0,33125.13
2019-03-01 22:00:00,,22,4,1,3,2019,60,1,9,31871.0,34534.0,33618.0,31503.959
2019-03-01 23:00:00,,23,4,1,3,2019,60,1,9,30185.0,32938.0,31861.0,30754.19
2019-03-02 00:00:00,,0,5,1,3,2019,61,2,9,28531.0,31324.0,30019.0,28336.72
2019-03-02 01:00:00,,1,5,1,3,2019,61,2,9,27251.0,30129.0,28709.0,27376.152
2019-03-02 02:00:00,,2,5,1,3,2019,61,2,9,26545.0,29512.0,28025.0,26474.846
2019-03-02 03:00:00,,3,5,1,3,2019,61,2,9,26220.0,29321.0,27785.0,26386.982
2019-03-02 04:00:00,,4,5,1,3,2019,61,2,9,26067.0,29363.0,27767.0,26386.982
2019-03-02 05:00:00,,5,5,1,3,2019,61,2,9,26359.0,29750.0,28084.0,26474.846
2019-03-02 06:00:00,,6,5,1,3,2019,61,2,9,27082.0,30807.0,29034.0,27252.64
2019-03-02 07:00:00,,7,5,1,3,2019,61,2,9,28137.0,32025.0,30218.0,28375.574
2019-03-02 08:00:00,,8,5,1,3,2019,61,2,9,28985.0,32691.0,31011.0,29506.467
2019-03-02 09:00:00,,9,5,1,3,2019,61,2,9,29713.0,32699.0,31623.0,30206.719
2019-03-02 10:00:00,,10,5,1,3,2019,61,2,9,29626.0,32819.0,31636.0,30125.178
2019-03-02 11:00:00,,11,5,1,3,2019,61,2,9,29142.0,32756.0,31337.0,29866.36
2019-03-02 12:00:00,,12,5,1,3,2019,61,2,9,28414.0,32213.0,30827.0,29629.377
2019-03-02 13:00:00,,13,5,1,3,2019,61,2,9,27819.0,31458.0,30159.0,28794.207
2019-03-02 14:00:00,,14,5,1,3,2019,61,2,9,27251.0,30654.0,29374.0,28435.213
2019-03-02 15:00:00,,15,5,1,3,2019,61,2,9,27038.0,30185.0,28946.0,28403.113
2019-03-02 16:00:00,,16,5,1,3,2019,61,2,9,27367.0,30110.0,28973.0,28419.146
2019-03-02 17:00:00,,17,5,1,3,2019,61,2,9,28181.0,30820.0,29511.0,28716.63
2019-03-02 18:00:00,,18,5,1,3,2019,61,2,9,29487.0,32445.0,30706.0,30269.127
2019-03-02 19:00:00,,19,5,1,3,2019,61,2,9,31256.0,34902.0,32595.0,31327.629
2019-03-02 20:00:00,,20,5,1,3,2019,61,2,9,31446.0,35300.0,32722.0,31510.354
2019-03-02 21:00:00,,21,5,1,3,2019,61,2,9,31119.0,35111.0,32355.0,31484.686
2019-03-02 22:00:00,,22,5,1,3,2019,61,2,9,30366.0,34440.0,31583.0,31020.322
2019-03-02 23:00:00,,23,5,1,3,2019,61,2,9,29081.0,33374.0,30246.0,29857.5
2019-03-03 00:00:00,,0,6,1,3,2019,62,3,9,27651.0,32250.0,28767.0,28132.85
2019-03-03 01:00:00,,1,6,1,3,2019,62,3,9,26464.0,31300.0,27457.0,26626.096
2019-03-03 02:00:00,,2,6,1,3,2019,62,3,9,25676.0,30900.0,26728.0,26109.076
2019-03-03 03:00:00,,3,6,1,3,2019,62,3,9,25238.0,30822.0,26369.0,26031.602
2019-03-03 04:00:00,,4,6,1,3,2019,62,3,9,25082.0,31022.0,26192.0,26135.752
2019-03-03 05:00:00,,5,6,1,3,2019,62,3,9,25257.0,31535.0,26395.0,26219.807
2019-03-03 06:00:00,,6,6,1,3,2019,62,3,9,25866.0,32450.0,26976.0,26595.098
2019-03-03 07:00:00,,7,6,1,3,2019,62,3,9,26740.0,33409.0,27804.0,28042.371
2019-03-03 08:00:00,,8,6,1,3,2019,62,3,9,27486.0,33736.0,28562.0,29024.8
2019-03-03 09:00:00,,9,6,1,3,2019,62,3,9,28302.0,33472.0,29611.0,29235.6
2019-03-03 10:00:00,,10,6,1,3,2019,62,3,9,28613.0,32852.0,30050.0,29060.232
2019-03-03 11:00:00,,11,6,1,3,2019,62,3,9,28343.0,32055.0,29764.0,28867.814
2019-03-03 12:00:00,,12,6,1,3,2019,62,3,9,27692.0,31204.0,29152.0,28327.629
2019-03-03 13:00:00,,13,6,1,3,2019,62,3,9,27200.0,30330.0,28538.0,28242.205
2019-03-03 14:00:00,,14,6,1,3,2019,62,3,9,26728.0,29479.0,28040.0,27679.441
2019-03-03 15:00:00,,15,6,1,3,2019,62,3,9,26338.0,28938.0,27530.0,27432.94
2019-03-03 16:00:00,,16,6,1,3,2019,62,3,9,26465.0,28933.0,27399.0,27436.023
2019-03-03 17:00:00,,17,6,1,3,2019,62,3,9,27499.0,29736.0,27985.0,28038.959
2019-03-03 18:00:00,,18,6,1,3,2019,62,3,9,29434.0,31546.0,29490.0,29338.8
2019-03-03 19:00:00,,19,6,1,3,2019,62,3,9,31993.0,34307.0,32086.0,31629.69
2019-03-03 20:00:00,,20,6,1,3,2019,62,3,9,32652.0,35072.0,32764.0,32056.902
2019-03-03 21:00:00,,21,6,1,3,2019,62,3,9,32447.0,34823.0,32511.0,31893.81
2019-03-03 22:00:00,,22,6,1,3,2019,62,3,9,31549.0,33819.0,31445.0,31255.844
2019-03-03 23:00:00,,23,6,1,3,2019,62,3,9,30099.0,32059.0,29866.0,29861.473
2019-03-04 00:00:00,,0,0,1,3,2019,63,4,10,28766.0,30628.0,28355.0,27806.107
2019-03-04 01:00:00,,1,0,1,3,2019,63,4,10,27780.0,29727.0,27225.0,26769.576
2019-03-04 02:00:00,,2,0,1,3,2019,63,4,10,27389.0,29239.0,26815.0,26458.746
2019-03-04 03:00:00,,3,0,1,3,2019,63,4,10,27393.0,29212.0,26731.0,26458.746
2019-03-04 04:00:00,,4,0,1,3,2019,63,4,10,27685.0,29446.0,27035.0,26605.596
2019-03-04 05:00:00,,5,0,1,3,2019,63,4,10,28744.0,30398.0,27934.0,27258.217
2019-03-04 06:00:00,,6,0,1,3,2019,63,4,10,31091.0,32521.0,30281.0,28786.94
2019-03-04 07:00:00,,7,0,1,3,2019,63,4,10,34344.0,35690.0,33626.0,32156.29
2019-03-04 08:00:00,,8,0,1,3,2019,63,4,10,35073.0,36408.0,34436.0,33202.66
2019-03-04 09:00:00,,9,0,1,3,2019,63,4,10,33912.0,35030.0,33092.0,32000.516
2019-03-04 10:00:00,,10,0,1,3,2019,63,4,10,32719.0,33532.0,31867.0,31586.469
2019-03-04 11:00:00,,11,0,1,3,2019,63,4,10,32141.0,32468.0,31039.0,31110.246
2019-03-04 12:00:00,,12,0,1,3,2019,63,4,10,31578.0,31601.0,30290.0,30187.896
2019-03-04 13:00:00,,13,0,1,3,2019,63,4,10,31130.0,30896.0,29609.0,29790.63
2019-03-04 14:00:00,,14,0,1,3,2019,63,4,10,30820.0,30439.0,29123.0,29624.113
2019-03-04 15:00:00,,15,0,1,3,2019,63,4,10,30473.0,30125.0,28749.0,29595.742
2019-03-04 16:00:00,,16,0,1,3,2019,63,4,10,30511.0,30308.0,28625.0,29584.594
2019-03-04 17:00:00,,17,0,1,3,2019,63,4,10,31227.0,31242.0,29069.0,30057.54
2019-03-04 18:00:00,,18,0,1,3,2019,63,4,10,32710.0,32733.0,30026.0,31406.012
2019-03-04 19:00:00,,19,0,1,3,2019,63,4,10,34868.0,34453.0,32077.0,32769.656
2019-03-04 20:00:00,,20,0,1,3,2019,63,4,10,35208.0,34236.0,32285.0,33072.06
2019-03-04 21:00:00,,21,0,1,3,2019,63,4,10,34653.0,33325.0,31421.0,32614.156
2019-03-04 22:00:00,,22,0,1,3,2019,63,4,10,33313.0,31555.0,29697.0,31033.275
2019-03-04 23:00:00,,23,0,1,3,2019,63,4,10,31307.0,29232.0,27428.0,28607.87
2019-03-05 00:00:00,,0,1,1,3,2019,64,5,10,29547.0,27191.0,25378.0,26772.629
2019-03-05 01:00:00,,1,1,1,3,2019,64,5,10,28375.0,25792.0,23950.0,25618.75
2019-03-05 02:00:00,,2,1,1,3,2019,64,5,10,28001.0,24983.0,23228.0,24887.602
2019-03-05 03:00:00,,3,1,1,3,2019,64,5,10,27916.0,24684.0,22950.0,24746.316
2019-03-05 04:00:00,,4,1,1,3,2019,64,5,10,28244.0,24694.0,22931.0,24746.316
2019-03-05 05:00:00,,5,1,1,3,2019,64,5,10,29331.0,25402.0,23701.0,25573.266
2019-03-05 06:00:00,,6,1,1,3,2019,64,5,10,31762.0,27446.0,25914.0,26900.7
2019-03-05 07:00:00,,7,1,1,3,2019,64,5,10,34937.0,30656.0,28998.0,29904.186
2019-03-05 08:00:00,,8,1,1,3,2019,64,5,10,35598.0,32033.0,30190.0,31016.281
2019-03-05 09:00:00,,9,1,1,3,2019,64,5,10,34208.0,32189.0,29735.0,30898.848
2019-03-05 10:00:00,,10,1,1,3,2019,64,5,10,32942.0,32061.0,29314.0,30638.445
2019-03-05 11:00:00,,11,1,1,3,2019,64,5,10,31972.0,31648.0,29139.0,29924.605
2019-03-05 12:00:00,,12,1,1,3,2019,64,5,10,31158.0,31176.0,28767.0,29562.057
2019-03-05 13:00:00,,13,1,1,3,2019,64,5,10,30448.0,30574.0,28505.0,29372.44
2019-03-05 14:00:00,,14,1,1,3,2019,64,5,10,30322.0,30085.0,28406.0,29387.902
2019-03-05 15:00:00,,15,1,1,3,2019,64,5,10,30378.0,29719.0,28229.0,29142.723
2019-03-05 16:00:00,,16,1,1,3,2019,64,5,10,30849.0,29743.0,28204.0,29248.781
2019-03-05 17:00:00,,17,1,1,3,2019,64,5,10,31873.0,30083.0,28557.0,29693.621
2019-03-05 18:00:00,,18,1,1,3,2019,64,5,10,33346.0,31047.0,29120.0,30729.465
2019-03-05 19:00:00,,19,1,1,3,2019,64,5,10,34769.0,32561.0,30888.0,32209.602
2019-03-05 20:00:00,,20,1,1,3,2019,64,5,10,34704.0,32271.0,31029.0,32219.148
2019-03-05 21:00:00,,21,1,1,3,2019,64,5,10,33993.0,31253.0,30199.0,31264.902
2019-03-05 22:00:00,,22,1,1,3,2019,64,5,10,32721.0,29571.0,28426.0,30208.049
2019-03-05 23:00:00,,23,1,1,3,2019,64,5,10,30917.0,27287.0,26105.0,27956.78
2019-03-06 00:00:00,,0,2,1,3,2019,65,6,10,29141.0,25261.0,24088.0,25832.945
2019-03-06 01:00:00,,1,2,1,3,2019,65,6,10,28015.0,23748.0,22668.0,24713.586
2019-03-06 02:00:00,,2,2,1,3,2019,65,6,10,27342.0,22965.0,21878.0,23681.555
2019-03-06 03:00:00,,3,2,1,3,2019,65,6,10,27123.0,22559.0,21552.0,23751.164
2019-03-06 04:00:00,,4,2,1,3,2019,65,6,10,27173.0,22623.0,21681.0,23725.805
2019-03-06 05:00:00,,5,2,1,3,2019,65,6,10,27902.0,23299.0,22466.0,24149.785
2019-03-06 06:00:00,,6,2,1,3,2019,65,6,10,29664.0,25416.0,24623.0,26259.613
2019-03-06 07:00:00,,7,2,1,3,2019,65,6,10,32167.0,28796.0,27752.0,28151.865
2019-03-06 08:00:00,,8,2,1,3,2019,65,6,10,33512.0,30278.0,29332.0,29912.365
2019-03-06 09:00:00,,9,2,1,3,2019,65,6,10,34237.0,30237.0,28870.0,30308.262
2019-03-06 10:00:00,,10,2,1,3,2019,65,6,10,34768.0,29501.0,28456.0,30560.602
2019-03-06 11:00:00,,11,2,1,3,2019,65,6,10,35099.0,28778.0,28437.0,30569.664
2019-03-06 12:00:00,,12,2,1,3,2019,65,6,10,35167.0,28309.0,28479.0,30469.49
2019-03-06 13:00:00,,13,2,1,3,2019,65,6,10,35255.0,28023.0,28491.0,30671.666
2019-03-06 14:00:00,,14,2,1,3,2019,65,6,10,34884.0,27892.0,28656.0,30710.695
2019-03-06 15:00:00,,15,2,1,3,2019,65,6,10,34172.0,27837.0,28766.0,30595.879
2019-03-06 16:00:00,,16,2,1,3,2019,65,6,10,33638.0,27929.0,28831.0,30387.453
2019-03-06 17:00:00,,17,2,1,3,2019,65,6,10,33490.0,28470.0,29170.0,30266.307
2019-03-06 18:00:00,,18,2,1,3,2019,65,6,10,34093.0,29478.0,29513.0,31058.004
2019-03-06 19:00:00,,19,2,1,3,2019,65,6,10,35186.0,31269.0,30901.0,31935.086
2019-03-06 20:00:00,,20,2,1,3,2019,65,6,10,34790.0,31565.0,31138.0,32079.082
2019-03-06 21:00:00,,21,2,1,3,2019,65,6,10,33987.0,30906.0,30154.0,31168.59
2019-03-06 22:00:00,,22,2,1,3,2019,65,6,10,32671.0,29387.0,28425.0,30215.725
2019-03-06 23:00:00,,23,2,1,3,2019,65,6,10,30700.0,27350.0,25998.0,27884.21
2019-03-07 00:00:00,,0,3,1,3,2019,66,7,10,28986.0,25409.0,23737.0,25828.656
2019-03-07 01:00:00,,1,3,1,3,2019,66,7,10,27736.0,24091.0,22257.0,24519.465
2019-03-07 02:00:00,,2,3,1,3,2019,66,7,10,27233.0,23400.0,21386.0,23752.217
2019-03-07 03:00:00,,3,3,1,3,2019,66,7,10,27086.0,23121.0,20927.0,23752.217
2019-03-07 04:00:00,,4,3,1,3,2019,66,7,10,27276.0,23138.0,20847.0,23752.217
2019-03-07 05:00:00,,5,3,1,3,2019,66,7,10,28201.0,23862.0,21341.0,24382.842
2019-03-07 06:00:00,,6,3,1,3,2019,66,7,10,30316.0,26053.0,23285.0,26082.734
2019-03-07 07:00:00,,7,3,1,3,2019,66,7,10,33080.0,28975.0,26141.0,29075.975
2019-03-07 08:00:00,,8,3,1,3,2019,66,7,10,34224.0,29969.0,27849.0,30021.895
2019-03-07 09:00:00,,9,3,1,3,2019,66,7,10,33836.0,29384.0,28205.0,30057.508
2019-03-07 10:00:00,,10,3,1,3,2019,66,7,10,33230.0,28794.0,28525.0,29925.875
2019-03-07 11:00:00,,11,3,1,3,2019,66,7,10,32748.0,28437.0,29034.0,29724.086
2019-03-07 12:00:00,,12,3,1,3,2019,66,7,10,32294.0,28110.0,29325.0,29572.525
2019-03-07 13:00:00,,13,3,1,3,2019,66,7,10,31990.0,27817.0,29418.0,29101.057
2019-03-07 14:00:00,,14,3,1,3,2019,66,7,10,32040.0,27712.0,29715.0,29202.36
2019-03-07 15:00:00,,15,3,1,3,2019,66,7,10,32100.0,27680.0,29731.0,29357.027
2019-03-07 16:00:00,,16,3,1,3,2019,66,7,10,32146.0,27846.0,29828.0,29511.36
2019-03-07 17:00:00,,17,3,1,3,2019,66,7,10,32871.0,28339.0,30117.0,30399.621
2019-03-07 18:00:00,,18,3,1,3,2019,66,7,10,34272.0,29321.0,30558.0,31143.371
2019-03-07 19:00:00,,19,3,1,3,2019,66,7,10,36030.0,30988.0,31790.0,32015.805
2019-03-07 20:00:00,,20,3,1,3,2019,66,7,10,36238.0,31094.0,31703.0,32061.934
2019-03-07 21:00:00,,21,3,1,3,2019,66,7,10,35673.0,30386.0,30732.0,31737.14
2019-03-07 22:00:00,,22,3,1,3,2019,66,7,10,34411.0,29009.0,28960.0,30684.87
2019-03-07 23:00:00,,23,3,1,3,2019,66,7,10,32404.0,26988.0,26607.0,28996.467
2019-03-08 00:00:00,,0,4,1,3,2019,67,8,10,30647.0,25165.0,24429.0,26106.8
2019-03-08 01:00:00,,1,4,1,3,2019,67,8,10,29420.0,23908.0,22801.0,24854.578
2019-03-08 02:00:00,,2,4,1,3,2019,67,8,10,28814.0,23268.0,21900.0,24148.695
2019-03-08 03:00:00,,3,4,1,3,2019,67,8,10,28636.0,23158.0,21301.0,24097.389
2019-03-08 04:00:00,,4,4,1,3,2019,67,8,10,28793.0,23183.0,21078.0,24208.463
2019-03-08 05:00:00,,5,4,1,3,2019,67,8,10,29660.0,24071.0,21460.0,25024.305
2019-03-08 06:00:00,,6,4,1,3,2019,67,8,10,31776.0,26224.0,23056.0,25782.434
2019-03-08 07:00:00,,7,4,1,3,2019,67,8,10,34636.0,29521.0,26085.0,29557.24
2019-03-08 08:00:00,,8,4,1,3,2019,67,8,10,35595.0,31536.0,27754.0,30541.84
2019-03-08 09:00:00,,9,4,1,3,2019,67,8,10,34942.0,32564.0,28312.0,31009.867
2019-03-08 10:00:00,,10,4,1,3,2019,67,8,10,34295.0,33340.0,28491.0,31463.46
2019-03-08 11:00:00,,11,4,1,3,2019,67,8,10,33954.0,34015.0,28530.0,31714.309
2019-03-08 12:00:00,,12,4,1,3,2019,67,8,10,33361.0,34159.0,28367.0,31520.65
2019-03-08 13:00:00,,13,4,1,3,2019,67,8,10,32744.0,33607.0,28288.0,31461.107
2019-03-08 14:00:00,,14,4,1,3,2019,67,8,10,32559.0,32821.0,28205.0,31121.14
2019-03-08 15:00:00,,15,4,1,3,2019,67,8,10,32242.0,32105.0,27932.0,30334.727
2019-03-08 16:00:00,,16,4,1,3,2019,67,8,10,32189.0,31923.0,27849.0,30169.008
2019-03-08 17:00:00,,17,4,1,3,2019,67,8,10,32666.0,32591.0,28078.0,30853.121
2019-03-08 18:00:00,,18,4,1,3,2019,67,8,10,33720.0,33785.0,28321.0,31858.977
2019-03-08 19:00:00,,19,4,1,3,2019,67,8,10,35320.0,35590.0,29404.0,32674.146
2019-03-08 20:00:00,,20,4,1,3,2019,67,8,10,35415.0,35700.0,29279.0,32807.977
2019-03-08 21:00:00,,21,4,1,3,2019,67,8,10,34802.0,35279.0,28410.0,32540.473
2019-03-08 22:00:00,,22,4,1,3,2019,67,8,10,33774.0,34436.0,27141.0,31482.436
2019-03-08 23:00:00,,23,4,1,3,2019,67,8,10,32124.0,32941.0,25409.0,29498.21
2019-03-09 00:00:00,,0,5,1,3,2019,68,9,10,30454.0,31509.0,23602.0,27443.93
2019-03-09 01:00:00,,1,5,1,3,2019,68,9,10,29182.0,30415.0,22191.0,26304.361
2019-03-09 02:00:00,,2,5,1,3,2019,68,9,10,28542.0,29962.0,21408.0,25982.492
2019-03-09 03:00:00,,3,5,1,3,2019,68,9,10,28240.0,29869.0,21058.0,25899.396
2019-03-09 04:00:00,,4,5,1,3,2019,68,9,10,28242.0,30001.0,20999.0,25899.396
2019-03-09 05:00:00,,5,5,1,3,2019,68,9,10,28592.0,30427.0,21277.0,26005.002
2019-03-09 06:00:00,,6,5,1,3,2019,68,9,10,29485.0,31415.0,22193.0,26361.26
2019-03-09 07:00:00,,7,5,1,3,2019,68,9,10,30599.0,32485.0,23240.0,27652.24
2019-03-09 08:00:00,,8,5,1,3,2019,68,9,10,31219.0,33182.0,24465.0,28692.305
2019-03-09 09:00:00,,9,5,1,3,2019,68,9,10,31484.0,33774.0,25520.0,29108.97
2019-03-09 10:00:00,,10,5,1,3,2019,68,9,10,31340.0,34168.0,26090.0,29242.207
2019-03-09 11:00:00,,11,5,1,3,2019,68,9,10,30850.0,33973.0,26096.0,29309.3
2019-03-09 12:00:00,,12,5,1,3,2019,68,9,10,30472.0,33410.0,25844.0,29190.008
2019-03-09 13:00:00,,13,5,1,3,2019,68,9,10,29647.0,32672.0,25623.0,28784.748
2019-03-09 14:00:00,,14,5,1,3,2019,68,9,10,28907.0,31968.0,25308.0,28335.848
2019-03-09 15:00:00,,15,5,1,3,2019,68,9,10,28402.0,31439.0,25219.0,27809.252
2019-03-09 16:00:00,,16,5,1,3,2019,68,9,10,28334.0,31336.0,25309.0,27812.336
2019-03-09 17:00:00,,17,5,1,3,2019,68,9,10,28801.0,31925.0,25664.0,28470.82
2019-03-09 18:00:00,,18,5,1,3,2019,68,9,10,29926.0,33261.0,26259.0,29528.943
2019-03-09 19:00:00,,19,5,1,3,2019,68,9,10,31886.0,35549.0,27705.0,30379.842
2019-03-09 20:00:00,,20,5,1,3,2019,68,9,10,32300.0,35953.0,27752.0,31552.193
2019-03-09 21:00:00,,21,5,1,3,2019,68,9,10,32130.0,35575.0,27336.0,30436.844
2019-03-09 22:00:00,,22,5,1,3,2019,68,9,10,31399.0,34735.0,26174.0,29538.871
2019-03-09 23:00:00,,23,5,1,3,2019,68,9,10,30226.0,33471.0,24749.0,29333.377
2019-03-10 00:00:00,,0,6,1,3,2019,69,10,10,29068.0,32114.0,23265.0,27218.08
2019-03-10 01:00:00,,1,6,1,3,2019,69,10,10,27517.0,30935.0,22003.0,25811.902
2019-03-10 02:00:00,,2,6,1,3,2019,69,10,10,27012.0,30384.0,21292.0,25582.94
2019-03-10 03:00:00,,3,6,1,3,2019,69,10,10,,,,34741.824
2019-03-10 04:00:00,,4,6,1,3,2019,69,10,10,26866.0,29985.0,20816.0,25271.062
2019-03-10 05:00:00,,5,6,1,3,2019,69,10,10,27061.0,30109.0,20704.0,25582.94
2019-03-10 06:00:00,,6,6,1,3,2019,69,10,10,27698.0,30481.0,20979.0,25788.547
2019-03-10 07:00:00,,7,6,1,3,2019,69,10,10,28767.0,31541.0,21652.0,26830.121
2019-03-10 08:00:00,,8,6,1,3,2019,69,10,10,29603.0,32275.0,22457.0,27728.277
2019-03-10 09:00:00,,9,6,1,3,2019,69,10,10,29870.0,32797.0,23413.0,28361.39
2019-03-10 10:00:00,,10,6,1,3,2019,69,10,10,29453.0,32797.0,24375.0,27916.865
2019-03-10 11:00:00,,11,6,1,3,2019,69,10,10,28870.0,32700.0,25118.0,28086.117
2019-03-10 12:00:00,,12,6,1,3,2019,69,10,10,28262.0,32530.0,25738.0,27831.094
2019-03-10 13:00:00,,13,6,1,3,2019,69,10,10,27606.0,32210.0,25819.0,27959.227
2019-03-10 14:00:00,,14,6,1,3,2019,69,10,10,26938.0,31708.0,25777.0,27719.488
2019-03-10 15:00:00,,15,6,1,3,2019,69,10,10,26298.0,31203.0,25679.0,27259.229
2019-03-10 16:00:00,,16,6,1,3,2019,69,10,10,26072.0,30926.0,25734.0,27202.158
2019-03-10 17:00:00,,17,6,1,3,2019,69,10,10,26307.0,30929.0,26142.0,27224.834
2019-03-10 18:00:00,,18,6,1,3,2019,69,10,10,27186.0,31578.0,26865.0,27881.322
2019-03-10 19:00:00,,19,6,1,3,2019,69,10,10,28500.0,31554.0,27629.0,28428.732
2019-03-10 20:00:00,,20,6,1,3,2019,69,10,10,30894.0,35284.0,28860.0,30682.361
2019-03-10 21:00:00,,21,6,1,3,2019,69,10,10,31576.0,36012.0,28791.0,30988.812
2019-03-10 22:00:00,,22,6,1,3,2019,69,10,10,30904.0,35238.0,27666.0,30208.398
2019-03-10 23:00:00,,23,6,1,3,2019,69,10,10,29440.0,33713.0,25905.0,29086.938
2019-03-11 00:00:00,,0,0,1,3,2019,70,11,11,27932.0,31964.0,24119.0,26839.307
2019-03-11 01:00:00,,1,0,1,3,2019,70,11,11,27414.0,30764.0,22737.0,25634.854
2019-03-11 02:00:00,,2,0,1,3,2019,70,11,11,27018.0,30216.0,21966.0,25244.338
2019-03-11 03:00:00,,3,0,1,3,2019,70,11,11,26992.0,30356.0,21627.0,25296.15
2019-03-11 04:00:00,,4,0,1,3,2019,70,11,11,27309.0,30597.0,21677.0,25296.15
2019-03-11 05:00:00,,5,0,1,3,2019,70,11,11,28239.0,31588.0,22331.0,25879.924
2019-03-11 06:00:00,,6,0,1,3,2019,70,11,11,30534.0,34033.0,24399.0,27984.232
2019-03-11 07:00:00,,7,0,1,3,2019,70,11,11,34160.0,37732.0,27916.0,31514.105
2019-03-11 08:00:00,,8,0,1,3,2019,70,11,11,36187.0,39606.0,30433.0,32508.152
2019-03-11 09:00:00,,9,0,1,3,2019,70,11,11,35690.0,38865.0,30929.0,32851.496
2019-03-11 10:00:00,,10,0,1,3,2019,70,11,11,35094.0,37354.0,31184.0,32713.918
2019-03-11 11:00:00,,11,0,1,3,2019,70,11,11,34545.0,36188.0,31430.0,32639.879
2019-03-11 12:00:00,,12,0,1,3,2019,70,11,11,33987.0,35030.0,31395.0,31761.85
2019-03-11 13:00:00,,13,0,1,3,2019,70,11,11,33626.0,33873.0,31226.0,31504.426
2019-03-11 14:00:00,,14,0,1,3,2019,70,11,11,33256.0,33047.0,31111.0,31356.125
2019-03-11 15:00:00,,15,0,1,3,2019,70,11,11,32928.0,32209.0,30842.0,31155.406
2019-03-11 16:00:00,,16,0,1,3,2019,70,11,11,32983.0,31776.0,30789.0,31158.492
2019-03-11 17:00:00,,17,0,1,3,2019,70,11,11,33560.0,32219.0,31137.0,31292.857
2019-03-11 18:00:00,,18,0,1,3,2019,70,11,11,34357.0,33377.0,31663.0,31955.195
2019-03-11 19:00:00,,19,0,1,3,2019,70,11,11,35054.0,34669.0,32144.0,32370.168
2019-03-11 20:00:00,,20,0,1,3,2019,70,11,11,36174.0,36394.0,33092.0,33464.027
2019-03-11 21:00:00,,21,0,1,3,2019,70,11,11,35862.0,36218.0,32563.0,33158.414
2019-03-11 22:00:00,,22,0,1,3,2019,70,11,11,34470.0,34994.0,30994.0,32104.654
2019-03-11 23:00:00,,23,0,1,3,2019,70,11,11,32369.0,33171.0,28692.0,30333.008
2019-03-12 00:00:00,,0,1,1,3,2019,71,12,11,30421.0,31419.0,26481.0,27247.865
2019-03-12 01:00:00,,1,1,1,3,2019,71,12,11,28975.0,29987.0,24815.0,26447.385
2019-03-12 02:00:00,,2,1,1,3,2019,71,12,11,28271.0,29242.0,23893.0,25916.27
2019-03-12 03:00:00,,3,1,1,3,2019,71,12,11,28009.0,28891.0,23436.0,25849.871
2019-03-12 04:00:00,,4,1,1,3,2019,71,12,11,28150.0,28929.0,23374.0,25849.871
2019-03-12 05:00:00,,5,1,1,3,2019,71,12,11,29000.0,29365.0,23957.0,26153.232
2019-03-12 06:00:00,,6,1,1,3,2019,71,12,11,31144.0,30475.0,25885.0,26999.184
2019-03-12 07:00:00,,7,1,1,3,2019,71,12,11,34587.0,32054.0,29383.0,30355.713
2019-03-12 08:00:00,,8,1,1,3,2019,71,12,11,36558.0,33293.0,31345.0,31889.943
2019-03-12 09:00:00,,9,1,1,3,2019,71,12,11,36506.0,34244.0,31352.0,32215.254
2019-03-12 10:00:00,,10,1,1,3,2019,71,12,11,35887.0,35151.0,31290.0,32273.52
2019-03-12 11:00:00,,11,1,1,3,2019,71,12,11,35176.0,35573.0,31259.0,32343.742
2019-03-12 12:00:00,,12,1,1,3,2019,71,12,11,34374.0,35494.0,31057.0,32082.201
2019-03-12 13:00:00,,13,1,1,3,2019,71,12,11,33478.0,35239.0,30706.0,31824.074
2019-03-12 14:00:00,,14,1,1,3,2019,71,12,11,32871.0,34908.0,30369.0,31368.242
2019-03-12 15:00:00,,15,1,1,3,2019,71,12,11,32502.0,34234.0,29880.0,31254.977
2019-03-12 16:00:00,,16,1,1,3,2019,71,12,11,32349.0,33998.0,29427.0,31156.48
2019-03-12 17:00:00,,17,1,1,3,2019,71,12,11,32614.0,34286.0,29283.0,31285.922
2019-03-12 18:00:00,,18,1,1,3,2019,71,12,11,33433.0,35136.0,29388.0,31761.693
2019-03-12 19:00:00,,19,1,1,3,2019,71,12,11,34113.0,35856.0,29521.0,32438.691
2019-03-12 20:00:00,,20,1,1,3,2019,71,12,11,35853.0,37441.0,30978.0,32922.1
2019-03-12 21:00:00,,21,1,1,3,2019,71,12,11,35977.0,37465.0,31296.0,32922.78
2019-03-12 22:00:00,,22,1,1,3,2019,71,12,11,34860.0,36296.0,29999.0,32442.486
2019-03-12 23:00:00,,23,1,1,3,2019,71,12,11,32810.0,34576.0,27798.0,30504.773
2019-03-13 00:00:00,,0,2,1,3,2019,72,13,11,30862.0,32964.0,25606.0,27834.988
2019-03-13 01:00:00,,1,2,1,3,2019,72,13,11,29491.0,31917.0,24013.0,27035.271
2019-03-13 02:00:00,,2,2,1,3,2019,72,13,11,28865.0,31452.0,23232.0,26235.47
2019-03-13 03:00:00,,3,2,1,3,2019,72,13,11,28672.0,31344.0,22930.0,26108.229
2019-03-13 04:00:00,,4,2,1,3,2019,72,13,11,28824.0,31653.0,22941.0,26372.467
2019-03-13 05:00:00,,5,2,1,3,2019,72,13,11,29660.0,32488.0,23597.0,26794.902
2019-03-13 06:00:00,,6,2,1,3,2019,72,13,11,31912.0,34523.0,25544.0,28017.21
2019-03-13 07:00:00,,7,2,1,3,2019,72,13,11,35450.0,37491.0,29074.0,31733.559
2019-03-13 08:00:00,,8,2,1,3,2019,72,13,11,37181.0,39305.0,30668.0,32831.3
2019-03-13 09:00:00,,9,2,1,3,2019,72,13,11,36393.0,39684.0,30278.0,32902.668
2019-03-13 10:00:00,,10,2,1,3,2019,72,13,11,35138.0,39371.0,29527.0,32683.428
2019-03-13 11:00:00,,11,2,1,3,2019,72,13,11,34285.0,39332.0,29254.0,32513.566
2019-03-13 12:00:00,,12,2,1,3,2019,72,13,11,33777.0,39289.0,28812.0,32352.639
2019-03-13 13:00:00,,13,2,1,3,2019,72,13,11,33497.0,38905.0,28455.0,32276.71
2019-03-13 14:00:00,,14,2,1,3,2019,72,13,11,33357.0,38647.0,28291.0,32386.906
2019-03-13 15:00:00,,15,2,1,3,2019,72,13,11,33019.0,38376.0,28224.0,32384.854
2019-03-13 16:00:00,,16,2,1,3,2019,72,13,11,33058.0,38330.0,28176.0,32351.848
2019-03-13 17:00:00,,17,2,1,3,2019,72,13,11,33753.0,38527.0,28420.0,32586.598
2019-03-13 18:00:00,,18,2,1,3,2019,72,13,11,34839.0,38877.0,28826.0,32901.25
2019-03-13 19:00:00,,19,2,1,3,2019,72,13,11,35825.0,39255.0,28925.0,32909.617
2019-03-13 20:00:00,,20,2,1,3,2019,72,13,11,37245.0,40516.0,30122.0,33380.13
2019-03-13 21:00:00,,21,2,1,3,2019,72,13,11,37089.0,40365.0,30262.0,33380.81
2019-03-13 22:00:00,,22,2,1,3,2019,72,13,11,35847.0,38806.0,28890.0,32511.67
2019-03-13 23:00:00,,23,2,1,3,2019,72,13,11,33539.0,36573.0,26652.0,31177.678
2019-03-14 00:00:00,,0,3,1,3,2019,73,14,11,31474.0,34448.0,24419.0,28258.93
2019-03-14 01:00:00,,1,3,1,3,2019,73,14,11,29997.0,32992.0,22898.0,27359.639
2019-03-14 02:00:00,,2,3,1,3,2019,73,14,11,29227.0,32181.0,22016.0,26385.271
2019-03-14 03:00:00,,3,3,1,3,2019,73,14,11,28872.0,31822.0,21649.0,26437.084
2019-03-14 04:00:00,,4,3,1,3,2019,73,14,11,29011.0,31949.0,21710.0,26437.084
2019-03-14 05:00:00,,5,3,1,3,2019,73,14,11,29711.0,32663.0,22395.0,26700.246
2019-03-14 06:00:00,,6,3,1,3,2019,73,14,11,31847.0,34666.0,24432.0,28002.363
2019-03-14 07:00:00,,7,3,1,3,2019,73,14,11,35254.0,37981.0,28014.0,31865.293
2019-03-14 08:00:00,,8,3,1,3,2019,73,14,11,36819.0,39507.0,29995.0,32804.348
2019-03-14 09:00:00,,9,3,1,3,2019,73,14,11,35925.0,38824.0,29910.0,32575.775
2019-03-14 10:00:00,,10,3,1,3,2019,73,14,11,34400.0,37631.0,29449.0,32326.145
2019-03-14 11:00:00,,11,3,1,3,2019,73,14,11,33122.0,36903.0,29030.0,32042.555
2019-03-14 12:00:00,,12,3,1,3,2019,73,14,11,32318.0,36086.0,28607.0,31579.682
2019-03-14 13:00:00,,13,3,1,3,2019,73,14,11,31876.0,35260.0,28496.0,30345.857
2019-03-14 14:00:00,,14,3,1,3,2019,73,14,11,31689.0,34657.0,28604.0,30302.555
2019-03-14 15:00:00,,15,3,1,3,2019,73,14,11,31623.0,33939.0,28186.0,30328.734
2019-03-14 16:00:00,,16,3,1,3,2019,73,14,11,31574.0,33398.0,27965.0,29996.598
2019-03-14 17:00:00,,17,3,1,3,2019,73,14,11,31784.0,33320.0,28266.0,30259.371
2019-03-14 18:00:00,,18,3,1,3,2019,73,14,11,32182.0,33758.0,28466.0,30637.637
2019-03-14 19:00:00,,19,3,1,3,2019,73,14,11,32859.0,34638.0,28593.0,31337.18
2019-03-14 20:00:00,,20,3,1,3,2019,73,14,11,34505.0,36636.0,29919.0,32625.896
2019-03-14 21:00:00,,21,3,1,3,2019,73,14,11,34734.0,37081.0,30189.0,32703.957
2019-03-14 22:00:00,,22,3,1,3,2019,73,14,11,33649.0,35871.0,29004.0,32086.244
2019-03-14 23:00:00,,23,3,1,3,2019,73,14,11,31641.0,33829.0,26941.0,29228.158
2019-03-15 00:00:00,,0,4,1,3,2019,74,15,11,29756.0,31885.0,24916.0,27512.896
2019-03-15 01:00:00,,1,4,1,3,2019,74,15,11,28464.0,30420.0,23469.0,26213.822
2019-03-15 02:00:00,,2,4,1,3,2019,74,15,11,27781.0,29710.0,22695.0,25626.436
2019-03-15 03:00:00,,3,4,1,3,2019,74,15,11,27634.0,29529.0,22376.0,25388.361
2019-03-15 04:00:00,,4,4,1,3,2019,74,15,11,27775.0,29734.0,22424.0,25460.912
2019-03-15 05:00:00,,5,4,1,3,2019,74,15,11,28688.0,30612.0,23082.0,26010.084
2019-03-15 06:00:00,,6,4,1,3,2019,74,15,11,30713.0,32778.0,25151.0,27352.326
2019-03-15 07:00:00,,7,4,1,3,2019,74,15,11,34196.0,36321.0,28693.0,31440.0
2019-03-15 08:00:00,,8,4,1,3,2019,74,15,11,35873.0,37910.0,30458.0,32412.006
2019-03-15 09:00:00,,9,4,1,3,2019,74,15,11,35481.0,37056.0,30066.0,32354.172
2019-03-15 10:00:00,,10,4,1,3,2019,74,15,11,34607.0,35549.0,29412.0,32156.422
2019-03-15 11:00:00,,11,4,1,3,2019,74,15,11,33988.0,34367.0,28846.0,31465.488
2019-03-15 12:00:00,,12,4,1,3,2019,74,15,11,33287.0,33273.0,28420.0,30885.893
2019-03-15 13:00:00,,13,4,1,3,2019,74,15,11,32638.0,32337.0,28116.0,30370.752
2019-03-15 14:00:00,,14,4,1,3,2019,74,15,11,32192.0,31537.0,28171.0,29810.074
2019-03-15 15:00:00,,15,4,1,3,2019,74,15,11,31577.0,30811.0,28000.0,29054.137
2019-03-15 16:00:00,,16,4,1,3,2019,74,15,11,31229.0,30328.0,27680.0,28842.75
2019-03-15 17:00:00,,17,4,1,3,2019,74,15,11,31409.0,30496.0,27679.0,28908.512
2019-03-15 18:00:00,,18,4,1,3,2019,74,15,11,31813.0,31188.0,27841.0,29078.562
2019-03-15 19:00:00,,19,4,1,3,2019,74,15,11,32557.0,31890.0,27899.0,30322.688
2019-03-15 20:00:00,,20,4,1,3,2019,74,15,11,34257.0,33246.0,29059.0,31551.102
2019-03-15 21:00:00,,21,4,1,3,2019,74,15,11,34574.0,33328.0,29341.0,31751.617
2019-03-15 22:00:00,,22,4,1,3,2019,74,15,11,33763.0,32447.0,28466.0,30642.627
2019-03-15 23:00:00,,23,4,1,3,2019,74,15,11,32360.0,30897.0,26950.0,29086.287
2019-03-16 00:00:00,,0,5,1,3,2019,75,16,11,30740.0,29267.0,25209.0,27036.77
2019-03-16 01:00:00,,1,5,1,3,2019,75,16,11,29468.0,27807.0,23853.0,25925.602
2019-03-16 02:00:00,,2,5,1,3,2019,75,16,11,28754.0,27011.0,23088.0,25378.46
2019-03-16 03:00:00,,3,5,1,3,2019,75,16,11,28478.0,26541.0,22733.0,25101.031
2019-03-16 04:00:00,,4,5,1,3,2019,75,16,11,28481.0,26312.0,22658.0,24975.838
2019-03-16 05:00:00,,5,5,1,3,2019,75,16,11,28839.0,26531.0,22951.0,25268.508
2019-03-16 06:00:00,,6,5,1,3,2019,75,16,11,29702.0,27189.0,23865.0,25969.834
2019-03-16 07:00:00,,7,5,1,3,2019,75,16,11,31171.0,28418.0,25344.0,26848.389
2019-03-16 08:00:00,,8,5,1,3,2019,75,16,11,32300.0,29678.0,26571.0,28708.041
2019-03-16 09:00:00,,9,5,1,3,2019,75,16,11,32663.0,30857.0,27875.0,29194.309
2019-03-16 10:00:00,,10,5,1,3,2019,75,16,11,31995.0,31970.0,28743.0,29531.262
2019-03-16 11:00:00,,11,5,1,3,2019,75,16,11,31277.0,32261.0,28992.0,29394.812
2019-03-16 12:00:00,,12,5,1,3,2019,75,16,11,30646.0,31868.0,28716.0,29180.162
2019-03-16 13:00:00,,13,5,1,3,2019,75,16,11,29875.0,31121.0,28475.0,28857.586
2019-03-16 14:00:00,,14,5,1,3,2019,75,16,11,29345.0,30392.0,28261.0,28216.508
2019-03-16 15:00:00,,15,5,1,3,2019,75,16,11,29134.0,29858.0,28149.0,27918.854
2019-03-16 16:00:00,,16,5,1,3,2019,75,16,11,29188.0,29585.0,27905.0,27778.29
2019-03-16 17:00:00,,17,5,1,3,2019,75,16,11,29194.0,29750.0,28138.0,27944.613
2019-03-16 18:00:00,,18,5,1,3,2019,75,16,11,29357.0,30196.0,28649.0,28315.1
2019-03-16 19:00:00,,19,5,1,3,2019,75,16,11,29544.0,30793.0,29264.0,28420.207
2019-03-16 20:00:00,,20,5,1,3,2019,75,16,11,30949.0,31966.0,30419.0,29909.617
2019-03-16 21:00:00,,21,5,1,3,2019,75,16,11,31414.0,31924.0,30513.0,30001.566
2019-03-16 22:00:00,,22,5,1,3,2019,75,16,11,30951.0,31135.0,29691.0,29280.781
2019-03-16 23:00:00,,23,5,1,3,2019,75,16,11,29915.0,29820.0,28344.0,28260.354
2019-03-17 00:00:00,,0,6,1,3,2019,76,17,11,28617.0,28343.0,26807.0,26661.06
2019-03-17 01:00:00,,1,6,1,3,2019,76,17,11,27523.0,27040.0,25517.0,25879.812
2019-03-17 02:00:00,,2,6,1,3,2019,76,17,11,26896.0,26262.0,24665.0,24863.953
2019-03-17 03:00:00,,3,6,1,3,2019,76,17,11,26657.0,25878.0,24250.0,24660.877
2019-03-17 04:00:00,,4,6,1,3,2019,76,17,11,26720.0,25803.0,24063.0,24675.621
2019-03-17 05:00:00,,5,6,1,3,2019,76,17,11,26986.0,26037.0,24238.0,24869.979
2019-03-17 06:00:00,,6,6,1,3,2019,76,17,11,27703.0,26675.0,24809.0,25245.879
2019-03-17 07:00:00,,7,6,1,3,2019,76,17,11,28820.0,27757.0,25864.0,26340.582
2019-03-17 08:00:00,,8,6,1,3,2019,76,17,11,29679.0,28702.0,26847.0,27476.232
2019-03-17 09:00:00,,9,6,1,3,2019,76,17,11,29934.0,29654.0,28053.0,27930.516
2019-03-17 10:00:00,,10,6,1,3,2019,76,17,11,29483.0,29898.0,29000.0,27736.729
2019-03-17 11:00:00,,11,6,1,3,2019,76,17,11,28754.0,29676.0,29356.0,27783.42
2019-03-17 12:00:00,,12,6,1,3,2019,76,17,11,27979.0,28943.0,29295.0,27439.809
2019-03-17 13:00:00,,13,6,1,3,2019,76,17,11,27222.0,28095.0,28985.0,27140.941
2019-03-17 14:00:00,,14,6,1,3,2019,76,17,11,26560.0,27342.0,28596.0,26804.646
2019-03-17 15:00:00,,15,6,1,3,2019,76,17,11,25930.0,26745.0,28358.0,26707.53
2019-03-17 16:00:00,,16,6,1,3,2019,76,17,11,25719.0,26499.0,28452.0,26685.354
2019-03-17 17:00:00,,17,6,1,3,2019,76,17,11,26063.0,26840.0,29153.0,26851.773
2019-03-17 18:00:00,,18,6,1,3,2019,76,17,11,26880.0,27786.0,30056.0,27259.57
2019-03-17 19:00:00,,19,6,1,3,2019,76,17,11,27972.0,28902.0,30813.0,28515.186
2019-03-17 20:00:00,,20,6,1,3,2019,76,17,11,30119.0,30914.0,32100.0,29967.215
2019-03-17 21:00:00,,21,6,1,3,2019,76,17,11,31020.0,31607.0,32162.0,30514.762
2019-03-17 22:00:00,,22,6,1,3,2019,76,17,11,30345.0,30759.0,31031.0,29683.264
2019-03-17 23:00:00,,23,6,1,3,2019,76,17,11,28861.0,29177.0,29276.0,27686.717
2019-03-18 00:00:00,,0,0,1,3,2019,77,18,12,27333.0,27549.0,27448.0,26220.637
2019-03-18 01:00:00,,1,0,1,3,2019,77,18,12,26309.0,26362.0,26140.0,25453.66
2019-03-18 02:00:00,,2,0,1,3,2019,77,18,12,25922.0,25822.0,25537.0,24896.66
2019-03-18 03:00:00,,3,0,1,3,2019,77,18,12,25947.0,25761.0,25273.0,24779.898
2019-03-18 04:00:00,,4,0,1,3,2019,77,18,12,26327.0,26165.0,25453.0,25087.477
2019-03-18 05:00:00,,5,0,1,3,2019,77,18,12,27379.0,27222.0,26354.0,25695.188
2019-03-18 06:00:00,,6,0,1,3,2019,77,18,12,29808.0,29670.0,28614.0,27372.383
2019-03-18 07:00:00,,7,0,1,3,2019,77,18,12,33454.0,33445.0,32331.0,30627.498
2019-03-18 08:00:00,,8,0,1,3,2019,77,18,12,35086.0,35099.0,34123.0,32511.76
2019-03-18 09:00:00,,9,0,1,3,2019,77,18,12,34225.0,34150.0,33721.0,32078.855
2019-03-18 10:00:00,,10,0,1,3,2019,77,18,12,32676.0,32751.0,32719.0,31249.758
2019-03-18 11:00:00,,11,0,1,3,2019,77,18,12,31475.0,31753.0,31802.0,30495.82
2019-03-18 12:00:00,,12,0,1,3,2019,77,18,12,30637.0,30760.0,31167.0,29744.037
2019-03-18 13:00:00,,13,0,1,3,2019,77,18,12,29905.0,30096.0,30595.0,29362.736
2019-03-18 14:00:00,,14,0,1,3,2019,77,18,12,29487.0,29796.0,30143.0,28431.965
2019-03-18 15:00:00,,15,0,1,3,2019,77,18,12,29034.0,29385.0,29663.0,28236.86
2019-03-18 16:00:00,,16,0,1,3,2019,77,18,12,28858.0,29292.0,29540.0,28145.133
2019-03-18 17:00:00,,17,0,1,3,2019,77,18,12,29126.0,29840.0,29862.0,28355.652
2019-03-18 18:00:00,,18,0,1,3,2019,77,18,12,29829.0,30558.0,30383.0,29328.113
2019-03-18 19:00:00,,19,0,1,3,2019,77,18,12,30606.0,31313.0,31076.0,30249.324
2019-03-18 20:00:00,,20,0,1,3,2019,77,18,12,32457.0,32813.0,32931.0,31449.328
2019-03-18 21:00:00,,21,0,1,3,2019,77,18,12,32884.0,32773.0,33431.0,31626.59
2019-03-18 22:00:00,,22,0,1,3,2019,77,18,12,31851.0,31422.0,32173.0,30393.545
2019-03-18 23:00:00,,23,0,1,3,2019,77,18,12,29960.0,29108.0,29971.0,28352.45
2019-03-19 00:00:00,,0,1,1,3,2019,78,19,12,28091.0,26996.0,27959.0,26494.457
2019-03-19 01:00:00,,1,1,1,3,2019,78,19,12,26862.0,25562.0,26596.0,25288.062
2019-03-19 02:00:00,,2,1,1,3,2019,78,19,12,26355.0,24770.0,25960.0,24558.719
2019-03-19 03:00:00,,3,1,1,3,2019,78,19,12,26141.0,24463.0,25798.0,24542.879
2019-03-19 04:00:00,,4,1,1,3,2019,78,19,12,26394.0,24533.0,26020.0,24558.719
2019-03-19 05:00:00,,5,1,1,3,2019,78,19,12,27258.0,25199.0,26953.0,25156.512
2019-03-19 06:00:00,,6,1,1,3,2019,78,19,12,29475.0,27284.0,29292.0,26790.457
2019-03-19 07:00:00,,7,1,1,3,2019,78,19,12,33104.0,30803.0,32949.0,30258.053
2019-03-19 08:00:00,,8,1,1,3,2019,78,19,12,35187.0,32597.0,34564.0,32233.1
2019-03-19 09:00:00,,9,1,1,3,2019,78,19,12,35432.0,32639.0,33774.0,32137.719
2019-03-19 10:00:00,,10,1,1,3,2019,78,19,12,35606.0,32244.0,32509.0,31860.5
2019-03-19 11:00:00,,11,1,1,3,2019,78,19,12,35843.0,31719.0,31343.0,31377.402
2019-03-19 12:00:00,,12,1,1,3,2019,78,19,12,36107.0,30957.0,30472.0,30721.002
2019-03-19 13:00:00,,13,1,1,3,2019,78,19,12,36120.0,29919.0,29624.0,30559.63
2019-03-19 14:00:00,,14,1,1,3,2019,78,19,12,36142.0,28937.0,29044.0,30438.27
2019-03-19 15:00:00,,15,1,1,3,2019,78,19,12,36032.0,28273.0,28492.0,30313.992
2019-03-19 16:00:00,,16,1,1,3,2019,78,19,12,36029.0,27959.0,28146.0,30258.176
2019-03-19 17:00:00,,17,1,1,3,2019,78,19,12,36374.0,28172.0,28201.0,30490.39
2019-03-19 18:00:00,,18,1,1,3,2019,78,19,12,36854.0,28702.0,28596.0,30628.852
2019-03-19 19:00:00,,19,1,1,3,2019,78,19,12,37096.0,29263.0,29071.0,30737.89
2019-03-19 20:00:00,,20,1,1,3,2019,78,19,12,37699.0,30858.0,30709.0,31431.598
2019-03-19 21:00:00,,21,1,1,3,2019,78,19,12,37080.0,31335.0,31168.0,31605.664
2019-03-19 22:00:00,,22,1,1,3,2019,78,19,12,35493.0,30141.0,29906.0,30652.564
2019-03-19 23:00:00,,23,1,1,3,2019,78,19,12,33258.0,28018.0,27682.0,28996.854
2019-03-20 00:00:00,,0,2,1,3,2019,79,20,12,31154.0,26083.0,25614.0,26307.969
2019-03-20 01:00:00,,1,2,1,3,2019,79,20,12,29654.0,24626.0,24146.0,25527.785
2019-03-20 02:00:00,,2,2,1,3,2019,79,20,12,28898.0,23803.0,23320.0,24533.238
2019-03-20 03:00:00,,3,2,1,3,2019,79,20,12,28525.0,23554.0,22969.0,24217.906
2019-03-20 04:00:00,,4,2,1,3,2019,79,20,12,28569.0,23708.0,22942.0,24245.98
2019-03-20 05:00:00,,5,2,1,3,2019,79,20,12,29247.0,24611.0,23656.0,24899.059
2019-03-20 06:00:00,,6,2,1,3,2019,79,20,12,30915.0,26909.0,25615.0,26329.36
2019-03-20 07:00:00,,7,2,1,3,2019,79,20,12,33057.0,30824.0,28980.0,29303.287
2019-03-20 08:00:00,,8,2,1,3,2019,79,20,12,34529.0,32762.0,30604.0,31054.068
2019-03-20 09:00:00,,9,2,1,3,2019,79,20,12,35532.0,32675.0,30398.0,31112.125
2019-03-20 10:00:00,,10,2,1,3,2019,79,20,12,36355.0,32121.0,29841.0,31235.129
2019-03-20 11:00:00,,11,2,1,3,2019,79,20,12,36971.0,31654.0,29472.0,31002.691
2019-03-20 12:00:00,,12,2,1,3,2019,79,20,12,37134.0,31230.0,29005.0,30746.018
2019-03-20 13:00:00,,13,2,1,3,2019,79,20,12,36822.0,30885.0,28512.0,30678.404
2019-03-20 14:00:00,,14,2,1,3,2019,79,20,12,36207.0,30678.0,28284.0,30593.387
2019-03-20 15:00:00,,15,2,1,3,2019,79,20,12,35556.0,30378.0,27989.0,30581.629
2019-03-20 16:00:00,,16,2,1,3,2019,79,20,12,34992.0,30313.0,27739.0,30505.234
2019-03-20 17:00:00,,17,2,1,3,2019,79,20,12,34966.0,30790.0,27838.0,30570.848
2019-03-20 18:00:00,,18,2,1,3,2019,79,20,12,35398.0,31610.0,28012.0,30946.203
2019-03-20 19:00:00,,19,2,1,3,2019,79,20,12,35548.0,32720.0,28146.0,31356.934
2019-03-20 20:00:00,,20,2,1,3,2019,79,20,12,36490.0,34841.0,29285.0,32320.547
2019-03-20 21:00:00,,21,2,1,3,2019,79,20,12,36122.0,35717.0,29718.0,32513.86
2019-03-20 22:00:00,,22,2,1,3,2019,79,20,12,34574.0,34715.0,28362.0,31732.479
2019-03-20 23:00:00,,23,2,1,3,2019,79,20,12,32501.0,32738.0,26173.0,29610.008
2019-03-21 00:00:00,,0,3,1,3,2019,80,21,12,30483.0,30875.0,24101.0,27065.283
2019-03-21 01:00:00,,1,3,1,3,2019,80,21,12,29127.0,29678.0,22526.0,25993.787
2019-03-21 02:00:00,,2,3,1,3,2019,80,21,12,28391.0,29134.0,21748.0,25565.648
2019-03-21 03:00:00,,3,3,1,3,2019,80,21,12,28053.0,29139.0,21369.0,25507.912
2019-03-21 04:00:00,,4,3,1,3,2019,80,21,12,28070.0,29420.0,21395.0,25595.395
2019-03-21 05:00:00,,5,3,1,3,2019,80,21,12,28734.0,30469.0,22052.0,25717.01
2019-03-21 06:00:00,,6,3,1,3,2019,80,21,12,30586.0,32870.0,23930.0,27328.838
2019-03-21 07:00:00,,7,3,1,3,2019,80,21,12,33438.0,36713.0,27180.0,30852.162
2019-03-21 08:00:00,,8,3,1,3,2019,80,21,12,35284.0,38210.0,29004.0,32351.127
2019-03-21 09:00:00,,9,3,1,3,2019,80,21,12,35916.0,36994.0,28983.0,32293.305
2019-03-21 10:00:00,,10,3,1,3,2019,80,21,12,35296.0,35313.0,28665.0,32004.793
2019-03-21 11:00:00,,11,3,1,3,2019,80,21,12,34465.0,34069.0,28386.0,31478.34
2019-03-21 12:00:00,,12,3,1,3,2019,80,21,12,33662.0,32965.0,28081.0,30772.518
2019-03-21 13:00:00,,13,3,1,3,2019,80,21,12,32840.0,31990.0,27848.0,30086.299
2019-03-21 14:00:00,,14,3,1,3,2019,80,21,12,32118.0,31188.0,27776.0,29258.734
2019-03-21 15:00:00,,15,3,1,3,2019,80,21,12,31422.0,30384.0,27614.0,28602.875
2019-03-21 16:00:00,,16,3,1,3,2019,80,21,12,30885.0,29951.0,27479.0,28493.469
2019-03-21 17:00:00,,17,3,1,3,2019,80,21,12,30895.0,30065.0,27628.0,28585.55
2019-03-21 18:00:00,,18,3,1,3,2019,80,21,12,31504.0,30653.0,27768.0,28910.488
2019-03-21 19:00:00,,19,3,1,3,2019,80,21,12,32294.0,31419.0,27822.0,29670.66
2019-03-21 20:00:00,,20,3,1,3,2019,80,21,12,33910.0,33361.0,28819.0,31399.215
2019-03-21 21:00:00,,21,3,1,3,2019,80,21,12,34388.0,34291.0,29234.0,31781.328
2019-03-21 22:00:00,,22,3,1,3,2019,80,21,12,33206.0,33350.0,27998.0,30757.357
2019-03-21 23:00:00,,23,3,1,3,2019,80,21,12,31387.0,31456.0,25954.0,27993.902
2019-03-22 00:00:00,,0,4,1,3,2019,81,22,12,29368.0,29615.0,23898.0,26557.63
2019-03-22 01:00:00,,1,4,1,3,2019,81,22,12,28116.0,28308.0,22257.0,25382.71
2019-03-22 02:00:00,,2,4,1,3,2019,81,22,12,27461.0,27654.0,21300.0,24557.576
2019-03-22 03:00:00,,3,4,1,3,2019,81,22,12,27279.0,27442.0,20768.0,24557.576
2019-03-22 04:00:00,,4,4,1,3,2019,81,22,12,27415.0,27536.0,20600.0,24557.576
2019-03-22 05:00:00,,5,4,1,3,2019,81,22,12,28241.0,28295.0,20910.0,25235.764
2019-03-22 06:00:00,,6,4,1,3,2019,81,22,12,30463.0,30478.0,22073.0,26506.184
2019-03-22 07:00:00,,7,4,1,3,2019,81,22,12,33905.0,33785.0,24094.0,30244.445
2019-03-22 08:00:00,,8,4,1,3,2019,81,22,12,35501.0,35282.0,25491.0,31669.64
2019-03-22 09:00:00,,9,4,1,3,2019,81,22,12,34888.0,34838.0,26646.0,31484.873
2019-03-22 10:00:00,,10,4,1,3,2019,81,22,12,33592.0,33921.0,27424.0,31023.896
2019-03-22 11:00:00,,11,4,1,3,2019,81,22,12,32510.0,33600.0,27868.0,30499.203
2019-03-22 12:00:00,,12,4,1,3,2019,81,22,12,31509.0,33417.0,27888.0,29779.732
2019-03-22 13:00:00,,13,4,1,3,2019,81,22,12,30595.0,32308.0,27497.0,28832.795
2019-03-22 14:00:00,,14,4,1,3,2019,81,22,12,30038.0,31207.0,27073.0,28441.23
2019-03-22 15:00:00,,15,4,1,3,2019,81,22,12,29539.0,30093.0,26810.0,27776.598
2019-03-22 16:00:00,,16,4,1,3,2019,81,22,12,29492.0,29112.0,26526.0,27566.457
2019-03-22 17:00:00,,17,4,1,3,2019,81,22,12,29857.0,29058.0,26510.0,28046.602
2019-03-22 18:00:00,,18,4,1,3,2019,81,22,12,30366.0,29380.0,26595.0,28065.168
2019-03-22 19:00:00,,19,4,1,3,2019,81,22,12,30967.0,29492.0,26341.0,28238.977
2019-03-22 20:00:00,,20,4,1,3,2019,81,22,12,32294.0,30467.0,27055.0,29472.32
2019-03-22 21:00:00,,21,4,1,3,2019,81,22,12,32705.0,30596.0,27321.0,29655.395
2019-03-22 22:00:00,,22,4,1,3,2019,81,22,12,31946.0,29584.0,26345.0,28373.893
2019-03-22 23:00:00,,23,4,1,3,2019,81,22,12,30576.0,27893.0,24896.0,27186.232
2019-03-23 00:00:00,,0,5,1,3,2019,82,23,12,28999.0,26072.0,23314.0,25454.14
2019-03-23 01:00:00,,1,5,1,3,2019,82,23,12,27736.0,24539.0,21948.0,24149.832
2019-03-23 02:00:00,,2,5,1,3,2019,82,23,12,27050.0,23521.0,21156.0,23435.898
2019-03-23 03:00:00,,3,5,1,3,2019,82,23,12,26729.0,23010.0,20836.0,23040.816
2019-03-23 04:00:00,,4,5,1,3,2019,82,23,12,26779.0,22746.0,20782.0,23118.615
2019-03-23 05:00:00,,5,5,1,3,2019,82,23,12,27176.0,22785.0,21130.0,23425.004
2019-03-23 06:00:00,,6,5,1,3,2019,82,23,12,28179.0,23403.0,22006.0,23772.621
2019-03-23 07:00:00,,7,5,1,3,2019,82,23,12,29726.0,24585.0,23287.0,25736.812
2019-03-23 08:00:00,,8,5,1,3,2019,82,23,12,30813.0,25597.0,24554.0,26494.035
2019-03-23 09:00:00,,9,5,1,3,2019,82,23,12,31095.0,26784.0,25688.0,26948.627
2019-03-23 10:00:00,,10,5,1,3,2019,82,23,12,30577.0,27362.0,26081.0,27148.865
2019-03-23 11:00:00,,11,5,1,3,2019,82,23,12,29687.0,27181.0,25792.0,27050.777
2019-03-23 12:00:00,,12,5,1,3,2019,82,23,12,28580.0,26889.0,25281.0,26244.738
2019-03-23 13:00:00,,13,5,1,3,2019,82,23,12,27568.0,26363.0,24629.0,25702.848
2019-03-23 14:00:00,,14,5,1,3,2019,82,23,12,26619.0,25864.0,23949.0,25298.389
2019-03-23 15:00:00,,15,5,1,3,2019,82,23,12,25960.0,25600.0,23511.0,24986.578
2019-03-23 16:00:00,,16,5,1,3,2019,82,23,12,25673.0,25767.0,23357.0,25005.596
2019-03-23 17:00:00,,17,5,1,3,2019,82,23,12,25937.0,26113.0,23568.0,25212.557
2019-03-23 18:00:00,,18,5,1,3,2019,82,23,12,26657.0,26411.0,24100.0,25618.76
2019-03-23 19:00:00,,19,5,1,3,2019,82,23,12,27636.0,26706.0,24721.0,25918.758
2019-03-23 20:00:00,,20,5,1,3,2019,82,23,12,29368.0,27680.0,26212.0,26948.322
2019-03-23 21:00:00,,21,5,1,3,2019,82,23,12,30135.0,27721.0,27097.0,27642.912
2019-03-23 22:00:00,,22,5,1,3,2019,82,23,12,29747.0,26954.0,26515.0,27259.781
2019-03-23 23:00:00,,23,5,1,3,2019,82,23,12,28765.0,25704.0,25313.0,26171.152
2019-03-24 00:00:00,,0,6,1,3,2019,83,24,12,27544.0,24232.0,23820.0,24664.621
2019-03-24 01:00:00,,1,6,1,3,2019,83,24,12,26577.0,22877.0,22422.0,23168.658
2019-03-24 02:00:00,,2,6,1,3,2019,83,24,12,26051.0,22036.0,21494.0,22976.416
2019-03-24 03:00:00,,3,6,1,3,2019,83,24,12,25920.0,21620.0,21027.0,22860.04
2019-03-24 04:00:00,,4,6,1,3,2019,83,24,12,26015.0,21467.0,20782.0,22835.607
2019-03-24 05:00:00,,5,6,1,3,2019,83,24,12,26395.0,21645.0,20917.0,22940.037
2019-03-24 06:00:00,,6,6,1,3,2019,83,24,12,27170.0,22228.0,21409.0,23448.068
2019-03-24 07:00:00,,7,6,1,3,2019,83,24,12,28263.0,23287.0,22326.0,24086.518
2019-03-24 08:00:00,,8,6,1,3,2019,83,24,12,29226.0,24323.0,23285.0,25263.096
2019-03-24 09:00:00,,9,6,1,3,2019,83,24,12,30186.0,25884.0,24628.0,26489.809
2019-03-24 10:00:00,,10,6,1,3,2019,83,24,12,30454.0,27231.0,25587.0,27148.865
2019-03-24 11:00:00,,11,6,1,3,2019,83,24,12,30212.0,28078.0,25727.0,27241.404
2019-03-24 12:00:00,,12,6,1,3,2019,83,24,12,29619.0,28517.0,25443.0,27086.838
2019-03-24 13:00:00,,13,6,1,3,2019,83,24,12,29182.0,28670.0,24731.0,26959.908
2019-03-24 14:00:00,,14,6,1,3,2019,83,24,12,28597.0,28544.0,24065.0,26581.807
2019-03-24 15:00:00,,15,6,1,3,2019,83,24,12,27897.0,28382.0,23559.0,26477.379
2019-03-24 16:00:00,,16,6,1,3,2019,83,24,12,27661.0,28404.0,23379.0,26329.537
2019-03-24 17:00:00,,17,6,1,3,2019,83,24,12,27985.0,28840.0,23507.0,26784.688
2019-03-24 18:00:00,,18,6,1,3,2019,83,24,12,28673.0,29579.0,23902.0,27088.578
2019-03-24 19:00:00,,19,6,1,3,2019,83,24,12,29542.0,30045.0,24561.0,27348.379
2019-03-24 20:00:00,,20,6,1,3,2019,83,24,12,31128.0,31162.0,26182.0,28250.754
2019-03-24 21:00:00,,21,6,1,3,2019,83,24,12,32066.0,31083.0,26720.0,28582.287
2019-03-24 22:00:00,,22,6,1,3,2019,83,24,12,31281.0,29875.0,26063.0,27956.89
2019-03-24 23:00:00,,23,6,1,3,2019,83,24,12,29773.0,28007.0,24745.0,27197.758
2019-03-25 00:00:00,,0,0,1,3,2019,84,25,13,28300.0,26181.0,23273.0,25191.234
2019-03-25 01:00:00,,1,0,1,3,2019,84,25,13,27355.0,24896.0,22115.0,23991.176
2019-03-25 02:00:00,,2,0,1,3,2019,84,25,13,26987.0,24182.0,21458.0,23716.098
2019-03-25 03:00:00,,3,0,1,3,2019,84,25,13,27049.0,23870.0,21213.0,23513.932
2019-03-25 04:00:00,,4,0,1,3,2019,84,25,13,27467.0,23936.0,21269.0,23513.932
2019-03-25 05:00:00,,5,0,1,3,2019,84,25,13,28574.0,24577.0,22037.0,24223.84
2019-03-25 06:00:00,,6,0,1,3,2019,84,25,13,31019.0,26677.0,23815.0,26000.941
2019-03-25 07:00:00,,7,0,1,3,2019,84,25,13,34696.0,30082.0,26635.0,29541.697
2019-03-25 08:00:00,,8,0,1,3,2019,84,25,13,36156.0,31921.0,28618.0,30785.621
2019-03-25 09:00:00,,9,0,1,3,2019,84,25,13,35077.0,32110.0,29572.0,30908.133
2019-03-25 10:00:00,,10,0,1,3,2019,84,25,13,33502.0,31990.0,29994.0,30636.19
2019-03-25 11:00:00,,11,0,1,3,2019,84,25,13,32332.0,31798.0,30052.0,30392.387
2019-03-25 12:00:00,,12,0,1,3,2019,84,25,13,31273.0,31155.0,29675.0,29338.795
2019-03-25 13:00:00,,13,0,1,3,2019,84,25,13,30443.0,30478.0,29244.0,28864.861
2019-03-25 14:00:00,,14,0,1,3,2019,84,25,13,29865.0,29939.0,28872.0,28652.352
2019-03-25 15:00:00,,15,0,1,3,2019,84,25,13,29262.0,29452.0,28161.0,28077.469
2019-03-25 16:00:00,,16,0,1,3,2019,84,25,13,28875.0,29001.0,27864.0,27731.3
2019-03-25 17:00:00,,17,0,1,3,2019,84,25,13,29052.0,28834.0,27948.0,27843.379
2019-03-25 18:00:00,,18,0,1,3,2019,84,25,13,29734.0,29009.0,28343.0,28546.645
2019-03-25 19:00:00,,19,0,1,3,2019,84,25,13,30604.0,29205.0,28798.0,28642.52
2019-03-25 20:00:00,,20,0,1,3,2019,84,25,13,32559.0,30499.0,30095.0,30182.027
2019-03-25 21:00:00,,21,0,1,3,2019,84,25,13,33388.0,30860.0,30323.0,30453.012
2019-03-25 22:00:00,,22,0,1,3,2019,84,25,13,32426.0,29409.0,29010.0,29677.725
2019-03-25 23:00:00,,23,0,1,3,2019,84,25,13,30486.0,27151.0,26928.0,27312.016
2019-03-26 00:00:00,,0,1,1,3,2019,85,26,13,28750.0,25054.0,24951.0,25307.766
2019-03-26 01:00:00,,1,1,1,3,2019,85,26,13,27562.0,23498.0,23447.0,23914.836
2019-03-26 02:00:00,,2,1,1,3,2019,85,26,13,27085.0,22652.0,22673.0,23427.945
2019-03-26 03:00:00,,3,1,1,3,2019,85,26,13,27014.0,22285.0,22411.0,23271.7
2019-03-26 04:00:00,,4,1,1,3,2019,85,26,13,27370.0,22150.0,22418.0,23271.7
2019-03-26 05:00:00,,5,1,1,3,2019,85,26,13,28425.0,22741.0,23168.0,24036.352
2019-03-26 06:00:00,,6,1,1,3,2019,85,26,13,30743.0,24683.0,25199.0,25885.734
2019-03-26 07:00:00,,7,1,1,3,2019,85,26,13,34246.0,28106.0,28417.0,29233.514
2019-03-26 08:00:00,,8,1,1,3,2019,85,26,13,35661.0,29909.0,29979.0,30387.34
2019-03-26 09:00:00,,9,1,1,3,2019,85,26,13,35113.0,30251.0,29817.0,30459.309
2019-03-26 10:00:00,,10,1,1,3,2019,85,26,13,33877.0,30542.0,29463.0,30287.328
2019-03-26 11:00:00,,11,1,1,3,2019,85,26,13,32625.0,30797.0,29190.0,29796.445
2019-03-26 12:00:00,,12,1,1,3,2019,85,26,13,32148.0,30701.0,28779.0,29260.936
2019-03-26 13:00:00,,13,1,1,3,2019,85,26,13,31683.0,30558.0,28407.0,29038.627
2019-03-26 14:00:00,,14,1,1,3,2019,85,26,13,31458.0,30229.0,28097.0,28933.98
2019-03-26 15:00:00,,15,1,1,3,2019,85,26,13,31222.0,29659.0,27720.0,28529.426
2019-03-26 16:00:00,,16,1,1,3,2019,85,26,13,31340.0,29636.0,27470.0,28472.762
2019-03-26 17:00:00,,17,1,1,3,2019,85,26,13,31989.0,30034.0,27607.0,28749.965
2019-03-26 18:00:00,,18,1,1,3,2019,85,26,13,32617.0,30582.0,27983.0,29772.91
2019-03-26 19:00:00,,19,1,1,3,2019,85,26,13,33248.0,30757.0,28406.0,30173.387
2019-03-26 20:00:00,,20,1,1,3,2019,85,26,13,34356.0,31478.0,29864.0,30839.23
2019-03-26 21:00:00,,21,1,1,3,2019,85,26,13,34004.0,31302.0,30849.0,31122.523
2019-03-26 22:00:00,,22,1,1,3,2019,85,26,13,32700.0,29802.0,29666.0,29853.904
2019-03-26 23:00:00,,23,1,1,3,2019,85,26,13,30356.0,27442.0,27737.0,27461.438
2019-03-27 00:00:00,,0,2,1,3,2019,86,27,13,28343.0,25314.0,25861.0,25705.512
2019-03-27 01:00:00,,1,2,1,3,2019,86,27,13,26884.0,23890.0,24557.0,24061.52
2019-03-27 02:00:00,,2,2,1,3,2019,86,27,13,26137.0,23014.0,24015.0,23491.32
2019-03-27 03:00:00,,3,2,1,3,2019,86,27,13,25749.0,22635.0,23832.0,23352.648
2019-03-27 04:00:00,,4,2,1,3,2019,86,27,13,25759.0,22593.0,24101.0,23407.55
2019-03-27 05:00:00,,5,2,1,3,2019,86,27,13,26506.0,23293.0,25021.0,23807.535
2019-03-27 06:00:00,,6,2,1,3,2019,86,27,13,28454.0,25264.0,27265.0,25691.71
2019-03-27 07:00:00,,7,2,1,3,2019,86,27,13,31658.0,28667.0,30708.0,28983.77
2019-03-27 08:00:00,,8,2,1,3,2019,86,27,13,33299.0,30366.0,32109.0,30519.14
2019-03-27 09:00:00,,9,2,1,3,2019,86,27,13,33253.0,30267.0,31489.0,30523.36
2019-03-27 10:00:00,,10,2,1,3,2019,86,27,13,32841.0,29697.0,30411.0,30067.09
2019-03-27 11:00:00,,11,2,1,3,2019,86,27,13,32108.0,29073.0,29697.0,29104.934
2019-03-27 12:00:00,,12,2,1,3,2019,86,27,13,31750.0,28385.0,29023.0,28351.393
2019-03-27 13:00:00,,13,2,1,3,2019,86,27,13,31130.0,27867.0,28385.0,28267.443
2019-03-27 14:00:00,,14,2,1,3,2019,86,27,13,30551.0,27650.0,28006.0,27970.871
2019-03-27 15:00:00,,15,2,1,3,2019,86,27,13,30346.0,27317.0,27614.0,27799.762
2019-03-27 16:00:00,,16,2,1,3,2019,86,27,13,30240.0,27236.0,27385.0,27794.48
2019-03-27 17:00:00,,17,2,1,3,2019,86,27,13,30429.0,27540.0,27534.0,27863.0
2019-03-27 18:00:00,,18,2,1,3,2019,86,27,13,30928.0,27963.0,27817.0,28139.305
2019-03-27 19:00:00,,19,2,1,3,2019,86,27,13,31318.0,28392.0,28267.0,28581.434
2019-03-27 20:00:00,,20,2,1,3,2019,86,27,13,32114.0,29726.0,29677.0,29419.703
2019-03-27 21:00:00,,21,2,1,3,2019,86,27,13,31982.0,30557.0,30440.0,29743.805
2019-03-27 22:00:00,,22,2,1,3,2019,86,27,13,30567.0,29477.0,29142.0,28566.854
2019-03-27 23:00:00,,23,2,1,3,2019,86,27,13,28442.0,27349.0,27021.0,26688.89
2019-03-28 00:00:00,,0,3,1,3,2019,87,28,13,26523.0,25534.0,25051.0,24965.93
2019-03-28 01:00:00,,1,3,1,3,2019,87,28,13,24988.0,24165.0,23574.0,23714.863
2019-03-28 02:00:00,,2,3,1,3,2019,87,28,13,24110.0,23531.0,22779.0,22507.262
2019-03-28 03:00:00,,3,3,1,3,2019,87,28,13,23718.0,23358.0,22317.0,22015.062
2019-03-28 04:00:00,,4,3,1,3,2019,87,28,13,23680.0,23526.0,22230.0,22015.062
2019-03-28 05:00:00,,5,3,1,3,2019,87,28,13,24282.0,24400.0,22864.0,22878.191
2019-03-28 06:00:00,,6,3,1,3,2019,87,28,13,26171.0,26661.0,24654.0,24897.66
2019-03-28 07:00:00,,7,3,1,3,2019,87,28,13,29127.0,30307.0,27708.0,27673.598
2019-03-28 08:00:00,,8,3,1,3,2019,87,28,13,30776.0,31802.0,28956.0,29413.37
2019-03-28 09:00:00,,9,3,1,3,2019,87,28,13,31041.0,31672.0,28967.0,29336.562
2019-03-28 10:00:00,,10,3,1,3,2019,87,28,13,30774.0,30932.0,28766.0,28916.414
2019-03-28 11:00:00,,11,3,1,3,2019,87,28,13,30342.0,30508.0,28755.0,28745.918
2019-03-28 12:00:00,,12,3,1,3,2019,87,28,13,29686.0,30066.0,28775.0,28672.857
2019-03-28 13:00:00,,13,3,1,3,2019,87,28,13,29290.0,29562.0,28566.0,27990.81
2019-03-28 14:00:00,,14,3,1,3,2019,87,28,13,28865.0,29396.0,28462.0,28033.855
2019-03-28 15:00:00,,15,3,1,3,2019,87,28,13,28497.0,29511.0,28374.0,28001.988
2019-03-28 16:00:00,,16,3,1,3,2019,87,28,13,28270.0,29583.0,28168.0,27920.602
2019-03-28 17:00:00,,17,3,1,3,2019,87,28,13,28337.0,30102.0,28220.0,28319.371
2019-03-28 18:00:00,,18,3,1,3,2019,87,28,13,28559.0,30789.0,28324.0,28362.309
2019-03-28 19:00:00,,19,3,1,3,2019,87,28,13,28689.0,31239.0,28263.0,28623.531
2019-03-28 20:00:00,,20,3,1,3,2019,87,28,13,29537.0,32283.0,29255.0,29165.977
2019-03-28 21:00:00,,21,3,1,3,2019,87,28,13,29667.0,32184.0,29661.0,29642.215
2019-03-28 22:00:00,,22,3,1,3,2019,87,28,13,28556.0,30872.0,28336.0,28202.014
2019-03-28 23:00:00,,23,3,1,3,2019,87,28,13,26674.0,28674.0,26158.0,26479.445
2019-03-29 00:00:00,,0,4,1,3,2019,88,29,13,24733.0,26711.0,24074.0,24726.504
2019-03-29 01:00:00,,1,4,1,3,2019,88,29,13,23209.0,25277.0,22516.0,22673.883
2019-03-29 02:00:00,,2,4,1,3,2019,88,29,13,22265.0,24511.0,21566.0,22008.336
2019-03-29 03:00:00,,3,4,1,3,2019,88,29,13,21772.0,24151.0,21112.0,21978.88
2019-03-29 04:00:00,,4,4,1,3,2019,88,29,13,21547.0,24203.0,20905.0,21978.88
2019-03-29 05:00:00,,5,4,1,3,2019,88,29,13,21942.0,24888.0,21327.0,22120.63
2019-03-29 06:00:00,,6,4,1,3,2019,88,29,13,23182.0,26898.0,22984.0,23562.36
2019-03-29 07:00:00,,7,4,1,3,2019,88,29,13,25159.0,30363.0,25943.0,26178.082
2019-03-29 08:00:00,,8,4,1,3,2019,88,29,13,26598.0,32425.0,27843.0,27722.91
2019-03-29 09:00:00,,9,4,1,3,2019,88,29,13,27597.0,32889.0,28749.0,28623.816
2019-03-29 10:00:00,,10,4,1,3,2019,88,29,13,28198.0,33217.0,29340.0,29272.527
2019-03-29 11:00:00,,11,4,1,3,2019,88,29,13,28366.0,33503.0,29765.0,29446.535
2019-03-29 12:00:00,,12,4,1,3,2019,88,29,13,28410.0,33443.0,29783.0,29392.041
2019-03-29 13:00:00,,13,4,1,3,2019,88,29,13,28035.0,33243.0,29364.0,29313.994
2019-03-29 14:00:00,,14,4,1,3,2019,88,29,13,27493.0,33059.0,29073.0,29184.418
2019-03-29 15:00:00,,15,4,1,3,2019,88,29,13,27174.0,32664.0,28911.0,28822.5
2019-03-29 16:00:00,,16,4,1,3,2019,88,29,13,27438.0,32373.0,29017.0,28636.887
2019-03-29 17:00:00,,17,4,1,3,2019,88,29,13,27583.0,32315.0,29239.0,28738.871
2019-03-29 18:00:00,,18,4,1,3,2019,88,29,13,27824.0,32311.0,29451.0,28804.25
2019-03-29 19:00:00,,19,4,1,3,2019,88,29,13,27841.0,32040.0,29257.0,28755.328
2019-03-29 20:00:00,,20,4,1,3,2019,88,29,13,28436.0,32361.0,29591.0,29041.203
2019-03-29 21:00:00,,21,4,1,3,2019,88,29,13,28818.0,31893.0,29485.0,29132.355
2019-03-29 22:00:00,,22,4,1,3,2019,88,29,13,28135.0,30721.0,28237.0,28085.084
2019-03-29 23:00:00,,23,4,1,3,2019,88,29,13,26829.0,28886.0,26355.0,26563.83
2019-03-30 00:00:00,,0,5,1,3,2019,89,30,13,25439.0,26877.0,24213.0,25016.77
2019-03-30 01:00:00,,1,5,1,3,2019,89,30,13,24245.0,25597.0,22434.0,23417.29
2019-03-30 02:00:00,,2,5,1,3,2019,89,30,13,23538.0,24684.0,21282.0,22379.83
2019-03-30 03:00:00,,3,5,1,3,2019,89,30,13,23222.0,24202.0,20556.0,22233.781
2019-03-30 04:00:00,,4,5,1,3,2019,89,30,13,23232.0,23963.0,20135.0,22045.23
2019-03-30 05:00:00,,5,5,1,3,2019,89,30,13,23625.0,24148.0,20084.0,22363.992
2019-03-30 06:00:00,,6,5,1,3,2019,89,30,13,24516.0,24892.0,20526.0,22946.076
2019-03-30 07:00:00,,7,5,1,3,2019,89,30,13,25849.0,26212.0,21593.0,24030.22
2019-03-30 08:00:00,,8,5,1,3,2019,89,30,13,26987.0,27346.0,22706.0,25252.4
2019-03-30 09:00:00,,9,5,1,3,2019,89,30,13,27441.0,28555.0,24313.0,25964.924
2019-03-30 10:00:00,,10,5,1,3,2019,89,30,13,27200.0,28902.0,25694.0,26654.47
2019-03-30 11:00:00,,11,5,1,3,2019,89,30,13,26497.0,28946.0,26368.0,26398.682
2019-03-30 12:00:00,,12,5,1,3,2019,89,30,13,25605.0,28643.0,26339.0,26240.184
2019-03-30 13:00:00,,13,5,1,3,2019,89,30,13,24774.0,28099.0,25837.0,25940.715
2019-03-30 14:00:00,,14,5,1,3,2019,89,30,13,24020.0,27481.0,25327.0,25516.383
2019-03-30 15:00:00,,15,5,1,3,2019,89,30,13,23468.0,27016.0,24774.0,24967.71
2019-03-30 16:00:00,,16,5,1,3,2019,89,30,13,23365.0,26720.0,24476.0,24870.021
2019-03-30 17:00:00,,17,5,1,3,2019,89,30,13,23756.0,27039.0,24519.0,25075.15
2019-03-30 18:00:00,,18,5,1,3,2019,89,30,13,24529.0,27472.0,24804.0,25394.174
2019-03-30 19:00:00,,19,5,1,3,2019,89,30,13,25354.0,27892.0,25160.0,26036.295
2019-03-30 20:00:00,,20,5,1,3,2019,89,30,13,26827.0,29016.0,26333.0,26842.916
2019-03-30 21:00:00,,21,5,1,3,2019,89,30,13,27834.0,29403.0,26981.0,27334.225
2019-03-30 22:00:00,,22,5,1,3,2019,89,30,13,27414.0,28663.0,26262.0,26830.059
2019-03-30 23:00:00,,23,5,1,3,2019,89,30,13,26400.0,27361.0,25014.0,25785.086
2019-03-31 00:00:00,,0,6,1,3,2019,90,31,13,24991.0,25895.0,23596.0,24507.574
2019-03-31 01:00:00,,1,6,1,3,2019,90,31,13,23687.0,24587.0,22457.0,22769.633
2019-03-31 02:00:00,,2,6,1,3,2019,90,31,13,22858.0,23759.0,21822.0,22189.473
2019-03-31 03:00:00,,3,6,1,3,2019,90,31,13,22333.0,23346.0,21531.0,21714.15
2019-03-31 04:00:00,,4,6,1,3,2019,90,31,13,22058.0,23251.0,21591.0,21706.922
2019-03-31 05:00:00,,5,6,1,3,2019,90,31,13,22093.0,23469.0,22027.0,21876.969
2019-03-31 06:00:00,,6,6,1,3,2019,90,31,13,22525.0,24182.0,22830.0,22537.523
2019-03-31 07:00:00,,7,6,1,3,2019,90,31,13,23366.0,25136.0,24060.0,23476.455
2019-03-31 08:00:00,,8,6,1,3,2019,90,31,13,24180.0,25751.0,25165.0,24691.777
2019-03-31 09:00:00,,9,6,1,3,2019,90,31,13,25359.0,25999.0,26331.0,25406.518
2019-03-31 10:00:00,,10,6,1,3,2019,90,31,13,26121.0,25849.0,27036.0,25795.48
2019-03-31 11:00:00,,11,6,1,3,2019,90,31,13,26147.0,25436.0,27305.0,25637.146
2019-03-31 12:00:00,,12,6,1,3,2019,90,31,13,25935.0,24933.0,27331.0,25412.758
2019-03-31 13:00:00,,13,6,1,3,2019,90,31,13,25271.0,24486.0,27068.0,25262.773
2019-03-31 14:00:00,,14,6,1,3,2019,90,31,13,24347.0,24032.0,26512.0,24936.816
2019-03-31 15:00:00,,15,6,1,3,2019,90,31,13,23813.0,23669.0,25937.0,24655.88
2019-03-31 16:00:00,,16,6,1,3,2019,90,31,13,23217.0,23592.0,25660.0,24473.719
2019-03-31 17:00:00,,17,6,1,3,2019,90,31,13,22984.0,24094.0,25838.0,24670.559
2019-03-31 18:00:00,,18,6,1,3,2019,90,31,13,23279.0,24936.0,26488.0,24931.957
2019-03-31 19:00:00,,19,6,1,3,2019,90,31,13,23907.0,25690.0,27276.0,25693.846
2019-03-31 20:00:00,,20,6,1,3,2019,90,31,13,25649.0,27240.0,28878.0,26891.76
2019-03-31 21:00:00,,21,6,1,3,2019,90,31,13,26788.0,28358.0,30108.0,27392.959
2019-03-31 22:00:00,,22,6,1,3,2019,90,31,13,26292.0,27360.0,29184.0,26802.65
2019-03-31 23:00:00,,23,6,1,3,2019,90,31,13,25160.0,25693.0,27560.0,25679.162
2019-04-01 00:00:00,,0,0,2,4,2019,91,1,14,23768.0,24090.0,25868.0,24065.914
2019-04-01 01:00:00,,1,0,2,4,2019,91,1,14,22845.0,22877.0,24495.0,22589.887
2019-04-01 02:00:00,,2,0,2,4,2019,91,1,14,22283.0,22260.0,23804.0,22376.504
2019-04-01 03:00:00,,3,0,2,4,2019,91,1,14,22184.0,22115.0,23454.0,22303.727
2019-04-01 04:00:00,,4,0,2,4,2019,91,1,14,22574.0,22327.0,23541.0,22310.953
2019-04-01 05:00:00,,5,0,2,4,2019,91,1,14,23682.0,23244.0,24231.0,22677.406
2019-04-01 06:00:00,,6,0,2,4,2019,91,1,14,25846.0,25556.0,26307.0,24986.312
2019-04-01 07:00:00,,7,0,2,4,2019,91,1,14,28833.0,29084.0,29673.0,27634.625
2019-04-01 08:00:00,,8,0,2,4,2019,91,1,14,30950.0,30541.0,31304.0,29804.889
2019-04-01 09:00:00,,9,0,2,4,2019,91,1,14,32100.0,30236.0,31348.0,30055.18
2019-04-01 10:00:00,,10,0,2,4,2019,91,1,14,32598.0,29366.0,31062.0,30272.23
2019-04-01 11:00:00,,11,0,2,4,2019,91,1,14,32703.0,28633.0,30829.0,30176.53
2019-04-01 12:00:00,,12,0,2,4,2019,91,1,14,32651.0,28239.0,30663.0,29611.898
2019-04-01 13:00:00,,13,0,2,4,2019,91,1,14,31969.0,27920.0,30465.0,28928.373
2019-04-01 14:00:00,,14,0,2,4,2019,91,1,14,31409.0,27743.0,30379.0,28703.488
2019-04-01 15:00:00,,15,0,2,4,2019,91,1,14,30779.0,27726.0,30257.0,28655.191
2019-04-01 16:00:00,,16,0,2,4,2019,91,1,14,30349.0,27800.0,30162.0,28529.324
2019-04-01 17:00:00,,17,0,2,4,2019,91,1,14,30358.0,28088.0,30459.0,28722.098
2019-04-01 18:00:00,,18,0,2,4,2019,91,1,14,30778.0,28592.0,31051.0,29394.184
2019-04-01 19:00:00,,19,0,2,4,2019,91,1,14,31244.0,28950.0,31383.0,29720.465
2019-04-01 20:00:00,,20,0,2,4,2019,91,1,14,32396.0,30195.0,31963.0,30667.938
2019-04-01 21:00:00,,21,0,2,4,2019,91,1,14,32800.0,30239.0,32107.0,30817.645
2019-04-01 22:00:00,,22,0,2,4,2019,91,1,14,31579.0,28711.0,30930.0,29580.123
2019-04-01 23:00:00,,23,0,2,4,2019,91,1,14,29663.0,26536.0,28924.0,27568.348
2019-04-02 00:00:00,,0,1,2,4,2019,92,2,14,27807.0,24578.0,27169.0,25460.93
2019-04-02 01:00:00,,1,1,2,4,2019,92,2,14,26347.0,23139.0,25968.0,24239.04
2019-04-02 02:00:00,,2,1,2,4,2019,92,2,14,25635.0,22304.0,25449.0,23821.04
2019-04-02 03:00:00,,3,1,2,4,2019,92,2,14,25259.0,21874.0,25461.0,23741.336
2019-04-02 04:00:00,,4,1,2,4,2019,92,2,14,25291.0,21789.0,25697.0,23875.281
2019-04-02 05:00:00,,5,1,2,4,2019,92,2,14,25940.0,22262.0,26814.0,24108.55
2019-04-02 06:00:00,,6,1,2,4,2019,92,2,14,27876.0,24123.0,29231.0,25883.633
2019-04-02 07:00:00,,7,1,2,4,2019,92,2,14,30943.0,27404.0,33070.0,28816.309
2019-04-02 08:00:00,,8,1,2,4,2019,92,2,14,32520.0,29077.0,34736.0,30890.078
2019-04-02 09:00:00,,9,1,2,4,2019,92,2,14,32979.0,29374.0,34299.0,30790.89
2019-04-02 10:00:00,,10,1,2,4,2019,92,2,14,33026.0,29407.0,33589.0,31004.86
2019-04-02 11:00:00,,11,1,2,4,2019,92,2,14,33238.0,29341.0,32972.0,30879.646
2019-04-02 12:00:00,,12,1,2,4,2019,92,2,14,33153.0,29200.0,32379.0,30652.137
2019-04-02 13:00:00,,13,1,2,4,2019,92,2,14,32946.0,29124.0,31773.0,30534.729
2019-04-02 14:00:00,,14,1,2,4,2019,92,2,14,32704.0,29163.0,31186.0,30434.07
2019-04-02 15:00:00,,15,1,2,4,2019,92,2,14,32351.0,28938.0,30522.0,29988.434
2019-04-02 16:00:00,,16,1,2,4,2019,92,2,14,32098.0,28709.0,30027.0,29399.426
2019-04-02 17:00:00,,17,1,2,4,2019,92,2,14,32199.0,28883.0,30002.0,29422.102
2019-04-02 18:00:00,,18,1,2,4,2019,92,2,14,32379.0,29162.0,30413.0,29963.82
2019-04-02 19:00:00,,19,1,2,4,2019,92,2,14,32490.0,29299.0,31001.0,30442.238
2019-04-02 20:00:00,,20,1,2,4,2019,92,2,14,33128.0,30037.0,32531.0,30965.594
2019-04-02 21:00:00,,21,1,2,4,2019,92,2,14,32862.0,30503.0,33989.0,31187.977
2019-04-02 22:00:00,,22,1,2,4,2019,92,2,14,31488.0,29051.0,32984.0,30048.666
2019-04-02 23:00:00,,23,1,2,4,2019,92,2,14,29128.0,26613.0,30950.0,27792.016
2019-04-03 00:00:00,,0,2,2,4,2019,93,3,14,27114.0,24408.0,28908.0,25819.777
2019-04-03 01:00:00,,1,2,2,4,2019,93,3,14,25618.0,22777.0,27704.0,24572.684
2019-04-03 02:00:00,,2,2,2,4,2019,93,3,14,24786.0,21844.0,27173.0,23931.195
2019-04-03 03:00:00,,3,2,2,4,2019,93,3,14,24348.0,21355.0,27025.0,23733.555
2019-04-03 04:00:00,,4,2,2,4,2019,93,3,14,24207.0,21266.0,27300.0,23816.168
2019-04-03 05:00:00,,5,2,2,4,2019,93,3,14,24833.0,21732.0,28221.0,24798.215
2019-04-03 06:00:00,,6,2,2,4,2019,93,3,14,26671.0,23615.0,30635.0,25461.594
2019-04-03 07:00:00,,7,2,2,4,2019,93,3,14,29550.0,26904.0,34141.0,28659.348
2019-04-03 08:00:00,,8,2,2,4,2019,93,3,14,30907.0,28391.0,35242.0,30113.08
2019-04-03 09:00:00,,9,2,2,4,2019,93,3,14,31008.0,28459.0,34011.0,29749.379
2019-04-03 10:00:00,,10,2,2,4,2019,93,3,14,30657.0,28126.0,32597.0,29293.875
2019-04-03 11:00:00,,11,2,2,4,2019,93,3,14,30553.0,28094.0,31667.0,29169.146
2019-04-03 12:00:00,,12,2,2,4,2019,93,3,14,30459.0,27860.0,30957.0,28971.102
2019-04-03 13:00:00,,13,2,2,4,2019,93,3,14,30658.0,27607.0,30234.0,28409.506
2019-04-03 14:00:00,,14,2,2,4,2019,93,3,14,30308.0,27521.0,29814.0,28267.887
2019-04-03 15:00:00,,15,2,2,4,2019,93,3,14,29544.0,27449.0,29389.0,27805.328
2019-04-03 16:00:00,,16,2,2,4,2019,93,3,14,28794.0,27510.0,29083.0,27646.203
2019-04-03 17:00:00,,17,2,2,4,2019,93,3,14,28680.0,27866.0,29211.0,27738.672
2019-04-03 18:00:00,,18,2,2,4,2019,93,3,14,29134.0,28148.0,29644.0,27938.832
2019-04-03 19:00:00,,19,2,2,4,2019,93,3,14,29925.0,28294.0,30168.0,28666.14
2019-04-03 20:00:00,,20,2,2,4,2019,93,3,14,31544.0,29312.0,31596.0,29842.387
2019-04-03 21:00:00,,21,2,2,4,2019,93,3,14,32732.0,29884.0,32449.0,30852.863
2019-04-03 22:00:00,,22,2,2,4,2019,93,3,14,31815.0,28508.0,31086.0,29351.213
2019-04-03 23:00:00,,23,2,2,4,2019,93,3,14,30021.0,26240.0,28706.0,27464.605
2019-04-04 00:00:00,,0,3,2,4,2019,94,4,14,28335.0,24118.0,26419.0,25609.73
2019-04-04 01:00:00,,1,3,2,4,2019,94,4,14,27067.0,22584.0,24820.0,23947.285
2019-04-04 02:00:00,,2,3,2,4,2019,94,4,14,26590.0,21764.0,23942.0,23497.86
2019-04-04 03:00:00,,3,3,2,4,2019,94,4,14,26391.0,21303.0,23449.0,23308.629
2019-04-04 04:00:00,,4,3,2,4,2019,94,4,14,26528.0,21293.0,23365.0,23308.629
2019-04-04 05:00:00,,5,3,2,4,2019,94,4,14,27387.0,21892.0,23877.0,23725.254
2019-04-04 06:00:00,,6,3,2,4,2019,94,4,14,29625.0,23833.0,25793.0,25638.941
2019-04-04 07:00:00,,7,3,2,4,2019,94,4,14,32813.0,27413.0,28907.0,28575.057
2019-04-04 08:00:00,,8,3,2,4,2019,94,4,14,34014.0,29465.0,30418.0,30245.941
2019-04-04 09:00:00,,9,3,2,4,2019,94,4,14,33367.0,30266.0,30592.0,30073.863
2019-04-04 10:00:00,,10,3,2,4,2019,94,4,14,32714.0,30706.0,30669.0,30074.734
2019-04-04 11:00:00,,11,3,2,4,2019,94,4,14,32013.0,31113.0,30863.0,30211.064
2019-04-04 12:00:00,,12,3,2,4,2019,94,4,14,31366.0,31283.0,30920.0,30154.266
2019-04-04 13:00:00,,13,3,2,4,2019,94,4,14,30667.0,31121.0,30536.0,29699.146
2019-04-04 14:00:00,,14,3,2,4,2019,94,4,14,30194.0,30840.0,30029.0,29256.926
2019-04-04 15:00:00,,15,3,2,4,2019,94,4,14,29520.0,30708.0,29236.0,28551.293
2019-04-04 16:00:00,,16,3,2,4,2019,94,4,14,29267.0,30536.0,28740.0,28420.227
2019-04-04 17:00:00,,17,3,2,4,2019,94,4,14,29410.0,30404.0,28739.0,28471.945
2019-04-04 18:00:00,,18,3,2,4,2019,94,4,14,29897.0,30010.0,29084.0,28747.89
2019-04-04 19:00:00,,19,3,2,4,2019,94,4,14,30448.0,29910.0,29287.0,28812.297
2019-04-04 20:00:00,,20,3,2,4,2019,94,4,14,31934.0,30688.0,30205.0,29584.715
2019-04-04 21:00:00,,21,3,2,4,2019,94,4,14,33026.0,31131.0,30747.0,30953.219
2019-04-04 22:00:00,,22,3,2,4,2019,94,4,14,32113.0,29861.0,29533.0,29234.51
2019-04-04 23:00:00,,23,3,2,4,2019,94,4,14,30206.0,27751.0,27472.0,27394.102
2019-04-05 00:00:00,,0,4,2,4,2019,95,5,14,28504.0,25924.0,25478.0,25773.629
2019-04-05 01:00:00,,1,4,2,4,2019,95,5,14,27125.0,24268.0,24052.0,24368.422
2019-04-05 02:00:00,,2,4,2,4,2019,95,5,14,26390.0,23478.0,23394.0,23355.773
2019-04-05 03:00:00,,3,4,2,4,2019,95,5,14,26022.0,23098.0,23164.0,22919.652
2019-04-05 04:00:00,,4,4,2,4,2019,95,5,14,25951.0,23132.0,23270.0,22978.746
2019-04-05 05:00:00,,5,4,2,4,2019,95,5,14,26571.0,23799.0,24045.0,23710.52
2019-04-05 06:00:00,,6,4,2,4,2019,95,5,14,28491.0,25820.0,26183.0,25667.973
2019-04-05 07:00:00,,7,4,2,4,2019,95,5,14,31391.0,29166.0,29532.0,28202.137
2019-04-05 08:00:00,,8,4,2,4,2019,95,5,14,32926.0,30900.0,31010.0,30356.234
2019-04-05 09:00:00,,9,4,2,4,2019,95,5,14,33234.0,31533.0,31053.0,30799.125
2019-04-05 10:00:00,,10,4,2,4,2019,95,5,14,32944.0,31544.0,30972.0,30879.61
2019-04-05 11:00:00,,11,4,2,4,2019,95,5,14,32291.0,31403.0,30994.0,30593.38
2019-04-05 12:00:00,,12,4,2,4,2019,95,5,14,31576.0,31130.0,30772.0,30125.422
2019-04-05 13:00:00,,13,4,2,4,2019,95,5,14,30678.0,30668.0,30336.0,29232.33
2019-04-05 14:00:00,,14,4,2,4,2019,95,5,14,29751.0,30136.0,29963.0,29129.922
2019-04-05 15:00:00,,15,4,2,4,2019,95,5,14,28557.0,29787.0,29310.0,28063.25
2019-04-05 16:00:00,,16,4,2,4,2019,95,5,14,27947.0,29861.0,28816.0,27983.902
2019-04-05 17:00:00,,17,4,2,4,2019,95,5,14,28044.0,30352.0,28567.0,28266.738
2019-04-05 18:00:00,,18,4,2,4,2019,95,5,14,28440.0,30741.0,28583.0,28379.156
2019-04-05 19:00:00,,19,4,2,4,2019,95,5,14,28550.0,31009.0,28774.0,28483.574
2019-04-05 20:00:00,,20,4,2,4,2019,95,5,14,29273.0,31789.0,29784.0,29171.488
2019-04-05 21:00:00,,21,4,2,4,2019,95,5,14,29536.0,32096.0,30779.0,29986.832
2019-04-05 22:00:00,,22,4,2,4,2019,95,5,14,28551.0,31090.0,30033.0,28634.385
2019-04-05 23:00:00,,23,4,2,4,2019,95,5,14,26949.0,29442.0,28485.0,27369.318
2019-04-06 00:00:00,,0,5,2,4,2019,96,6,14,25280.0,27571.0,26829.0,25779.85
2019-04-06 01:00:00,,1,5,2,4,2019,96,6,14,23868.0,26003.0,25487.0,24479.176
2019-04-06 02:00:00,,2,5,2,4,2019,96,6,14,22985.0,25096.0,24809.0,23263.998
2019-04-06 03:00:00,,3,5,2,4,2019,96,6,14,22599.0,24679.0,24453.0,23031.742
2019-04-06 04:00:00,,4,5,2,4,2019,96,6,14,22422.0,24544.0,24383.0,23031.742
2019-04-06 05:00:00,,5,5,2,4,2019,96,6,14,22764.0,24877.0,24574.0,23193.018
2019-04-06 06:00:00,,6,5,2,4,2019,96,6,14,23665.0,25735.0,25321.0,24195.293
2019-04-06 07:00:00,,7,5,2,4,2019,96,6,14,25076.0,26928.0,26449.0,25389.146
2019-04-06 08:00:00,,8,5,2,4,2019,96,6,14,26548.0,27755.0,27598.0,26116.738
2019-04-06 09:00:00,,9,5,2,4,2019,96,6,14,28196.0,28083.0,29124.0,27046.63
2019-04-06 10:00:00,,10,5,2,4,2019,96,6,14,29159.0,27782.0,30134.0,27506.969
2019-04-06 11:00:00,,11,5,2,4,2019,96,6,14,29707.0,27233.0,30755.0,28384.145
2019-04-06 12:00:00,,12,5,2,4,2019,96,6,14,29447.0,26487.0,30896.0,27811.838
2019-04-06 13:00:00,,13,5,2,4,2019,96,6,14,28779.0,25743.0,30630.0,27316.05
2019-04-06 14:00:00,,14,5,2,4,2019,96,6,14,27938.0,25013.0,30238.0,26961.123
2019-04-06 15:00:00,,15,5,2,4,2019,96,6,14,27224.0,24451.0,29816.0,26507.566
2019-04-06 16:00:00,,16,5,2,4,2019,96,6,14,27013.0,24175.0,29544.0,26510.65
2019-04-06 17:00:00,,17,5,2,4,2019,96,6,14,27317.0,24487.0,29624.0,26533.326
2019-04-06 18:00:00,,18,5,2,4,2019,96,6,14,28008.0,24951.0,29798.0,26874.1
2019-04-06 19:00:00,,19,5,2,4,2019,96,6,14,28608.0,25364.0,30008.0,27270.783
2019-04-06 20:00:00,,20,5,2,4,2019,96,6,14,29663.0,26400.0,31009.0,28589.932
2019-04-06 21:00:00,,21,5,2,4,2019,96,6,14,30278.0,27641.0,31824.0,28908.566
2019-04-06 22:00:00,,22,5,2,4,2019,96,6,14,29612.0,27145.0,31196.0,28388.787
2019-04-06 23:00:00,,23,5,2,4,2019,96,6,14,28544.0,26040.0,29927.0,27037.82
2019-04-07 00:00:00,,0,6,2,4,2019,97,7,14,27263.0,24720.0,28433.0,25917.736
2019-04-07 01:00:00,,1,6,2,4,2019,97,7,14,26151.0,23540.0,27189.0,24745.65
2019-04-07 02:00:00,,2,6,2,4,2019,97,7,14,25596.0,22888.0,26521.0,24117.387
2019-04-07 03:00:00,,3,6,2,4,2019,97,7,14,25321.0,22637.0,26172.0,24045.031
2019-04-07 04:00:00,,4,6,2,4,2019,97,7,14,25394.0,22651.0,26119.0,24045.031
2019-04-07 05:00:00,,5,6,2,4,2019,97,7,14,25741.0,22981.0,26351.0,24151.262
2019-04-07 06:00:00,,6,6,2,4,2019,97,7,14,26512.0,23737.0,27078.0,24659.5
2019-04-07 07:00:00,,7,6,2,4,2019,97,7,14,27538.0,24681.0,27941.0,25636.639
2019-04-07 08:00:00,,8,6,2,4,2019,97,7,14,28214.0,25286.0,28473.0,26222.857
2019-04-07 09:00:00,,9,6,2,4,2019,97,7,14,28450.0,25340.0,28727.0,26408.84
2019-04-07 10:00:00,,10,6,2,4,2019,97,7,14,28043.0,25006.0,28584.0,26343.496
2019-04-07 11:00:00,,11,6,2,4,2019,97,7,14,27663.0,24534.0,28141.0,26175.693
2019-04-07 12:00:00,,12,6,2,4,2019,97,7,14,27268.0,24071.0,27573.0,25692.525
2019-04-07 13:00:00,,13,6,2,4,2019,97,7,14,26835.0,23678.0,26920.0,25312.406
2019-04-07 14:00:00,,14,6,2,4,2019,97,7,14,26368.0,23323.0,26230.0,25069.064
2019-04-07 15:00:00,,15,6,2,4,2019,97,7,14,26001.0,23063.0,25632.0,25047.668
2019-04-07 16:00:00,,16,6,2,4,2019,97,7,14,25965.0,23084.0,25395.0,24973.744
2019-04-07 17:00:00,,17,6,2,4,2019,97,7,14,26539.0,23605.0,25775.0,25205.654
2019-04-07 18:00:00,,18,6,2,4,2019,97,7,14,27476.0,24412.0,26590.0,25804.03
2019-04-07 19:00:00,,19,6,2,4,2019,97,7,14,28402.0,25062.0,27475.0,26430.012
2019-04-07 20:00:00,,20,6,2,4,2019,97,7,14,30247.0,26285.0,29054.0,27813.293
2019-04-07 21:00:00,,21,6,2,4,2019,97,7,14,31615.0,27541.0,30279.0,28592.648
2019-04-07 22:00:00,,22,6,2,4,2019,97,7,14,30820.0,26601.0,29400.0,27939.344
2019-04-07 23:00:00,,23,6,2,4,2019,97,7,14,29306.0,24791.0,27641.0,26460.729
2019-04-08 00:00:00,,0,0,2,4,2019,98,8,15,27753.0,23076.0,25784.0,24832.309
2019-04-08 01:00:00,,1,0,2,4,2019,98,8,15,26692.0,21826.0,24497.0,23676.586
2019-04-08 02:00:00,,2,0,2,4,2019,98,8,15,26206.0,21099.0,23763.0,23374.18
2019-04-08 03:00:00,,3,0,2,4,2019,98,8,15,26060.0,20914.0,23463.0,23308.629
2019-04-08 04:00:00,,4,0,2,4,2019,98,8,15,26284.0,21015.0,23484.0,23308.629
2019-04-08 05:00:00,,5,0,2,4,2019,98,8,15,27198.0,21783.0,24206.0,23734.453
2019-04-08 06:00:00,,6,0,2,4,2019,98,8,15,29515.0,23890.0,26330.0,25474.844
2019-04-08 07:00:00,,7,0,2,4,2019,98,8,15,32853.0,26874.0,29771.0,28635.268
2019-04-08 08:00:00,,8,0,2,4,2019,98,8,15,34294.0,28379.0,31437.0,30438.473
2019-04-08 09:00:00,,9,0,2,4,2019,98,8,15,34155.0,28190.0,31746.0,30599.66
2019-04-08 10:00:00,,10,0,2,4,2019,98,8,15,33565.0,27867.0,31738.0,30200.998
2019-04-08 11:00:00,,11,0,2,4,2019,98,8,15,32318.0,27833.0,31550.0,29859.045
2019-04-08 12:00:00,,12,0,2,4,2019,98,8,15,31076.0,27814.0,30908.0,28902.746
2019-04-08 13:00:00,,13,0,2,4,2019,98,8,15,30541.0,27666.0,29716.0,28179.463
2019-04-08 14:00:00,,14,0,2,4,2019,98,8,15,30351.0,27747.0,29079.0,28163.582
2019-04-08 15:00:00,,15,0,2,4,2019,98,8,15,30149.0,27860.0,28634.0,28250.164
2019-04-08 16:00:00,,16,0,2,4,2019,98,8,15,30519.0,28138.0,28410.0,28322.637
2019-04-08 17:00:00,,17,0,2,4,2019,98,8,15,31292.0,28575.0,28685.0,28593.895
2019-04-08 18:00:00,,18,0,2,4,2019,98,8,15,32100.0,28985.0,29046.0,29201.75
2019-04-08 19:00:00,,19,0,2,4,2019,98,8,15,32646.0,28868.0,29201.0,29792.758
2019-04-08 20:00:00,,20,0,2,4,2019,98,8,15,33631.0,29491.0,29934.0,30454.676
2019-04-08 21:00:00,,21,0,2,4,2019,98,8,15,33774.0,30240.0,30702.0,30874.96
2019-04-08 22:00:00,,22,0,2,4,2019,98,8,15,32276.0,28768.0,29226.0,29512.686
2019-04-08 23:00:00,,23,0,2,4,2019,98,8,15,30052.0,26484.0,26798.0,27068.52
2019-04-09 00:00:00,,0,1,2,4,2019,99,9,15,28022.0,24231.0,24610.0,24900.7
2019-04-09 01:00:00,,1,1,2,4,2019,99,9,15,26610.0,22481.0,22997.0,23195.652
2019-04-09 02:00:00,,2,1,2,4,2019,99,9,15,25889.0,21437.0,22127.0,22641.766
2019-04-09 03:00:00,,3,1,2,4,2019,99,9,15,25593.0,20882.0,21670.0,22401.836
2019-04-09 04:00:00,,4,1,2,4,2019,99,9,15,25687.0,20713.0,21531.0,22325.691
2019-04-09 05:00:00,,5,1,2,4,2019,99,9,15,26504.0,21178.0,22100.0,22667.36
2019-04-09 06:00:00,,6,1,2,4,2019,99,9,15,28683.0,22861.0,23922.0,24503.621
2019-04-09 07:00:00,,7,1,2,4,2019,99,9,15,32161.0,25593.0,27357.0,27136.87
2019-04-09 08:00:00,,8,1,2,4,2019,99,9,15,33535.0,27050.0,29244.0,29111.334
2019-04-09 09:00:00,,9,1,2,4,2019,99,9,15,32948.0,27609.0,29933.0,29422.73
2019-04-09 10:00:00,,10,1,2,4,2019,99,9,15,31872.0,27875.0,30320.0,28614.043
2019-04-09 11:00:00,,11,1,2,4,2019,99,9,15,31268.0,28278.0,30517.0,28765.393
2019-04-09 12:00:00,,12,1,2,4,2019,99,9,15,30803.0,28625.0,30196.0,28712.164
2019-04-09 13:00:00,,13,1,2,4,2019,99,9,15,30142.0,29015.0,29659.0,28530.803
2019-04-09 14:00:00,,14,1,2,4,2019,99,9,15,29694.0,29663.0,29039.0,28599.742
2019-04-09 15:00:00,,15,1,2,4,2019,99,9,15,29138.0,30048.0,28239.0,28154.48
2019-04-09 16:00:00,,16,1,2,4,2019,99,9,15,28806.0,30497.0,27827.0,28137.355
2019-04-09 17:00:00,,17,1,2,4,2019,99,9,15,28961.0,31043.0,27864.0,28228.598
2019-04-09 18:00:00,,18,1,2,4,2019,99,9,15,29397.0,31432.0,28168.0,28716.492
2019-04-09 19:00:00,,19,1,2,4,2019,99,9,15,29947.0,31234.0,28293.0,29205.082
2019-04-09 20:00:00,,20,1,2,4,2019,99,9,15,31298.0,31482.0,29219.0,29530.938
2019-04-09 21:00:00,,21,1,2,4,2019,99,9,15,32509.0,32078.0,30582.0,30744.281
2019-04-09 22:00:00,,22,1,2,4,2019,99,9,15,31565.0,30515.0,29468.0,29155.479
2019-04-09 23:00:00,,23,1,2,4,2019,99,9,15,29615.0,27934.0,27339.0,27247.07
2019-04-10 00:00:00,,0,2,2,4,2019,100,10,15,27799.0,25521.0,25240.0,25264.32
2019-04-10 01:00:00,,1,2,2,4,2019,100,10,15,26672.0,23595.0,23911.0,23829.094
2019-04-10 02:00:00,,2,2,2,4,2019,100,10,15,26274.0,22353.0,23305.0,22983.402
2019-04-10 03:00:00,,3,2,2,4,2019,100,10,15,26271.0,21702.0,23126.0,22751.082
2019-04-10 04:00:00,,4,2,2,4,2019,100,10,15,26538.0,21359.0,23258.0,22810.176
2019-04-10 05:00:00,,5,2,2,4,2019,100,10,15,27341.0,21729.0,24125.0,23533.027
2019-04-10 06:00:00,,6,2,2,4,2019,100,10,15,29646.0,23298.0,26488.0,25473.23
2019-04-10 07:00:00,,7,2,2,4,2019,100,10,15,32749.0,25876.0,29877.0,28432.514
2019-04-10 08:00:00,,8,2,2,4,2019,100,10,15,33822.0,27523.0,31200.0,30190.89
2019-04-10 09:00:00,,9,2,2,4,2019,100,10,15,33021.0,28328.0,30564.0,29689.11
2019-04-10 10:00:00,,10,2,2,4,2019,100,10,15,31635.0,28961.0,29798.0,28725.27
2019-04-10 11:00:00,,11,2,2,4,2019,100,10,15,30316.0,29624.0,29287.0,28465.771
2019-04-10 12:00:00,,12,2,2,4,2019,100,10,15,29629.0,29657.0,28696.0,28171.719
2019-04-10 13:00:00,,13,2,2,4,2019,100,10,15,29335.0,29491.0,28151.0,27974.053
2019-04-10 14:00:00,,14,2,2,4,2019,100,10,15,29158.0,29252.0,27888.0,27778.64
2019-04-10 15:00:00,,15,2,2,4,2019,100,10,15,28838.0,29222.0,27518.0,27645.004
2019-04-10 16:00:00,,16,2,2,4,2019,100,10,15,28475.0,29460.0,27315.0,27652.43
2019-04-10 17:00:00,,17,2,2,4,2019,100,10,15,28672.0,29801.0,27459.0,27725.71
2019-04-10 18:00:00,,18,2,2,4,2019,100,10,15,29030.0,30111.0,27732.0,28160.031
2019-04-10 19:00:00,,19,2,2,4,2019,100,10,15,29416.0,29968.0,27996.0,28071.234
2019-04-10 20:00:00,,20,2,2,4,2019,100,10,15,30630.0,30062.0,29125.0,29040.133
2019-04-10 21:00:00,,21,2,2,4,2019,100,10,15,31590.0,30649.0,30462.0,29637.21
2019-04-10 22:00:00,,22,2,2,4,2019,100,10,15,30521.0,29179.0,29438.0,28550.865
2019-04-10 23:00:00,,23,2,2,4,2019,100,10,15,28498.0,26669.0,27322.0,26597.559
2019-04-11 00:00:00,,0,3,2,4,2019,101,11,15,26573.0,24322.0,25315.0,24770.975
2019-04-11 01:00:00,,1,3,2,4,2019,101,11,15,25136.0,22645.0,23977.0,23426.494
2019-04-11 02:00:00,,2,3,2,4,2019,101,11,15,24426.0,21568.0,23355.0,22882.766
2019-04-11 03:00:00,,3,3,2,4,2019,101,11,15,24106.0,20998.0,23226.0,22282.268
2019-04-11 04:00:00,,4,3,2,4,2019,101,11,15,24122.0,20852.0,23451.0,22706.646
2019-04-11 05:00:00,,5,3,2,4,2019,101,11,15,24907.0,21268.0,24331.0,23024.736
2019-04-11 06:00:00,,6,3,2,4,2019,101,11,15,26978.0,22944.0,26739.0,24772.594
2019-04-11 07:00:00,,7,3,2,4,2019,101,11,15,30086.0,25371.0,30054.0,27584.945
2019-04-11 08:00:00,,8,3,2,4,2019,101,11,15,31401.0,26973.0,31253.0,28775.879
2019-04-11 09:00:00,,9,3,2,4,2019,101,11,15,30798.0,27505.0,30433.0,28447.055
2019-04-11 10:00:00,,10,3,2,4,2019,101,11,15,30002.0,27693.0,29469.0,28182.768
2019-04-11 11:00:00,,11,3,2,4,2019,101,11,15,29616.0,27768.0,28844.0,27897.674
2019-04-11 12:00:00,,12,3,2,4,2019,101,11,15,28977.0,27330.0,28341.0,27462.129
2019-04-11 13:00:00,,13,3,2,4,2019,101,11,15,28383.0,27004.0,27914.0,27235.666
2019-04-11 14:00:00,,14,3,2,4,2019,101,11,15,28151.0,26958.0,27665.0,27169.467
2019-04-11 15:00:00,,15,3,2,4,2019,101,11,15,27879.0,26938.0,27505.0,27125.234
2019-04-11 16:00:00,,16,3,2,4,2019,101,11,15,27504.0,27080.0,27196.0,26980.363
2019-04-11 17:00:00,,17,3,2,4,2019,101,11,15,27841.0,27477.0,27265.0,27154.844
2019-04-11 18:00:00,,18,3,2,4,2019,101,11,15,28114.0,27785.0,27562.0,27269.902
2019-04-11 19:00:00,,19,3,2,4,2019,101,11,15,28213.0,27694.0,27648.0,27372.734
2019-04-11 20:00:00,,20,3,2,4,2019,101,11,15,29095.0,28230.0,28469.0,27913.436
2019-04-11 21:00:00,,21,3,2,4,2019,101,11,15,29936.0,28814.0,29869.0,28880.611
2019-04-11 22:00:00,,22,3,2,4,2019,101,11,15,28691.0,27639.0,28815.0,27551.64
2019-04-11 23:00:00,,23,3,2,4,2019,101,11,15,26528.0,25651.0,26757.0,25865.793
2019-04-12 00:00:00,,0,4,2,4,2019,102,12,15,24338.0,23636.0,24620.0,23638.129
2019-04-12 01:00:00,,1,4,2,4,2019,102,12,15,22801.0,22078.0,23249.0,22264.934
2019-04-12 02:00:00,,2,4,2,4,2019,102,12,15,21865.0,21224.0,22539.0,21645.15
2019-04-12 03:00:00,,3,4,2,4,2019,102,12,15,21448.0,20813.0,22355.0,21604.312
2019-04-12 04:00:00,,4,4,2,4,2019,102,12,15,21320.0,20747.0,22603.0,21792.213
2019-04-12 05:00:00,,5,4,2,4,2019,102,12,15,21782.0,21177.0,23450.0,22199.068
2019-04-12 06:00:00,,6,4,2,4,2019,102,12,15,23607.0,22527.0,25649.0,23558.936
2019-04-12 07:00:00,,7,4,2,4,2019,102,12,15,26580.0,24367.0,28816.0,25948.621
2019-04-12 08:00:00,,8,4,2,4,2019,102,12,15,28212.0,25687.0,30155.0,27201.252
2019-04-12 09:00:00,,9,4,2,4,2019,102,12,15,28425.0,26574.0,29569.0,27348.115
2019-04-12 10:00:00,,10,4,2,4,2019,102,12,15,28190.0,26894.0,28837.0,27305.754
2019-04-12 11:00:00,,11,4,2,4,2019,102,12,15,27888.0,26710.0,28368.0,27238.23
2019-04-12 12:00:00,,12,4,2,4,2019,102,12,15,27609.0,26193.0,27906.0,26774.176
2019-04-12 13:00:00,,13,4,2,4,2019,102,12,15,27529.0,25730.0,27470.0,26575.42
2019-04-12 14:00:00,,14,4,2,4,2019,102,12,15,27762.0,25464.0,27234.0,26480.002
2019-04-12 15:00:00,,15,4,2,4,2019,102,12,15,27858.0,25265.0,26913.0,26370.596
2019-04-12 16:00:00,,16,4,2,4,2019,102,12,15,28055.0,25303.0,26717.0,26583.348
2019-04-12 17:00:00,,17,4,2,4,2019,102,12,15,28549.0,25672.0,26728.0,26831.102
2019-04-12 18:00:00,,18,4,2,4,2019,102,12,15,28921.0,26128.0,26815.0,27014.238
2019-04-12 19:00:00,,19,4,2,4,2019,102,12,15,28771.0,26064.0,26711.0,27014.238
2019-04-12 20:00:00,,20,4,2,4,2019,102,12,15,28939.0,26264.0,27134.0,27096.303
2019-04-12 21:00:00,,21,4,2,4,2019,102,12,15,29539.0,27041.0,28264.0,27762.744
2019-04-12 22:00:00,,22,4,2,4,2019,102,12,15,28466.0,26157.0,27475.0,26859.85
2019-04-12 23:00:00,,23,4,2,4,2019,102,12,15,26671.0,24605.0,25794.0,25362.732
2019-04-13 00:00:00,,0,5,2,4,2019,103,13,15,24620.0,22918.0,23996.0,23564.326
2019-04-13 01:00:00,,1,5,2,4,2019,103,13,15,22935.0,21433.0,22535.0,21862.326
2019-04-13 02:00:00,,2,5,2,4,2019,103,13,15,21735.0,20550.0,21813.0,21516.543
2019-04-13 03:00:00,,3,5,2,4,2019,103,13,15,20963.0,20054.0,21474.0,21346.496
2019-04-13 04:00:00,,4,5,2,4,2019,103,13,15,20551.0,19820.0,21462.0,21346.496
2019-04-13 05:00:00,,5,5,2,4,2019,103,13,15,20503.0,19994.0,21792.0,21516.543
2019-04-13 06:00:00,,6,5,2,4,2019,103,13,15,20990.0,20562.0,22668.0,21754.908
2019-04-13 07:00:00,,7,5,2,4,2019,103,13,15,21728.0,21434.0,23765.0,22444.8
2019-04-13 08:00:00,,8,5,2,4,2019,103,13,15,22803.0,22386.0,24736.0,23072.113
2019-04-13 09:00:00,,9,5,2,4,2019,103,13,15,24225.0,23698.0,25264.0,24130.271
2019-04-13 10:00:00,,10,5,2,4,2019,103,13,15,24968.0,24671.0,25329.0,24632.992
2019-04-13 11:00:00,,11,5,2,4,2019,103,13,15,25540.0,25061.0,25071.0,24758.752
2019-04-13 12:00:00,,12,5,2,4,2019,103,13,15,25915.0,24904.0,24679.0,24603.59
2019-04-13 13:00:00,,13,5,2,4,2019,103,13,15,26209.0,24595.0,24213.0,24626.605
2019-04-13 14:00:00,,14,5,2,4,2019,103,13,15,26446.0,24238.0,23809.0,24662.158
2019-04-13 15:00:00,,15,5,2,4,2019,103,13,15,26825.0,24142.0,23513.0,24807.78
2019-04-13 16:00:00,,16,5,2,4,2019,103,13,15,27329.0,24234.0,23485.0,25003.588
2019-04-13 17:00:00,,17,5,2,4,2019,103,13,15,28013.0,24643.0,23802.0,25412.787
2019-04-13 18:00:00,,18,5,2,4,2019,103,13,15,28453.0,25100.0,24300.0,25692.607
2019-04-13 19:00:00,,19,5,2,4,2019,103,13,15,28293.0,25365.0,24611.0,25778.584
2019-04-13 20:00:00,,20,5,2,4,2019,103,13,15,28322.0,25987.0,25152.0,26131.6
2019-04-13 21:00:00,,21,5,2,4,2019,103,13,15,28703.0,26841.0,26427.0,26842.494
2019-04-13 22:00:00,,22,5,2,4,2019,103,13,15,27458.0,26137.0,25786.0,26156.885
2019-04-13 23:00:00,,23,5,2,4,2019,103,13,15,25680.0,24722.0,24487.0,24423.148
2019-04-14 00:00:00,,0,6,2,4,2019,104,14,15,23783.0,23085.0,22882.0,22611.527
2019-04-14 01:00:00,,1,6,2,4,2019,104,14,15,22193.0,21387.0,21600.0,21629.213
2019-04-14 02:00:00,,2,6,2,4,2019,104,14,15,21057.0,20317.0,20865.0,21332.88
2019-04-14 03:00:00,,3,6,2,4,2019,104,14,15,20421.0,19650.0,20510.0,21332.88
2019-04-14 04:00:00,,4,6,2,4,2019,104,14,15,20022.0,19278.0,20459.0,21332.88
2019-04-14 05:00:00,,5,6,2,4,2019,104,14,15,19974.0,19255.0,20714.0,21332.88
2019-04-14 06:00:00,,6,6,2,4,2019,104,14,15,20325.0,19582.0,21370.0,21336.828
2019-04-14 07:00:00,,7,6,2,4,2019,104,14,15,21010.0,20030.0,22030.0,21816.23
2019-04-14 08:00:00,,8,6,2,4,2019,104,14,15,22018.0,20911.0,22802.0,22336.535
2019-04-14 09:00:00,,9,6,2,4,2019,104,14,15,23702.0,22342.0,23455.0,23262.434
2019-04-14 10:00:00,,10,6,2,4,2019,104,14,15,25182.0,23580.0,23692.0,23875.36
2019-04-14 11:00:00,,11,6,2,4,2019,104,14,15,26094.0,24354.0,23737.0,24428.396
2019-04-14 12:00:00,,12,6,2,4,2019,104,14,15,26553.0,25050.0,23593.0,24554.676
2019-04-14 13:00:00,,13,6,2,4,2019,104,14,15,26775.0,25558.0,23475.0,25046.115
2019-04-14 14:00:00,,14,6,2,4,2019,104,14,15,26928.0,26078.0,23328.0,25341.592
2019-04-14 15:00:00,,15,6,2,4,2019,104,14,15,27054.0,26551.0,23272.0,25543.54
2019-04-14 16:00:00,,16,6,2,4,2019,104,14,15,27296.0,26906.0,23513.0,25767.578
2019-04-14 17:00:00,,17,6,2,4,2019,104,14,15,27934.0,27053.0,24113.0,26135.977
2019-04-14 18:00:00,,18,6,2,4,2019,104,14,15,28762.0,27190.0,24909.0,26451.088
2019-04-14 19:00:00,,19,6,2,4,2019,104,14,15,29365.0,27429.0,25405.0,26946.553
2019-04-14 20:00:00,,20,6,2,4,2019,104,14,15,30180.0,27908.0,26170.0,27517.27
2019-04-14 21:00:00,,21,6,2,4,2019,104,14,15,30317.0,29053.0,27617.0,28062.998
2019-04-14 22:00:00,,22,6,2,4,2019,104,14,15,28946.0,28266.0,26629.0,27002.521
2019-04-14 23:00:00,,23,6,2,4,2019,104,14,15,27157.0,26443.0,24565.0,25626.055
2019-04-15 00:00:00,,0,0,2,4,2019,105,15,16,25392.0,24385.0,22668.0,23660.021
2019-04-15 01:00:00,,1,0,2,4,2019,105,15,16,24513.0,22791.0,21204.0,22460.406
2019-04-15 02:00:00,,2,0,2,4,2019,105,15,16,23826.0,21664.0,20456.0,21641.352
2019-04-15 03:00:00,,3,0,2,4,2019,105,15,16,23443.0,20935.0,20125.0,21517.08
2019-04-15 04:00:00,,4,0,2,4,2019,105,15,16,23417.0,20759.0,20127.0,21517.08
2019-04-15 05:00:00,,5,0,2,4,2019,105,15,16,24026.0,21182.0,20883.0,21766.387
2019-04-15 06:00:00,,6,0,2,4,2019,105,15,16,25995.0,22738.0,22915.0,23106.674
2019-04-15 07:00:00,,7,0,2,4,2019,105,15,16,29081.0,24931.0,25970.0,26155.195
2019-04-15 08:00:00,,8,0,2,4,2019,105,15,16,30914.0,26830.0,27663.0,27669.447
2019-04-15 09:00:00,,9,0,2,4,2019,105,15,16,31459.0,28222.0,27941.0,28218.32
2019-04-15 10:00:00,,10,0,2,4,2019,105,15,16,31584.0,28963.0,28077.0,28493.572
2019-04-15 11:00:00,,11,0,2,4,2019,105,15,16,31428.0,29504.0,28336.0,28795.81
2019-04-15 12:00:00,,12,0,2,4,2019,105,15,16,30955.0,29482.0,28485.0,28708.283
2019-04-15 13:00:00,,13,0,2,4,2019,105,15,16,30188.0,29380.0,28641.0,28517.424
2019-04-15 14:00:00,,14,0,2,4,2019,105,15,16,29812.0,29181.0,28947.0,28623.006
2019-04-15 15:00:00,,15,0,2,4,2019,105,15,16,29406.0,28854.0,29177.0,28199.566
2019-04-15 16:00:00,,16,0,2,4,2019,105,15,16,29322.0,28670.0,29402.0,28283.236
2019-04-15 17:00:00,,17,0,2,4,2019,105,15,16,29822.0,28744.0,29781.0,28840.498
2019-04-15 18:00:00,,18,0,2,4,2019,105,15,16,30392.0,28977.0,30111.0,29021.55
2019-04-15 19:00:00,,19,0,2,4,2019,105,15,16,30725.0,28937.0,29879.0,28995.402
2019-04-15 20:00:00,,20,0,2,4,2019,105,15,16,31399.0,29211.0,30078.0,29286.37
2019-04-15 21:00:00,,21,0,2,4,2019,105,15,16,31781.0,29858.0,30887.0,30001.912
2019-04-15 22:00:00,,22,0,2,4,2019,105,15,16,30498.0,28404.0,29206.0,28374.09
2019-04-15 23:00:00,,23,0,2,4,2019,105,15,16,28429.0,25998.0,26528.0,26341.59
2019-04-16 00:00:00,,0,1,2,4,2019,106,16,16,26571.0,23815.0,23981.0,24170.396
2019-04-16 01:00:00,,1,1,2,4,2019,106,16,16,25246.0,22187.0,22246.0,22714.307
2019-04-16 02:00:00,,2,1,2,4,2019,106,16,16,24531.0,21182.0,21280.0,22069.852
2019-04-16 03:00:00,,3,1,2,4,2019,106,16,16,24300.0,20716.0,20711.0,21893.732
2019-04-16 04:00:00,,4,1,2,4,2019,106,16,16,24439.0,20582.0,20555.0,22069.852
2019-04-16 05:00:00,,5,1,2,4,2019,106,16,16,25237.0,21044.0,21053.0,22139.03
2019-04-16 06:00:00,,6,1,2,4,2019,106,16,16,27478.0,22845.0,22831.0,23682.945
2019-04-16 07:00:00,,7,1,2,4,2019,106,16,16,30633.0,25354.0,25704.0,26730.781
2019-04-16 08:00:00,,8,1,2,4,2019,106,16,16,32075.0,26870.0,27529.0,27787.594
2019-04-16 09:00:00,,9,1,2,4,2019,106,16,16,31974.0,27202.0,28140.0,28402.896
2019-04-16 10:00:00,,10,1,2,4,2019,106,16,16,31633.0,27090.0,28504.0,28115.51
2019-04-16 11:00:00,,11,1,2,4,2019,106,16,16,31454.0,27133.0,28842.0,28213.727
2019-04-16 12:00:00,,12,1,2,4,2019,106,16,16,31314.0,27135.0,29036.0,28182.232
2019-04-16 13:00:00,,13,1,2,4,2019,106,16,16,31419.0,27133.0,29173.0,28286.53
2019-04-16 14:00:00,,14,1,2,4,2019,106,16,16,31319.0,27287.0,29335.0,28547.809
2019-04-16 15:00:00,,15,1,2,4,2019,106,16,16,31326.0,27426.0,29243.0,28525.818
2019-04-16 16:00:00,,16,1,2,4,2019,106,16,16,31337.0,27600.0,29156.0,28528.902
2019-04-16 17:00:00,,17,1,2,4,2019,106,16,16,31724.0,27919.0,29203.0,28661.238
2019-04-16 18:00:00,,18,1,2,4,2019,106,16,16,32119.0,28168.0,29216.0,29126.955
2019-04-16 19:00:00,,19,1,2,4,2019,106,16,16,32428.0,28080.0,28935.0,29592.057
2019-04-16 20:00:00,,20,1,2,4,2019,106,16,16,33281.0,28408.0,29057.0,29919.36
2019-04-16 21:00:00,,21,1,2,4,2019,106,16,16,33697.0,29345.0,30128.0,30536.475
2019-04-16 22:00:00,,22,1,2,4,2019,106,16,16,32445.0,28053.0,28686.0,29391.4
2019-04-16 23:00:00,,23,1,2,4,2019,106,16,16,30216.0,25701.0,26117.0,26981.771
2019-04-17 00:00:00,,0,2,2,4,2019,107,17,16,28274.0,23565.0,23748.0,24697.87
2019-04-17 01:00:00,,1,2,2,4,2019,107,17,16,26913.0,22047.0,22068.0,23107.146
2019-04-17 02:00:00,,2,2,2,4,2019,107,17,16,26217.0,21189.0,21182.0,22413.297
2019-04-17 03:00:00,,3,2,2,4,2019,107,17,16,25902.0,20805.0,20771.0,22333.299
2019-04-17 04:00:00,,4,2,2,4,2019,107,17,16,26026.0,20724.0,20694.0,22333.299
2019-04-17 05:00:00,,5,2,2,4,2019,107,17,16,26913.0,21282.0,21270.0,22586.273
2019-04-17 06:00:00,,6,2,2,4,2019,107,17,16,29123.0,23082.0,23270.0,24550.168
2019-04-17 07:00:00,,7,2,2,4,2019,107,17,16,32192.0,25901.0,26200.0,27112.041
2019-04-17 08:00:00,,8,2,2,4,2019,107,17,16,33169.0,27539.0,27854.0,29081.75
2019-04-17 09:00:00,,9,2,2,4,2019,107,17,16,32292.0,27882.0,28005.0,28990.666
2019-04-17 10:00:00,,10,2,2,4,2019,107,17,16,31237.0,27849.0,27858.0,28022.36
2019-04-17 11:00:00,,11,2,2,4,2019,107,17,16,30449.0,27815.0,28000.0,27984.857
2019-04-17 12:00:00,,12,2,2,4,2019,107,17,16,29785.0,27758.0,27929.0,27876.01
2019-04-17 13:00:00,,13,2,2,4,2019,107,17,16,28958.0,27674.0,27758.0,27330.402
2019-04-17 14:00:00,,14,2,2,4,2019,107,17,16,28404.0,27915.0,27889.0,27531.672
2019-04-17 15:00:00,,15,2,2,4,2019,107,17,16,27844.0,27921.0,27894.0,27443.002
2019-04-17 16:00:00,,16,2,2,4,2019,107,17,16,27502.0,28045.0,27989.0,27436.918
2019-04-17 17:00:00,,17,2,2,4,2019,107,17,16,27701.0,28246.0,28273.0,27687.715
2019-04-17 18:00:00,,18,2,2,4,2019,107,17,16,28120.0,28753.0,28562.0,27971.326
2019-04-17 19:00:00,,19,2,2,4,2019,107,17,16,28580.0,28829.0,28401.0,28040.803
2019-04-17 20:00:00,,20,2,2,4,2019,107,17,16,29509.0,29478.0,28579.0,28297.107
2019-04-17 21:00:00,,21,2,2,4,2019,107,17,16,30781.0,29794.0,30051.0,29241.408
2019-04-17 22:00:00,,22,2,2,4,2019,107,17,16,29801.0,28398.0,28428.0,28265.268
2019-04-17 23:00:00,,23,2,2,4,2019,107,17,16,27643.0,26112.0,25924.0,26161.926
2019-04-18 00:00:00,,0,3,2,4,2019,108,18,16,25722.0,23981.0,23810.0,23943.875
2019-04-18 01:00:00,,1,3,2,4,2019,108,18,16,24457.0,22407.0,21978.0,22598.611
2019-04-18 02:00:00,,2,3,2,4,2019,108,18,16,23498.0,21560.0,21196.0,21524.967
2019-04-18 03:00:00,,3,3,2,4,2019,108,18,16,23123.0,21098.0,20793.0,21503.252
2019-04-18 04:00:00,,4,3,2,4,2019,108,18,16,23187.0,20994.0,20826.0,21503.252
2019-04-18 05:00:00,,5,3,2,4,2019,108,18,16,23905.0,21484.0,21441.0,21787.889
2019-04-18 06:00:00,,6,3,2,4,2019,108,18,16,25911.0,23249.0,23392.0,23552.994
2019-04-18 07:00:00,,7,3,2,4,2019,108,18,16,29038.0,26166.0,26311.0,26391.78
2019-04-18 08:00:00,,8,3,2,4,2019,108,18,16,30595.0,27965.0,27897.0,27950.15
2019-04-18 09:00:00,,9,3,2,4,2019,108,18,16,30828.0,28531.0,27993.0,28077.87
2019-04-18 10:00:00,,10,3,2,4,2019,108,18,16,30980.0,28529.0,28030.0,28244.67
2019-04-18 11:00:00,,11,3,2,4,2019,108,18,16,30825.0,28509.0,28077.0,28156.607
2019-04-18 12:00:00,,12,3,2,4,2019,108,18,16,30881.0,28304.0,28023.0,28209.531
2019-04-18 13:00:00,,13,3,2,4,2019,108,18,16,30941.0,28359.0,28000.0,28313.828
2019-04-18 14:00:00,,14,3,2,4,2019,108,18,16,30838.0,28685.0,28203.0,28691.7
2019-04-18 15:00:00,,15,3,2,4,2019,108,18,16,30243.0,28918.0,28277.0,28647.318
2019-04-18 16:00:00,,16,3,2,4,2019,108,18,16,29957.0,29279.0,28360.0,28653.225
2019-04-18 17:00:00,,17,3,2,4,2019,108,18,16,30274.0,29816.0,28637.0,28789.277
2019-04-18 18:00:00,,18,3,2,4,2019,108,18,16,31095.0,29977.0,28774.0,29067.643
2019-04-18 19:00:00,,19,3,2,4,2019,108,18,16,31395.0,29747.0,28589.0,29032.705
2019-04-18 20:00:00,,20,3,2,4,2019,108,18,16,32178.0,30180.0,29078.0,29651.887
2019-04-18 21:00:00,,21,3,2,4,2019,108,18,16,33039.0,30622.0,30077.0,30533.955
2019-04-18 22:00:00,,22,3,2,4,2019,108,18,16,32025.0,29099.0,28730.0,28995.059
2019-04-18 23:00:00,,23,3,2,4,2019,108,18,16,29864.0,26687.0,26311.0,27093.13
2019-04-19 00:00:00,,0,4,2,4,2019,109,19,16,27914.0,24401.0,23966.0,25015.346
2019-04-19 01:00:00,,1,4,2,4,2019,109,19,16,26668.0,22661.0,22358.0,23107.969
2019-04-19 02:00:00,,2,4,2,4,2019,109,19,16,26004.0,21613.0,21373.0,22360.174
2019-04-19 03:00:00,,3,4,2,4,2019,109,19,16,25819.0,21072.0,20850.0,22352.287
2019-04-19 04:00:00,,4,4,2,4,2019,109,19,16,25917.0,20894.0,20660.0,22352.287
2019-04-19 05:00:00,,5,4,2,4,2019,109,19,16,26478.0,21381.0,21087.0,22440.172
2019-04-19 06:00:00,,6,4,2,4,2019,109,19,16,28882.0,22917.0,22823.0,24518.93
2019-04-19 07:00:00,,7,4,2,4,2019,109,19,16,31758.0,25797.0,25556.0,26780.95
2019-04-19 08:00:00,,8,4,2,4,2019,109,19,16,32739.0,27647.0,27423.0,28895.543
2019-04-19 09:00:00,,9,4,2,4,2019,109,19,16,31975.0,28479.0,28351.0,28640.025
2019-04-19 10:00:00,,10,4,2,4,2019,109,19,16,31001.0,28813.0,28955.0,28690.254
2019-04-19 11:00:00,,11,4,2,4,2019,109,19,16,30154.0,29158.0,29428.0,28601.191
2019-04-19 12:00:00,,12,4,2,4,2019,109,19,16,29352.0,29201.0,29764.0,28083.98
2019-04-19 13:00:00,,13,4,2,4,2019,109,19,16,28638.0,29131.0,29988.0,28302.848
2019-04-19 14:00:00,,14,4,2,4,2019,109,19,16,28304.0,29168.0,30245.0,28370.893
2019-04-19 15:00:00,,15,4,2,4,2019,109,19,16,27577.0,29012.0,30163.0,28156.41
2019-04-19 16:00:00,,16,4,2,4,2019,109,19,16,27116.0,28921.0,30190.0,28075.553
2019-04-19 17:00:00,,17,4,2,4,2019,109,19,16,27207.0,28979.0,30141.0,28098.229
2019-04-19 18:00:00,,18,4,2,4,2019,109,19,16,27463.0,28742.0,29853.0,28032.096
2019-04-19 19:00:00,,19,4,2,4,2019,109,19,16,27787.0,28548.0,29138.0,27750.746
2019-04-19 20:00:00,,20,4,2,4,2019,109,19,16,28587.0,28616.0,29262.0,27898.016
2019-04-19 21:00:00,,21,4,2,4,2019,109,19,16,29897.0,29053.0,29827.0,28881.188
2019-04-19 22:00:00,,22,4,2,4,2019,109,19,16,29332.0,27992.0,28732.0,27787.758
2019-04-19 23:00:00,,23,4,2,4,2019,109,19,16,27978.0,26165.0,26768.0,26432.363
2019-04-20 00:00:00,,0,5,2,4,2019,110,20,16,26428.0,24049.0,24616.0,24376.873
2019-04-20 01:00:00,,1,5,2,4,2019,110,20,16,25193.0,22384.0,22785.0,22900.707
2019-04-20 02:00:00,,2,5,2,4,2019,110,20,16,24595.0,21294.0,21678.0,22168.305
2019-04-20 03:00:00,,3,5,2,4,2019,110,20,16,24322.0,20655.0,20942.0,21859.447
2019-04-20 04:00:00,,4,5,2,4,2019,110,20,16,24416.0,20314.0,20544.0,22035.566
2019-04-20 05:00:00,,5,5,2,4,2019,110,20,16,24857.0,20362.0,20487.0,22057.086
2019-04-20 06:00:00,,6,5,2,4,2019,110,20,16,25760.0,20899.0,20986.0,22302.96
2019-04-20 07:00:00,,7,5,2,4,2019,110,20,16,27020.0,21713.0,21735.0,23313.244
2019-04-20 08:00:00,,8,5,2,4,2019,110,20,16,27628.0,22913.0,22949.0,24120.54
2019-04-20 09:00:00,,9,5,2,4,2019,110,20,16,27708.0,24639.0,24610.0,24877.6
2019-04-20 10:00:00,,10,5,2,4,2019,110,20,16,27151.0,25733.0,25760.0,25860.941
2019-04-20 11:00:00,,11,5,2,4,2019,110,20,16,26340.0,26223.0,26303.0,25722.725
2019-04-20 12:00:00,,12,5,2,4,2019,110,20,16,25561.0,26270.0,26215.0,25574.281
2019-04-20 13:00:00,,13,5,2,4,2019,110,20,16,24794.0,26057.0,25820.0,25510.117
2019-04-20 14:00:00,,14,5,2,4,2019,110,20,16,24133.0,25790.0,25175.0,25066.93
2019-04-20 15:00:00,,15,5,2,4,2019,110,20,16,23739.0,25520.0,24828.0,24633.428
2019-04-20 16:00:00,,16,5,2,4,2019,110,20,16,23635.0,25375.0,24708.0,24532.559
2019-04-20 17:00:00,,17,5,2,4,2019,110,20,16,24030.0,25466.0,24832.0,24610.492
2019-04-20 18:00:00,,18,5,2,4,2019,110,20,16,24574.0,25663.0,25130.0,25274.08
2019-04-20 19:00:00,,19,5,2,4,2019,110,20,16,24961.0,25805.0,25199.0,25343.26
2019-04-20 20:00:00,,20,5,2,4,2019,110,20,16,25888.0,26274.0,25388.0,25883.842
2019-04-20 21:00:00,,21,5,2,4,2019,110,20,16,27106.0,26895.0,26406.0,26519.475
2019-04-20 22:00:00,,22,5,2,4,2019,110,20,16,26640.0,26163.0,25769.0,25978.854
2019-04-20 23:00:00,,23,5,2,4,2019,110,20,16,25501.0,24802.0,24349.0,24423.148
2019-04-21 00:00:00,,0,6,2,4,2019,111,21,16,24160.0,23294.0,22714.0,22871.795
2019-04-21 01:00:00,,1,6,2,4,2019,111,21,16,23035.0,21998.0,21252.0,21754.307
2019-04-21 02:00:00,,2,6,2,4,2019,111,21,16,22352.0,21107.0,20331.0,21348.84
2019-04-21 03:00:00,,3,6,2,4,2019,111,21,16,22058.0,20661.0,19814.0,21332.88
2019-04-21 04:00:00,,4,6,2,4,2019,111,21,16,22004.0,20452.0,19614.0,21332.88
2019-04-21 05:00:00,,5,6,2,4,2019,111,21,16,22288.0,20539.0,19721.0,21348.84
2019-04-21 06:00:00,,6,6,2,4,2019,111,21,16,22980.0,21039.0,20199.0,21433.494
2019-04-21 07:00:00,,7,6,2,4,2019,111,21,16,23614.0,21619.0,20626.0,22026.125
2019-04-21 08:00:00,,8,6,2,4,2019,111,21,16,24129.0,22435.0,21476.0,22782.744
2019-04-21 09:00:00,,9,6,2,4,2019,111,21,16,24337.0,23097.0,22486.0,23099.643
2019-04-21 10:00:00,,10,6,2,4,2019,111,21,16,24245.0,23508.0,23025.0,23294.818
2019-04-21 11:00:00,,11,6,2,4,2019,111,21,16,23911.0,23505.0,23142.0,23297.098
2019-04-21 12:00:00,,12,6,2,4,2019,111,21,16,23553.0,23334.0,23143.0,23265.01
2019-04-21 13:00:00,,13,6,2,4,2019,111,21,16,23234.0,23184.0,23058.0,23226.725
2019-04-21 14:00:00,,14,6,2,4,2019,111,21,16,22978.0,23111.0,22954.0,23255.238
2019-04-21 15:00:00,,15,6,2,4,2019,111,21,16,22836.0,23082.0,22880.0,23243.367
2019-04-21 16:00:00,,16,6,2,4,2019,111,21,16,23010.0,23343.0,23095.0,23407.07
2019-04-21 17:00:00,,17,6,2,4,2019,111,21,16,23645.0,23789.0,23659.0,23968.504
2019-04-21 18:00:00,,18,6,2,4,2019,111,21,16,24438.0,24540.0,24456.0,24473.814
2019-04-21 19:00:00,,19,6,2,4,2019,111,21,16,25152.0,25179.0,24910.0,24704.268
2019-04-21 20:00:00,,20,6,2,4,2019,111,21,16,26030.0,26109.0,25563.0,25945.682
2019-04-21 21:00:00,,21,6,2,4,2019,111,21,16,27460.0,27245.0,27092.0,26764.562
2019-04-21 22:00:00,,22,6,2,4,2019,111,21,16,26657.0,26353.0,26146.0,26104.041
2019-04-21 23:00:00,,23,6,2,4,2019,111,21,16,24987.0,24482.0,24340.0,24304.664
2019-04-22 00:00:00,,0,0,2,4,2019,112,22,17,23231.0,22679.0,22410.0,22293.766
2019-04-22 01:00:00,,1,0,2,4,2019,112,22,17,22055.0,21310.0,21015.0,21557.496
2019-04-22 02:00:00,,2,0,2,4,2019,112,22,17,21532.0,20600.0,20317.0,21367.166
2019-04-22 03:00:00,,3,0,2,4,2019,112,22,17,21394.0,20292.0,19996.0,21367.166
2019-04-22 04:00:00,,4,0,2,4,2019,112,22,17,21558.0,20339.0,20026.0,21367.166
2019-04-22 05:00:00,,5,0,2,4,2019,112,22,17,22493.0,21066.0,20692.0,21383.125
2019-04-22 06:00:00,,6,0,2,4,2019,112,22,17,24706.0,23035.0,22642.0,22904.209
2019-04-22 07:00:00,,7,0,2,4,2019,112,22,17,27716.0,26048.0,25564.0,26058.873
2019-04-22 08:00:00,,8,0,2,4,2019,112,22,17,29043.0,28066.0,27279.0,27193.822
2019-04-22 09:00:00,,9,0,2,4,2019,112,22,17,28604.0,28668.0,27554.0,27424.902
2019-04-22 10:00:00,,10,0,2,4,2019,112,22,17,27924.0,28892.0,27680.0,27477.082
2019-04-22 11:00:00,,11,0,2,4,2019,112,22,17,27550.0,28971.0,27849.0,27375.871
2019-04-22 12:00:00,,12,0,2,4,2019,112,22,17,27217.0,28913.0,28056.0,27377.648
2019-04-22 13:00:00,,13,0,2,4,2019,112,22,17,27026.0,28776.0,28181.0,27625.598
2019-04-22 14:00:00,,14,0,2,4,2019,112,22,17,27031.0,28746.0,28404.0,27733.268
2019-04-22 15:00:00,,15,0,2,4,2019,112,22,17,26855.0,28430.0,28591.0,27446.75
2019-04-22 16:00:00,,16,0,2,4,2019,112,22,17,26845.0,28350.0,28843.0,27481.299
2019-04-22 17:00:00,,17,0,2,4,2019,112,22,17,27104.0,28495.0,29032.0,27656.223
2019-04-22 18:00:00,,18,0,2,4,2019,112,22,17,27560.0,28960.0,29264.0,27905.225
2019-04-22 19:00:00,,19,0,2,4,2019,112,22,17,27733.0,29098.0,29099.0,27959.338
2019-04-22 20:00:00,,20,0,2,4,2019,112,22,17,28360.0,29537.0,29232.0,28201.416
2019-04-22 21:00:00,,21,0,2,4,2019,112,22,17,29360.0,29974.0,30281.0,28736.023
2019-04-22 22:00:00,,22,0,2,4,2019,112,22,17,28127.0,28512.0,28976.0,27626.498
2019-04-22 23:00:00,,23,0,2,4,2019,112,22,17,25883.0,26204.0,26362.0,25809.105
2019-04-23 00:00:00,,0,1,2,4,2019,113,23,17,23854.0,24046.0,24016.0,23579.115
2019-04-23 01:00:00,,1,1,2,4,2019,113,23,17,22547.0,22562.0,22272.0,21985.021
2019-04-23 02:00:00,,2,1,2,4,2019,113,23,17,21749.0,21753.0,21285.0,21393.514
2019-04-23 03:00:00,,3,1,2,4,2019,113,23,17,21500.0,21266.0,20736.0,21393.514
2019-04-23 04:00:00,,4,1,2,4,2019,113,23,17,21501.0,21242.0,20527.0,21393.514
2019-04-23 05:00:00,,5,1,2,4,2019,113,23,17,22333.0,21761.0,20947.0,21400.742
2019-04-23 06:00:00,,6,1,2,4,2019,113,23,17,24441.0,23704.0,22720.0,23116.984
2019-04-23 07:00:00,,7,1,2,4,2019,113,23,17,27214.0,26744.0,25287.0,26034.812
2019-04-23 08:00:00,,8,1,2,4,2019,113,23,17,28530.0,28587.0,27160.0,27102.672
2019-04-23 09:00:00,,9,1,2,4,2019,113,23,17,28435.0,29145.0,28095.0,27587.92
2019-04-23 10:00:00,,10,1,2,4,2019,113,23,17,28099.0,29480.0,28789.0,27855.555
2019-04-23 11:00:00,,11,1,2,4,2019,113,23,17,27958.0,29750.0,29561.0,27995.03
2019-04-23 12:00:00,,12,1,2,4,2019,113,23,17,27768.0,29729.0,29869.0,27943.613
2019-04-23 13:00:00,,13,1,2,4,2019,113,23,17,27728.0,29692.0,29880.0,28047.91
2019-04-23 14:00:00,,14,1,2,4,2019,113,23,17,27794.0,29707.0,30409.0,28228.979
2019-04-23 15:00:00,,15,1,2,4,2019,113,23,17,27688.0,29457.0,30829.0,28699.236
2019-04-23 16:00:00,,16,1,2,4,2019,113,23,17,27749.0,29412.0,31188.0,28722.607
2019-04-23 17:00:00,,17,1,2,4,2019,113,23,17,28036.0,29644.0,31243.0,28939.537
2019-04-23 18:00:00,,18,1,2,4,2019,113,23,17,28461.0,30008.0,31314.0,29072.81
2019-04-23 19:00:00,,19,1,2,4,2019,113,23,17,28801.0,30033.0,30981.0,29289.33
2019-04-23 20:00:00,,20,1,2,4,2019,113,23,17,29457.0,30306.0,30837.0,29509.793
2019-04-23 21:00:00,,21,1,2,4,2019,113,23,17,29798.0,30337.0,31484.0,30098.527
2019-04-23 22:00:00,,22,1,2,4,2019,113,23,17,28450.0,28930.0,29857.0,28094.816
2019-04-23 23:00:00,,23,1,2,4,2019,113,23,17,26233.0,26601.0,27214.0,26177.738
2019-04-24 00:00:00,,0,2,2,4,2019,114,24,17,24340.0,24383.0,24662.0,23874.75
2019-04-24 01:00:00,,1,2,2,4,2019,114,24,17,22807.0,22790.0,22828.0,22193.604
2019-04-24 02:00:00,,2,2,2,4,2019,114,24,17,21973.0,21858.0,21750.0,21483.275
2019-04-24 03:00:00,,3,2,2,4,2019,114,24,17,21605.0,21431.0,21137.0,21393.514
2019-04-24 04:00:00,,4,2,2,4,2019,114,24,17,21532.0,21319.0,20821.0,21393.514
2019-04-24 05:00:00,,5,2,2,4,2019,114,24,17,22196.0,21843.0,21255.0,21393.514
2019-04-24 06:00:00,,6,2,2,4,2019,114,24,17,23950.0,23716.0,22959.0,22813.521
2019-04-24 07:00:00,,7,2,2,4,2019,114,24,17,26886.0,26760.0,25872.0,26102.307
2019-04-24 08:00:00,,8,2,2,4,2019,114,24,17,28619.0,28504.0,27724.0,27293.553
2019-04-24 09:00:00,,9,2,2,4,2019,114,24,17,29148.0,28958.0,28386.0,27815.643
2019-04-24 10:00:00,,10,2,2,4,2019,114,24,17,29356.0,29234.0,28720.0,27970.332
2019-04-24 11:00:00,,11,2,2,4,2019,114,24,17,29524.0,29285.0,28822.0,28028.861
2019-04-24 12:00:00,,12,2,2,4,2019,114,24,17,29416.0,29295.0,28750.0,27935.193
2019-04-24 13:00:00,,13,2,2,4,2019,114,24,17,29087.0,29131.0,28484.0,27975.621
2019-04-24 14:00:00,,14,2,2,4,2019,114,24,17,28947.0,28964.0,28336.0,28046.916
2019-04-24 15:00:00,,15,2,2,4,2019,114,24,17,28680.0,28698.0,28014.0,27907.012
2019-04-24 16:00:00,,16,2,2,4,2019,114,24,17,28536.0,28667.0,27858.0,27770.086
2019-04-24 17:00:00,,17,2,2,4,2019,114,24,17,28672.0,28809.0,28092.0,27932.771
2019-04-24 18:00:00,,18,2,2,4,2019,114,24,17,29008.0,28993.0,28269.0,28131.275
2019-04-24 19:00:00,,19,2,2,4,2019,114,24,17,28965.0,28883.0,28054.0,27972.635
2019-04-24 20:00:00,,20,2,2,4,2019,114,24,17,29338.0,29120.0,28355.0,28202.299
2019-04-24 21:00:00,,21,2,2,4,2019,114,24,17,29754.0,29937.0,29451.0,28960.188
2019-04-24 22:00:00,,22,2,2,4,2019,114,24,17,28457.0,28789.0,28262.0,27857.379
2019-04-24 23:00:00,,23,2,2,4,2019,114,24,17,26243.0,26450.0,26006.0,25997.129
2019-04-25 00:00:00,,0,3,2,4,2019,115,25,17,24107.0,24147.0,23908.0,23657.135
2019-04-25 01:00:00,,1,3,2,4,2019,115,25,17,22588.0,22522.0,22354.0,21985.021
2019-04-25 02:00:00,,2,3,2,4,2019,115,25,17,21731.0,21643.0,21435.0,21407.129
2019-04-25 03:00:00,,3,3,2,4,2019,115,25,17,21326.0,21104.0,21013.0,21367.166
2019-04-25 04:00:00,,4,3,2,4,2019,115,25,17,21296.0,20998.0,20940.0,21367.166
2019-04-25 05:00:00,,5,3,2,4,2019,115,25,17,21916.0,21436.0,21456.0,21407.129
2019-04-25 06:00:00,,6,3,2,4,2019,115,25,17,23825.0,23303.0,23433.0,22853.158
2019-04-25 07:00:00,,7,3,2,4,2019,115,25,17,26592.0,26196.0,26260.0,25894.963
2019-04-25 08:00:00,,8,3,2,4,2019,115,25,17,27966.0,28102.0,27966.0,27226.11
2019-04-25 09:00:00,,9,3,2,4,2019,115,25,17,27830.0,28539.0,28423.0,27372.082
2019-04-25 10:00:00,,10,3,2,4,2019,115,25,17,27474.0,28676.0,28586.0,27571.428
2019-04-25 11:00:00,,11,3,2,4,2019,115,25,17,27225.0,28899.0,28814.0,27612.197
2019-04-25 12:00:00,,12,3,2,4,2019,115,25,17,26944.0,29354.0,28815.0,27589.145
2019-04-25 13:00:00,,13,3,2,4,2019,115,25,17,26716.0,29720.0,28690.0,27526.883
2019-04-25 14:00:00,,14,3,2,4,2019,115,25,17,26666.0,30106.0,28772.0,27875.064
2019-04-25 15:00:00,,15,3,2,4,2019,115,25,17,26505.0,30566.0,28638.0,27822.746
2019-04-25 16:00:00,,16,3,2,4,2019,115,25,17,26633.0,30792.0,28633.0,27907.771
2019-04-25 17:00:00,,17,3,2,4,2019,115,25,17,26997.0,31051.0,29025.0,28300.791
2019-04-25 18:00:00,,18,3,2,4,2019,115,25,17,27402.0,31295.0,29537.0,28497.598
2019-04-25 19:00:00,,19,3,2,4,2019,115,25,17,27589.0,31011.0,29645.0,28480.088
2019-04-25 20:00:00,,20,3,2,4,2019,115,25,17,28016.0,31125.0,30092.0,28891.492
2019-04-25 21:00:00,,21,3,2,4,2019,115,25,17,29063.0,31812.0,30414.0,29450.775
2019-04-25 22:00:00,,22,3,2,4,2019,115,25,17,28047.0,30557.0,29143.0,28240.137
2019-04-25 23:00:00,,23,3,2,4,2019,115,25,17,25875.0,27999.0,26859.0,26319.307
2019-04-26 00:00:00,,0,4,2,4,2019,116,26,17,23786.0,25491.0,24689.0,23932.74
2019-04-26 01:00:00,,1,4,2,4,2019,116,26,17,22269.0,23661.0,23022.0,22488.912
2019-04-26 02:00:00,,2,4,2,4,2019,116,26,17,21382.0,22457.0,22226.0,21815.91
2019-04-26 03:00:00,,3,4,2,4,2019,116,26,17,20900.0,21722.0,21792.0,21596.164
2019-04-26 04:00:00,,4,4,2,4,2019,116,26,17,20867.0,21420.0,21675.0,21502.264
2019-04-26 05:00:00,,5,4,2,4,2019,116,26,17,21383.0,21801.0,22205.0,21642.682
2019-04-26 06:00:00,,6,4,2,4,2019,116,26,17,23182.0,23443.0,24041.0,22862.389
2019-04-26 07:00:00,,7,4,2,4,2019,116,26,17,26011.0,26091.0,27007.0,25913.17
2019-04-26 08:00:00,,8,4,2,4,2019,116,26,17,27731.0,28048.0,28823.0,27357.043
2019-04-26 09:00:00,,9,4,2,4,2019,116,26,17,28756.0,29159.0,29349.0,27980.65
2019-04-26 10:00:00,,10,4,2,4,2019,116,26,17,28992.0,29787.0,29487.0,28164.291
2019-04-26 11:00:00,,11,4,2,4,2019,116,26,17,29187.0,30436.0,29549.0,28465.225
2019-04-26 12:00:00,,12,4,2,4,2019,116,26,17,28762.0,30936.0,29412.0,28467.445
2019-04-26 13:00:00,,13,4,2,4,2019,116,26,17,28549.0,31416.0,29119.0,28588.174
2019-04-26 14:00:00,,14,4,2,4,2019,116,26,17,28435.0,32084.0,29009.0,29037.176
2019-04-26 15:00:00,,15,4,2,4,2019,116,26,17,28007.0,32654.0,28764.0,29061.611
2019-04-26 16:00:00,,16,4,2,4,2019,116,26,17,27725.0,33234.0,28613.0,29504.28
2019-04-26 17:00:00,,17,4,2,4,2019,116,26,17,27738.0,33846.0,28678.0,29759.33
2019-04-26 18:00:00,,18,4,2,4,2019,116,26,17,27780.0,34095.0,28846.0,29808.98
2019-04-26 19:00:00,,19,4,2,4,2019,116,26,17,27608.0,33489.0,28743.0,29541.03
2019-04-26 20:00:00,,20,4,2,4,2019,116,26,17,27704.0,32657.0,29022.0,29071.232
2019-04-26 21:00:00,,21,4,2,4,2019,116,26,17,28189.0,32843.0,29385.0,29167.156
2019-04-26 22:00:00,,22,4,2,4,2019,116,26,17,27341.0,31553.0,28357.0,28327.201
2019-04-26 23:00:00,,23,4,2,4,2019,116,26,17,25721.0,29189.0,26530.0,26453.258
2019-04-27 00:00:00,,0,5,2,4,2019,117,27,17,23895.0,26720.0,24598.0,24502.021
2019-04-27 01:00:00,,1,5,2,4,2019,117,27,17,22647.0,24643.0,22991.0,22687.928
2019-04-27 02:00:00,,2,5,2,4,2019,117,27,17,21646.0,23284.0,22049.0,21831.992
2019-04-27 03:00:00,,3,5,2,4,2019,117,27,17,21058.0,22505.0,21503.0,21622.482
2019-04-27 04:00:00,,4,5,2,4,2019,117,27,17,20853.0,22000.0,21217.0,21491.549
2019-04-27 05:00:00,,5,5,2,4,2019,117,27,17,21022.0,21885.0,21335.0,21491.549
2019-04-27 06:00:00,,6,5,2,4,2019,117,27,17,21731.0,22336.0,21968.0,21779.588
2019-04-27 07:00:00,,7,5,2,4,2019,117,27,17,22567.0,22941.0,22800.0,22239.781
2019-04-27 08:00:00,,8,5,2,4,2019,117,27,17,23732.0,24380.0,24078.0,23671.537
2019-04-27 09:00:00,,9,5,2,4,2019,117,27,17,24717.0,26309.0,25380.0,25219.12
2019-04-27 10:00:00,,10,5,2,4,2019,117,27,17,24882.0,27847.0,25856.0,25771.996
2019-04-27 11:00:00,,11,5,2,4,2019,117,27,17,24582.0,29091.0,25679.0,26088.09
2019-04-27 12:00:00,,12,5,2,4,2019,117,27,17,24322.0,29735.0,25332.0,25952.082
2019-04-27 13:00:00,,13,5,2,4,2019,117,27,17,24069.0,30602.0,24893.0,25837.43
2019-04-27 14:00:00,,14,5,2,4,2019,117,27,17,23840.0,31508.0,24514.0,26003.342
2019-04-27 15:00:00,,15,5,2,4,2019,117,27,17,23864.0,32479.0,24287.0,26519.674
2019-04-27 16:00:00,,16,5,2,4,2019,117,27,17,24086.0,33455.0,24191.0,27459.562
2019-04-27 17:00:00,,17,5,2,4,2019,117,27,17,24481.0,33943.0,24410.0,27786.357
2019-04-27 18:00:00,,18,5,2,4,2019,117,27,17,25040.0,33921.0,24814.0,27843.56
2019-04-27 19:00:00,,19,5,2,4,2019,117,27,17,25429.0,33676.0,25180.0,28007.357
2019-04-27 20:00:00,,20,5,2,4,2019,117,27,17,25867.0,33237.0,25744.0,27930.84
2019-04-27 21:00:00,,21,5,2,4,2019,117,27,17,26323.0,33455.0,26712.0,28095.28
2019-04-27 22:00:00,,22,5,2,4,2019,117,27,17,25659.0,32342.0,26093.0,26979.408
2019-04-27 23:00:00,,23,5,2,4,2019,117,27,17,24353.0,30149.0,24773.0,25916.44
2019-04-28 00:00:00,,0,6,2,4,2019,118,28,17,22804.0,27795.0,23213.0,23973.467
2019-04-28 01:00:00,,1,6,2,4,2019,118,28,17,21493.0,25619.0,21815.0,22803.197
2019-04-28 02:00:00,,2,6,2,4,2019,118,28,17,20633.0,23939.0,20940.0,21882.625
2019-04-28 03:00:00,,3,6,2,4,2019,118,28,17,20117.0,22776.0,20429.0,21637.436
2019-04-28 04:00:00,,4,6,2,4,2019,118,28,17,19953.0,22027.0,20164.0,21591.979
2019-04-28 05:00:00,,5,6,2,4,2019,118,28,17,20063.0,21680.0,20234.0,21418.75
2019-04-28 06:00:00,,6,6,2,4,2019,118,28,17,20594.0,21708.0,20706.0,21422.697
2019-04-28 07:00:00,,7,6,2,4,2019,118,28,17,21229.0,21806.0,21328.0,21778.287
2019-04-28 08:00:00,,8,6,2,4,2019,118,28,17,22233.0,22535.0,22375.0,22493.674
2019-04-28 09:00:00,,9,6,2,4,2019,118,28,17,23379.0,23938.0,24000.0,23440.305
2019-04-28 10:00:00,,10,6,2,4,2019,118,28,17,24064.0,25173.0,25272.0,24497.824
2019-04-28 11:00:00,,11,6,2,4,2019,118,28,17,24128.0,26041.0,26102.0,25171.602
2019-04-28 12:00:00,,12,6,2,4,2019,118,28,17,24168.0,26657.0,26503.0,25496.523
2019-04-28 13:00:00,,13,6,2,4,2019,118,28,17,24216.0,27023.0,26549.0,25646.18
2019-04-28 14:00:00,,14,6,2,4,2019,118,28,17,24023.0,27204.0,26538.0,25774.785
2019-04-28 15:00:00,,15,6,2,4,2019,118,28,17,23854.0,27585.0,26374.0,25764.174
2019-04-28 16:00:00,,16,6,2,4,2019,118,28,17,24025.0,28100.0,26279.0,25942.496
2019-04-28 17:00:00,,17,6,2,4,2019,118,28,17,24608.0,28608.0,26533.0,26211.236
2019-04-28 18:00:00,,18,6,2,4,2019,118,28,17,25350.0,29177.0,26942.0,26711.309
2019-04-28 19:00:00,,19,6,2,4,2019,118,28,17,25974.0,29184.0,27164.0,26802.934
2019-04-28 20:00:00,,20,6,2,4,2019,118,28,17,26848.0,29142.0,27742.0,27162.035
2019-04-28 21:00:00,,21,6,2,4,2019,118,28,17,28051.0,29736.0,28327.0,27798.564
2019-04-28 22:00:00,,22,6,2,4,2019,118,28,17,27409.0,28506.0,27179.0,26803.08
2019-04-28 23:00:00,,23,6,2,4,2019,118,28,17,25790.0,26200.0,25379.0,25661.352
2019-04-29 00:00:00,,0,0,2,4,2019,119,29,18,24068.0,23949.0,23433.0,23403.037
2019-04-29 01:00:00,,1,0,2,4,2019,119,29,18,22920.0,22337.0,22070.0,21992.592
2019-04-29 02:00:00,,2,0,2,4,2019,119,29,18,22410.0,21369.0,21335.0,21400.742
2019-04-29 03:00:00,,3,0,2,4,2019,119,29,18,22264.0,20850.0,21028.0,21367.166
2019-04-29 04:00:00,,4,0,2,4,2019,119,29,18,22395.0,20812.0,20971.0,21383.125
2019-04-29 05:00:00,,5,0,2,4,2019,119,29,18,23228.0,21329.0,21674.0,21600.9
2019-04-29 06:00:00,,6,0,2,4,2019,119,29,18,25439.0,23103.0,23656.0,23481.908
2019-04-29 07:00:00,,7,0,2,4,2019,119,29,18,28420.0,25928.0,26694.0,26293.096
2019-04-29 08:00:00,,8,0,2,4,2019,119,29,18,29958.0,28106.0,28719.0,28082.17
2019-04-29 09:00:00,,9,0,2,4,2019,119,29,18,29829.0,28999.0,29323.0,28383.295
2019-04-29 10:00:00,,10,0,2,4,2019,119,29,18,29330.0,29571.0,29655.0,28195.31
2019-04-29 11:00:00,,11,0,2,4,2019,119,29,18,28876.0,30026.0,29861.0,28311.807
2019-04-29 12:00:00,,12,0,2,4,2019,119,29,18,28569.0,30503.0,29705.0,28311.691
2019-04-29 13:00:00,,13,0,2,4,2019,119,29,18,28290.0,30951.0,29451.0,28462.656
2019-04-29 14:00:00,,14,0,2,4,2019,119,29,18,28012.0,31469.0,29247.0,28503.074
2019-04-29 15:00:00,,15,0,2,4,2019,119,29,18,27667.0,32068.0,28870.0,28827.256
2019-04-29 16:00:00,,16,0,2,4,2019,119,29,18,27382.0,32585.0,28712.0,28759.145
2019-04-29 17:00:00,,17,0,2,4,2019,119,29,18,27560.0,33084.0,28837.0,29366.467
2019-04-29 18:00:00,,18,0,2,4,2019,119,29,18,28001.0,33440.0,29048.0,29569.047
2019-04-29 19:00:00,,19,0,2,4,2019,119,29,18,28125.0,33209.0,29023.0,29552.752
2019-04-29 20:00:00,,20,0,2,4,2019,119,29,18,28520.0,33190.0,29477.0,29760.838
2019-04-29 21:00:00,,21,0,2,4,2019,119,29,18,29527.0,33634.0,30445.0,30199.08
2019-04-29 22:00:00,,22,0,2,4,2019,119,29,18,28487.0,32145.0,29080.0,28919.494
2019-04-29 23:00:00,,23,0,2,4,2019,119,29,18,26211.0,29476.0,26609.0,26631.928
2019-04-30 00:00:00,,0,1,2,4,2019,120,30,18,24199.0,26934.0,24327.0,24656.803
2019-04-30 01:00:00,,1,1,2,4,2019,120,30,18,22779.0,25071.0,22611.0,22769.096
2019-04-30 02:00:00,,2,1,2,4,2019,120,30,18,22121.0,23892.0,21695.0,21947.15
2019-04-30 03:00:00,,3,1,2,4,2019,120,30,18,21854.0,23261.0,21202.0,21623.094
2019-04-30 04:00:00,,4,1,2,4,2019,120,30,18,21971.0,22901.0,21045.0,21612.2
2019-04-30 05:00:00,,5,1,2,4,2019,120,30,18,22795.0,23226.0,21573.0,21643.938
2019-04-30 06:00:00,,6,1,2,4,2019,120,30,18,24781.0,24811.0,23344.0,23749.748
2019-04-30 07:00:00,,7,1,2,4,2019,120,30,18,27567.0,27458.0,26343.0,26409.605
2019-04-30 08:00:00,,8,1,2,4,2019,120,30,18,28633.0,29329.0,28419.0,27768.803
2019-04-30 09:00:00,,9,1,2,4,2019,120,30,18,28067.0,29929.0,29079.0,27880.096
2019-04-30 10:00:00,,10,1,2,4,2019,120,30,18,27568.0,30427.0,29445.0,28147.44
2019-04-30 11:00:00,,11,1,2,4,2019,120,30,18,27407.0,30761.0,29741.0,28096.834
2019-04-30 12:00:00,,12,1,2,4,2019,120,30,18,27239.0,30947.0,29742.0,28052.39
2019-04-30 13:00:00,,13,1,2,4,2019,120,30,18,27220.0,30911.0,29589.0,28156.688
2019-04-30 14:00:00,,14,1,2,4,2019,120,30,18,27450.0,30880.0,29448.0,28229.97
2019-04-30 15:00:00,,15,1,2,4,2019,120,30,18,27560.0,30893.0,29111.0,28287.29
2019-04-30 16:00:00,,16,1,2,4,2019,120,30,18,27881.0,31070.0,28993.0,28467.94
2019-04-30 17:00:00,,17,1,2,4,2019,120,30,18,28549.0,31249.0,29078.0,28746.598
2019-04-30 18:00:00,,18,1,2,4,2019,120,30,18,29123.0,31415.0,29286.0,28837.066
2019-04-30 19:00:00,,19,1,2,4,2019,120,30,18,29221.0,30941.0,29109.0,28649.58
2019-04-30 20:00:00,,20,1,2,4,2019,120,30,18,29294.0,30607.0,29238.0,28653.744
2019-04-30 21:00:00,,21,1,2,4,2019,120,30,18,30195.0,31109.0,29985.0,29479.057
2019-04-30 22:00:00,,22,1,2,4,2019,120,30,18,28966.0,29900.0,28798.0,28095.512
2019-04-30 23:00:00,,23,1,2,4,2019,120,30,18,26606.0,27204.0,26368.0,26235.332
2019-05-01 00:00:00,,0,2,2,5,2019,121,1,18,24312.0,24831.0,24184.0,23855.223
2019-05-01 01:00:00,,1,2,2,5,2019,121,1,18,22582.0,22877.0,22526.0,22028.08
2019-05-01 02:00:00,,2,2,2,5,2019,121,1,18,21555.0,21804.0,21642.0,21483.275
2019-05-01 03:00:00,,3,2,2,5,2019,121,1,18,20953.0,21213.0,21197.0,21367.166
2019-05-01 04:00:00,,4,2,2,5,2019,121,1,18,20767.0,21071.0,21049.0,21367.166
2019-05-01 05:00:00,,5,2,2,5,2019,121,1,18,21239.0,21545.0,21617.0,21483.275
2019-05-01 06:00:00,,6,2,2,5,2019,121,1,18,22983.0,23146.0,23506.0,22683.527
2019-05-01 07:00:00,,7,2,2,5,2019,121,1,18,25485.0,25702.0,26503.0,25596.057
2019-05-01 08:00:00,,8,2,2,5,2019,121,1,18,27167.0,27449.0,28462.0,27097.84
2019-05-01 09:00:00,,9,2,2,5,2019,121,1,18,27689.0,27889.0,29026.0,27356.188
2019-05-01 10:00:00,,10,2,2,5,2019,121,1,18,28225.0,27930.0,29371.0,27584.0
2019-05-01 11:00:00,,11,2,2,5,2019,121,1,18,28966.0,27999.0,29555.0,27796.203
2019-05-01 12:00:00,,12,2,2,5,2019,121,1,18,29636.0,28221.0,29609.0,28110.893
2019-05-01 13:00:00,,13,2,2,5,2019,121,1,18,30252.0,28220.0,29537.0,28434.617
2019-05-01 14:00:00,,14,2,2,5,2019,121,1,18,31029.0,28018.0,29486.0,28690.885
2019-05-01 15:00:00,,15,2,2,5,2019,121,1,18,31772.0,27696.0,29213.0,28563.084
2019-05-01 16:00:00,,16,2,2,5,2019,121,1,18,32605.0,27578.0,29066.0,29601.422
2019-05-01 17:00:00,,17,2,2,5,2019,121,1,18,33552.0,27885.0,29230.0,29844.025
2019-05-01 18:00:00,,18,2,2,5,2019,121,1,18,34236.0,28181.0,29484.0,30452.15
2019-05-01 19:00:00,,19,2,2,5,2019,121,1,18,34096.0,28195.0,29538.0,30452.15
2019-05-01 20:00:00,,20,2,2,5,2019,121,1,18,33736.0,28253.0,29896.0,30299.588
2019-05-01 21:00:00,,21,2,2,5,2019,121,1,18,34347.0,29237.0,30468.0,30761.1
2019-05-01 22:00:00,,22,2,2,5,2019,121,1,18,33061.0,28303.0,29147.0,29735.936
2019-05-01 23:00:00,,23,2,2,5,2019,121,1,18,30147.0,26085.0,26803.0,27113.45
2019-05-02 00:00:00,,0,3,2,5,2019,122,2,18,27300.0,23801.0,24661.0,24511.13
2019-05-02 01:00:00,,1,3,2,5,2019,122,2,18,25049.0,22250.0,23074.0,22932.678
2019-05-02 02:00:00,,2,3,2,5,2019,122,2,18,23686.0,21385.0,22180.0,21871.531
2019-05-02 03:00:00,,3,3,2,5,2019,122,2,18,22831.0,20968.0,21684.0,21472.887
2019-05-02 04:00:00,,4,3,2,5,2019,122,2,18,22599.0,20938.0,21692.0,21472.887
2019-05-02 05:00:00,,5,3,2,5,2019,122,2,18,22635.0,21484.0,22119.0,21630.922
2019-05-02 06:00:00,,6,3,2,5,2019,122,2,18,24263.0,23318.0,24092.0,23233.877
2019-05-02 07:00:00,,7,3,2,5,2019,122,2,18,26732.0,25897.0,27102.0,25965.402
2019-05-02 08:00:00,,8,3,2,5,2019,122,2,18,28772.0,27503.0,29066.0,27455.906
2019-05-02 09:00:00,,9,3,2,5,2019,122,2,18,29993.0,27684.0,29554.0,28144.754
2019-05-02 10:00:00,,10,3,2,5,2019,122,2,18,31205.0,27584.0,29774.0,28362.283
2019-05-02 11:00:00,,11,3,2,5,2019,122,2,18,32458.0,27556.0,29884.0,29474.666
2019-05-02 12:00:00,,12,3,2,5,2019,122,2,18,33988.0,27486.0,29750.0,29992.637
2019-05-02 13:00:00,,13,3,2,5,2019,122,2,18,35480.0,27407.0,29466.0,30310.898
2019-05-02 14:00:00,,14,3,2,5,2019,122,2,18,36794.0,27539.0,29295.0,30500.596
2019-05-02 15:00:00,,15,3,2,5,2019,122,2,18,38008.0,27535.0,28921.0,30529.629
2019-05-02 16:00:00,,16,3,2,5,2019,122,2,18,39293.0,27593.0,28761.0,30533.89
2019-05-02 17:00:00,,17,3,2,5,2019,122,2,18,40383.0,27754.0,28897.0,30666.197
2019-05-02 18:00:00,,18,3,2,5,2019,122,2,18,40953.0,28009.0,29076.0,30752.87
2019-05-02 19:00:00,,19,3,2,5,2019,122,2,18,40444.0,28092.0,29098.0,30752.87
2019-05-02 20:00:00,,20,3,2,5,2019,122,2,18,39382.0,28498.0,29450.0,30732.508
2019-05-02 21:00:00,,21,3,2,5,2019,122,2,18,39236.0,29331.0,30251.0,31073.602
2019-05-02 22:00:00,,22,3,2,5,2019,122,2,18,37570.0,28220.0,29096.0,30489.182
2019-05-02 23:00:00,,23,3,2,5,2019,122,2,18,34455.0,26009.0,26814.0,29098.912
2019-05-03 00:00:00,,0,4,2,5,2019,123,3,18,31335.0,23950.0,24579.0,25874.547
2019-05-03 01:00:00,,1,4,2,5,2019,123,3,18,28724.0,22441.0,22943.0,24361.203
2019-05-03 02:00:00,,2,4,2,5,2019,123,3,18,26952.0,21648.0,22030.0,23091.54
2019-05-03 03:00:00,,3,4,2,5,2019,123,3,18,25829.0,21185.0,21576.0,22365.902
2019-05-03 04:00:00,,4,4,2,5,2019,123,3,18,25211.0,21059.0,21485.0,22171.633
2019-05-03 05:00:00,,5,4,2,5,2019,123,3,18,25190.0,21594.0,22015.0,22349.566
2019-05-03 06:00:00,,6,4,2,5,2019,123,3,18,26633.0,23338.0,23831.0,23786.303
2019-05-03 07:00:00,,7,4,2,5,2019,123,3,18,29020.0,26188.0,26731.0,26513.004
2019-05-03 08:00:00,,8,4,2,5,2019,123,3,18,31121.0,28249.0,28745.0,28356.457
2019-05-03 09:00:00,,9,4,2,5,2019,123,3,18,32232.0,29341.0,29646.0,29157.133
2019-05-03 10:00:00,,10,4,2,5,2019,123,3,18,32770.0,30038.0,30011.0,30085.121
2019-05-03 11:00:00,,11,4,2,5,2019,123,3,18,33223.0,30490.0,30286.0,30320.371
2019-05-03 12:00:00,,12,4,2,5,2019,123,3,18,34125.0,30474.0,30204.0,30580.615
2019-05-03 13:00:00,,13,4,2,5,2019,123,3,18,35212.0,30367.0,29983.0,30788.408
2019-05-03 14:00:00,,14,4,2,5,2019,123,3,18,36522.0,30115.0,29790.0,31026.74
2019-05-03 15:00:00,,15,4,2,5,2019,123,3,18,37863.0,29603.0,29406.0,30988.23
2019-05-03 16:00:00,,16,4,2,5,2019,123,3,18,38851.0,29234.0,29120.0,30863.086
2019-05-03 17:00:00,,17,4,2,5,2019,123,3,18,39502.0,29315.0,29162.0,30885.762
2019-05-03 18:00:00,,18,4,2,5,2019,123,3,18,39347.0,29208.0,29150.0,30885.762
2019-05-03 19:00:00,,19,4,2,5,2019,123,3,18,38320.0,28822.0,28891.0,30808.191
2019-05-03 20:00:00,,20,4,2,5,2019,123,3,18,37269.0,28767.0,28829.0,30808.191
2019-05-03 21:00:00,,21,4,2,5,2019,123,3,18,37244.0,29048.0,29340.0,30938.273
2019-05-03 22:00:00,,22,4,2,5,2019,123,3,18,35617.0,28117.0,28541.0,30302.402
2019-05-03 23:00:00,,23,4,2,5,2019,123,3,18,33295.0,26348.0,26790.0,28844.25
2019-05-04 00:00:00,,0,5,2,5,2019,124,4,18,30118.0,24430.0,24821.0,25994.08
2019-05-04 01:00:00,,1,5,2,5,2019,124,4,18,27453.0,22760.0,23200.0,23727.469
2019-05-04 02:00:00,,2,5,2,5,2019,124,4,18,25600.0,21670.0,22120.0,22504.979
2019-05-04 03:00:00,,3,5,2,5,2019,124,4,18,24195.0,21014.0,21563.0,21873.062
2019-05-04 04:00:00,,4,5,2,5,2019,124,4,18,23310.0,20653.0,21245.0,21482.795
2019-05-04 05:00:00,,5,5,2,5,2019,124,4,18,22776.0,20635.0,21319.0,21348.84
2019-05-04 06:00:00,,6,5,2,5,2019,124,4,18,22918.0,21062.0,21941.0,21617.156
2019-05-04 07:00:00,,7,5,2,5,2019,124,4,18,23159.0,21618.0,22702.0,22149.78
2019-05-04 08:00:00,,8,5,2,5,2019,124,4,18,24027.0,22782.0,23918.0,23367.744
2019-05-04 09:00:00,,9,5,2,5,2019,124,4,18,25425.0,24235.0,25353.0,24631.053
2019-05-04 10:00:00,,10,5,2,5,2019,124,4,18,26249.0,25135.0,26206.0,25226.941
2019-05-04 11:00:00,,11,5,2,5,2019,124,4,18,26722.0,25816.0,26440.0,25761.824
2019-05-04 12:00:00,,12,5,2,5,2019,124,4,18,27149.0,25949.0,26303.0,25900.043
2019-05-04 13:00:00,,13,5,2,5,2019,124,4,18,27317.0,25625.0,25869.0,25896.781
2019-05-04 14:00:00,,14,5,2,5,2019,124,4,18,27563.0,25279.0,25317.0,25644.432
2019-05-04 15:00:00,,15,5,2,5,2019,124,4,18,27661.0,25143.0,24891.0,25400.547
2019-05-04 16:00:00,,16,5,2,5,2019,124,4,18,27610.0,25046.0,24608.0,25317.432
2019-05-04 17:00:00,,17,5,2,5,2019,124,4,18,27446.0,25093.0,24515.0,25296.92
2019-05-04 18:00:00,,18,5,2,5,2019,124,4,18,27330.0,25322.0,24607.0,25401.018
2019-05-04 19:00:00,,19,5,2,5,2019,124,4,18,27066.0,25406.0,24698.0,25401.018
2019-05-04 20:00:00,,20,5,2,5,2019,124,4,18,27028.0,25546.0,25129.0,25774.932
2019-05-04 21:00:00,,21,5,2,5,2019,124,4,18,27611.0,26446.0,26449.0,26541.273
2019-05-04 22:00:00,,22,5,2,5,2019,124,4,18,26848.0,26021.0,26195.0,25950.855
2019-05-04 23:00:00,,23,5,2,5,2019,124,4,18,25334.0,24708.0,24983.0,24728.469
2019-05-05 00:00:00,,0,6,2,5,2019,125,5,18,23572.0,23151.0,23359.0,23018.383
2019-05-05 01:00:00,,1,6,2,5,2019,125,5,18,22113.0,21756.0,21847.0,21747.545
2019-05-05 02:00:00,,2,6,2,5,2019,125,5,18,21077.0,20871.0,20905.0,21332.88
2019-05-05 03:00:00,,3,6,2,5,2019,125,5,18,20395.0,20353.0,20298.0,21332.88
2019-05-05 04:00:00,,4,6,2,5,2019,125,5,18,20017.0,20120.0,20052.0,21332.88
2019-05-05 05:00:00,,5,6,2,5,2019,125,5,18,19937.0,20146.0,20041.0,21332.88
2019-05-05 06:00:00,,6,6,2,5,2019,125,5,18,20204.0,20515.0,20393.0,21336.828
2019-05-05 07:00:00,,7,6,2,5,2019,125,5,18,20526.0,20849.0,20813.0,21692.418
2019-05-05 08:00:00,,8,6,2,5,2019,125,5,18,21447.0,21696.0,21930.0,22330.98
2019-05-05 09:00:00,,9,6,2,5,2019,125,5,18,22870.0,22898.0,23229.0,22890.502
2019-05-05 10:00:00,,10,6,2,5,2019,125,5,18,24012.0,23933.0,23908.0,23714.328
2019-05-05 11:00:00,,11,6,2,5,2019,125,5,18,24673.0,24470.0,24024.0,24139.857
2019-05-05 12:00:00,,12,6,2,5,2019,125,5,18,24998.0,24597.0,23703.0,24193.145
2019-05-05 13:00:00,,13,6,2,5,2019,125,5,18,25207.0,24588.0,23418.0,24238.262
2019-05-05 14:00:00,,14,6,2,5,2019,125,5,18,25194.0,24451.0,23031.0,24035.607
2019-05-05 15:00:00,,15,6,2,5,2019,125,5,18,25133.0,24244.0,22794.0,24055.848
2019-05-05 16:00:00,,16,6,2,5,2019,125,5,18,25236.0,24134.0,22736.0,24058.932
2019-05-05 17:00:00,,17,6,2,5,2019,125,5,18,25666.0,24446.0,23127.0,24234.982
2019-05-05 18:00:00,,18,6,2,5,2019,125,5,18,26313.0,25097.0,23602.0,24849.623
2019-05-05 19:00:00,,19,6,2,5,2019,125,5,18,26640.0,25687.0,24079.0,25380.979
2019-05-05 20:00:00,,20,6,2,5,2019,125,5,18,26881.0,26359.0,24747.0,25709.246
2019-05-05 21:00:00,,21,6,2,5,2019,125,5,18,27534.0,27481.0,26350.0,26644.305
2019-05-05 22:00:00,,22,6,2,5,2019,125,5,18,26615.0,26868.0,26097.0,26174.664
2019-05-05 23:00:00,,23,6,2,5,2019,125,5,18,24846.0,25123.0,24490.0,24398.758
2019-05-06 00:00:00,,0,0,2,5,2019,126,6,19,22981.0,23376.0,22609.0,22459.332
2019-05-06 01:00:00,,1,0,2,5,2019,126,6,19,21592.0,22174.0,21333.0,21730.725
2019-05-06 02:00:00,,2,0,2,5,2019,126,6,19,20810.0,21543.0,20622.0,21393.514
2019-05-06 03:00:00,,3,0,2,5,2019,126,6,19,20439.0,21325.0,20384.0,21393.514
2019-05-06 04:00:00,,4,0,2,5,2019,126,6,19,20327.0,21400.0,20487.0,21393.514
2019-05-06 05:00:00,,5,0,2,5,2019,126,6,19,20919.0,22108.0,21282.0,21566.742
2019-05-06 06:00:00,,6,0,2,5,2019,126,6,19,22688.0,24179.0,23214.0,22738.363
2019-05-06 07:00:00,,7,0,2,5,2019,126,6,19,25220.0,26996.0,26005.0,25747.736
2019-05-06 08:00:00,,8,0,2,5,2019,126,6,19,27035.0,28496.0,27733.0,27019.771
2019-05-06 09:00:00,,9,0,2,5,2019,126,6,19,27629.0,28450.0,28005.0,27180.719
2019-05-06 10:00:00,,10,0,2,5,2019,126,6,19,27830.0,28121.0,28135.0,27389.766
2019-05-06 11:00:00,,11,0,2,5,2019,126,6,19,28210.0,28003.0,28376.0,27491.852
2019-05-06 12:00:00,,12,0,2,5,2019,126,6,19,28321.0,27908.0,28560.0,27493.338
2019-05-06 13:00:00,,13,0,2,5,2019,126,6,19,28467.0,27782.0,28624.0,27525.24
2019-05-06 14:00:00,,14,0,2,5,2019,126,6,19,28974.0,27666.0,28714.0,27685.361
2019-05-06 15:00:00,,15,0,2,5,2019,126,6,19,29432.0,27446.0,28430.0,27779.361
2019-05-06 16:00:00,,16,0,2,5,2019,126,6,19,29895.0,27508.0,28193.0,28256.047
2019-05-06 17:00:00,,17,0,2,5,2019,126,6,19,30356.0,27582.0,28264.0,28297.287
2019-05-06 18:00:00,,18,0,2,5,2019,126,6,19,30657.0,27827.0,28489.0,28380.393
2019-05-06 19:00:00,,19,0,2,5,2019,126,6,19,30435.0,27974.0,28464.0,28452.787
2019-05-06 20:00:00,,20,0,2,5,2019,126,6,19,30159.0,28337.0,28695.0,28481.488
2019-05-06 21:00:00,,21,0,2,5,2019,126,6,19,30673.0,29388.0,29653.0,28980.201
2019-05-06 22:00:00,,22,0,2,5,2019,126,6,19,29429.0,28562.0,28595.0,27791.67
2019-05-06 23:00:00,,23,0,2,5,2019,126,6,19,26895.0,26350.0,26175.0,26122.791
2019-05-07 00:00:00,,0,1,2,5,2019,127,7,19,24448.0,24382.0,23825.0,23960.602
2019-05-07 01:00:00,,1,1,2,5,2019,127,7,19,22631.0,22939.0,22201.0,22013.59
2019-05-07 02:00:00,,2,1,2,5,2019,127,7,19,21586.0,22192.0,21281.0,21566.742
2019-05-07 03:00:00,,3,1,2,5,2019,127,7,19,21026.0,21958.0,20811.0,21466.312
2019-05-07 04:00:00,,4,1,2,5,2019,127,7,19,20869.0,21997.0,20735.0,21466.312
2019-05-07 05:00:00,,5,1,2,5,2019,127,7,19,21336.0,22766.0,21314.0,21612.2
2019-05-07 06:00:00,,6,1,2,5,2019,127,7,19,22973.0,24710.0,23148.0,22766.088
2019-05-07 07:00:00,,7,1,2,5,2019,127,7,19,25371.0,27453.0,26054.0,25932.027
2019-05-07 08:00:00,,8,1,2,5,2019,127,7,19,27070.0,28894.0,28077.0,27314.99
2019-05-07 09:00:00,,9,1,2,5,2019,127,7,19,27606.0,28568.0,28617.0,27339.36
2019-05-07 10:00:00,,10,1,2,5,2019,127,7,19,27860.0,27993.0,28816.0,27436.223
2019-05-07 11:00:00,,11,1,2,5,2019,127,7,19,28114.0,27758.0,29023.0,27440.32
2019-05-07 12:00:00,,12,1,2,5,2019,127,7,19,28450.0,27495.0,28973.0,27428.092
2019-05-07 13:00:00,,13,1,2,5,2019,127,7,19,28764.0,27304.0,28705.0,27592.68
2019-05-07 14:00:00,,14,1,2,5,2019,127,7,19,29253.0,27199.0,28627.0,27671.129
2019-05-07 15:00:00,,15,1,2,5,2019,127,7,19,29640.0,27107.0,28380.0,28013.248
2019-05-07 16:00:00,,16,1,2,5,2019,127,7,19,30168.0,27070.0,28222.0,28192.969
2019-05-07 17:00:00,,17,1,2,5,2019,127,7,19,30824.0,27481.0,28317.0,28400.268
2019-05-07 18:00:00,,18,1,2,5,2019,127,7,19,31277.0,27819.0,28333.0,28544.43
2019-05-07 19:00:00,,19,1,2,5,2019,127,7,19,30984.0,27903.0,28165.0,28558.748
2019-05-07 20:00:00,,20,1,2,5,2019,127,7,19,30483.0,28090.0,28373.0,28476.338
2019-05-07 21:00:00,,21,1,2,5,2019,127,7,19,30805.0,29119.0,29563.0,28942.53
2019-05-07 22:00:00,,22,1,2,5,2019,127,7,19,29614.0,28319.0,28751.0,28078.64
2019-05-07 23:00:00,,23,1,2,5,2019,127,7,19,26986.0,26012.0,26315.0,26052.012
2019-05-08 00:00:00,,0,2,2,5,2019,128,8,19,24533.0,23909.0,24029.0,23826.951
2019-05-08 01:00:00,,1,2,2,5,2019,128,8,19,22749.0,22494.0,22380.0,21985.021
2019-05-08 02:00:00,,2,2,2,5,2019,128,8,19,21721.0,21674.0,21527.0,21407.129
2019-05-08 03:00:00,,3,2,2,5,2019,128,8,19,21128.0,21313.0,21079.0,21393.514
2019-05-08 04:00:00,,4,2,2,5,2019,128,8,19,20936.0,21317.0,21041.0,21393.514
2019-05-08 05:00:00,,5,2,2,5,2019,128,8,19,21385.0,21917.0,21566.0,21479.928
2019-05-08 06:00:00,,6,2,2,5,2019,128,8,19,22957.0,23847.0,23390.0,22917.824
2019-05-08 07:00:00,,7,2,2,5,2019,128,8,19,25421.0,26515.0,26242.0,25779.764
2019-05-08 08:00:00,,8,2,2,5,2019,128,8,19,27121.0,28171.0,28028.0,27109.172
2019-05-08 09:00:00,,9,2,2,5,2019,128,8,19,27723.0,28248.0,28573.0,27372.082
2019-05-08 10:00:00,,10,2,2,5,2019,128,8,19,28041.0,27865.0,28860.0,27490.46
2019-05-08 11:00:00,,11,2,2,5,2019,128,8,19,28524.0,27624.0,28990.0,27472.535
2019-05-08 12:00:00,,12,2,2,5,2019,128,8,19,28986.0,27520.0,29059.0,27518.564
2019-05-08 13:00:00,,13,2,2,5,2019,128,8,19,29474.0,27637.0,28947.0,27659.545
2019-05-08 14:00:00,,14,2,2,5,2019,128,8,19,30175.0,27902.0,28941.0,28354.053
2019-05-08 15:00:00,,15,2,2,5,2019,128,8,19,30502.0,28163.0,28852.0,28518.805
2019-05-08 16:00:00,,16,2,2,5,2019,128,8,19,31061.0,28138.0,28959.0,28652.58
2019-05-08 17:00:00,,17,2,2,5,2019,128,8,19,31743.0,28349.0,29171.0,28755.102
2019-05-08 18:00:00,,18,2,2,5,2019,128,8,19,32270.0,28408.0,29259.0,29621.31
2019-05-08 19:00:00,,19,2,2,5,2019,128,8,19,31896.0,28228.0,28995.0,28755.102
2019-05-08 20:00:00,,20,2,2,5,2019,128,8,19,31179.0,28333.0,29036.0,28712.018
2019-05-08 21:00:00,,21,2,2,5,2019,128,8,19,31393.0,29303.0,29858.0,29176.016
2019-05-08 22:00:00,,22,2,2,5,2019,128,8,19,30157.0,28389.0,28865.0,28315.297
2019-05-08 23:00:00,,23,2,2,5,2019,128,8,19,27526.0,26155.0,26502.0,26228.328
2019-05-09 00:00:00,,0,3,2,5,2019,129,9,19,24953.0,24047.0,24159.0,24084.682
2019-05-09 01:00:00,,1,3,2,5,2019,129,9,19,23100.0,22409.0,22395.0,22078.53
2019-05-09 02:00:00,,2,3,2,5,2019,129,9,19,21907.0,21530.0,21438.0,21407.129
2019-05-09 03:00:00,,3,3,2,5,2019,129,9,19,21333.0,21115.0,20919.0,21367.166
2019-05-09 04:00:00,,4,3,2,5,2019,129,9,19,21126.0,21048.0,20793.0,21367.166
2019-05-09 05:00:00,,5,3,2,5,2019,129,9,19,21583.0,21571.0,21191.0,21393.514
2019-05-09 06:00:00,,6,3,2,5,2019,129,9,19,23096.0,23230.0,22949.0,22316.09
2019-05-09 07:00:00,,7,3,2,5,2019,129,9,19,25486.0,25905.0,25623.0,25543.75
2019-05-09 08:00:00,,8,3,2,5,2019,129,9,19,27452.0,27739.0,27574.0,26792.596
2019-05-09 09:00:00,,9,3,2,5,2019,129,9,19,27984.0,28275.0,28175.0,27434.883
2019-05-09 10:00:00,,10,3,2,5,2019,129,9,19,28364.0,28529.0,28525.0,27588.785
2019-05-09 11:00:00,,11,3,2,5,2019,129,9,19,28768.0,28807.0,29001.0,27938.795
2019-05-09 12:00:00,,12,3,2,5,2019,129,9,19,29430.0,28926.0,29171.0,27943.988
2019-05-09 13:00:00,,13,3,2,5,2019,129,9,19,29907.0,28748.0,29390.0,28602.477
2019-05-09 14:00:00,,14,3,2,5,2019,129,9,19,29990.0,28668.0,29652.0,28714.553
2019-05-09 15:00:00,,15,3,2,5,2019,129,9,19,30329.0,28521.0,29770.0,28585.898
2019-05-09 16:00:00,,16,3,2,5,2019,129,9,19,30904.0,28460.0,29725.0,28789.326
2019-05-09 17:00:00,,17,3,2,5,2019,129,9,19,31699.0,28555.0,29964.0,28975.043
2019-05-09 18:00:00,,18,3,2,5,2019,129,9,19,32272.0,28581.0,30013.0,29841.662
2019-05-09 19:00:00,,19,3,2,5,2019,129,9,19,31942.0,28468.0,29747.0,29081.443
2019-05-09 20:00:00,,20,3,2,5,2019,129,9,19,31853.0,28662.0,29561.0,29060.908
2019-05-09 21:00:00,,21,3,2,5,2019,129,9,19,32046.0,29445.0,30480.0,29653.006
2019-05-09 22:00:00,,22,3,2,5,2019,129,9,19,30896.0,28463.0,29588.0,28628.578
2019-05-09 23:00:00,,23,3,2,5,2019,129,9,19,28280.0,26338.0,27137.0,26665.879
2019-05-10 00:00:00,,0,4,2,5,2019,130,10,19,25773.0,24345.0,24662.0,24333.3
2019-05-10 01:00:00,,1,4,2,5,2019,130,10,19,23876.0,22755.0,22831.0,22424.633
2019-05-10 02:00:00,,2,4,2,5,2019,130,10,19,22650.0,21898.0,21777.0,21582.291
2019-05-10 03:00:00,,3,4,2,5,2019,130,10,19,21942.0,21469.0,21161.0,21412.502
2019-05-10 04:00:00,,4,4,2,5,2019,130,10,19,21680.0,21395.0,20937.0,21412.502
2019-05-10 05:00:00,,5,4,2,5,2019,130,10,19,22024.0,21933.0,21353.0,21485.3
2019-05-10 06:00:00,,6,4,2,5,2019,130,10,19,23463.0,23597.0,22934.0,22528.17
2019-05-10 07:00:00,,7,4,2,5,2019,130,10,19,25826.0,26128.0,25567.0,25669.646
2019-05-10 08:00:00,,8,4,2,5,2019,130,10,19,27831.0,27716.0,27775.0,26981.588
2019-05-10 09:00:00,,9,4,2,5,2019,130,10,19,28657.0,28025.0,28806.0,27583.281
2019-05-10 10:00:00,,10,4,2,5,2019,130,10,19,29145.0,28179.0,29525.0,27842.273
2019-05-10 11:00:00,,11,4,2,5,2019,130,10,19,29603.0,28305.0,30072.0,28378.027
2019-05-10 12:00:00,,12,4,2,5,2019,130,10,19,29935.0,28231.0,30245.0,28560.412
2019-05-10 13:00:00,,13,4,2,5,2019,130,10,19,30105.0,28045.0,30191.0,28620.543
2019-05-10 14:00:00,,14,4,2,5,2019,130,10,19,30512.0,27886.0,30158.0,28735.518
2019-05-10 15:00:00,,15,4,2,5,2019,130,10,19,30929.0,27593.0,29803.0,28642.926
2019-05-10 16:00:00,,16,4,2,5,2019,130,10,19,31357.0,27399.0,29659.0,28647.508
2019-05-10 17:00:00,,17,4,2,5,2019,130,10,19,32007.0,27438.0,29373.0,28877.139
2019-05-10 18:00:00,,18,4,2,5,2019,130,10,19,32055.0,27603.0,29255.0,28796.549
2019-05-10 19:00:00,,19,4,2,5,2019,130,10,19,31281.0,27474.0,28657.0,28540.014
2019-05-10 20:00:00,,20,4,2,5,2019,130,10,19,30530.0,27552.0,28221.0,28361.744
2019-05-10 21:00:00,,21,4,2,5,2019,130,10,19,30609.0,28147.0,28745.0,28509.87
2019-05-10 22:00:00,,22,4,2,5,2019,130,10,19,29523.0,27410.0,28204.0,27672.303
2019-05-10 23:00:00,,23,4,2,5,2019,130,10,19,27455.0,25768.0,26273.0,26051.146
2019-05-11 00:00:00,,0,5,2,5,2019,131,11,19,25113.0,23942.0,24106.0,23878.693
2019-05-11 01:00:00,,1,5,2,5,2019,131,11,19,23280.0,22376.0,22296.0,22098.744
2019-05-11 02:00:00,,2,5,2,5,2019,131,11,19,22043.0,21487.0,21134.0,21418.75
2019-05-11 03:00:00,,3,5,2,5,2019,131,11,19,21337.0,21002.0,20410.0,21332.88
2019-05-11 04:00:00,,4,5,2,5,2019,131,11,19,20879.0,20858.0,20016.0,21332.88
2019-05-11 05:00:00,,5,5,2,5,2019,131,11,19,20774.0,20964.0,19994.0,21332.88
2019-05-11 06:00:00,,6,5,2,5,2019,131,11,19,21142.0,21561.0,20393.0,21422.697
2019-05-11 07:00:00,,7,5,2,5,2019,131,11,19,21722.0,22364.0,20909.0,21933.229
2019-05-11 08:00:00,,8,5,2,5,2019,131,11,19,23015.0,23765.0,22293.0,22825.797
2019-05-11 09:00:00,,9,5,2,5,2019,131,11,19,24563.0,25436.0,23742.0,24279.545
2019-05-11 10:00:00,,10,5,2,5,2019,131,11,19,25678.0,26665.0,24749.0,25103.178
2019-05-11 11:00:00,,11,5,2,5,2019,131,11,19,26512.0,27280.0,25391.0,25923.178
2019-05-11 12:00:00,,12,5,2,5,2019,131,11,19,26961.0,27315.0,25691.0,26288.324
2019-05-11 13:00:00,,13,5,2,5,2019,131,11,19,27046.0,27031.0,25832.0,26310.975
2019-05-11 14:00:00,,14,5,2,5,2019,131,11,19,27366.0,26554.0,25782.0,26346.646
2019-05-11 15:00:00,,15,5,2,5,2019,131,11,19,27811.0,26104.0,25804.0,26337.8
2019-05-11 16:00:00,,16,5,2,5,2019,131,11,19,28390.0,25869.0,25810.0,26395.49
2019-05-11 17:00:00,,17,5,2,5,2019,131,11,19,29034.0,25942.0,25866.0,26508.639
2019-05-11 18:00:00,,18,5,2,5,2019,131,11,19,29850.0,26018.0,26121.0,27132.115
2019-05-11 19:00:00,,19,5,2,5,2019,131,11,19,29997.0,26140.0,26030.0,27132.115
2019-05-11 20:00:00,,20,5,2,5,2019,131,11,19,29656.0,26354.0,25826.0,27050.893
2019-05-11 21:00:00,,21,5,2,5,2019,131,11,19,29329.0,27036.0,26395.0,26882.76
2019-05-11 22:00:00,,22,5,2,5,2019,131,11,19,28105.0,26647.0,25913.0,26479.191
2019-05-11 23:00:00,,23,5,2,5,2019,131,11,19,26287.0,25346.0,24482.0,24878.2
2019-05-12 00:00:00,,0,6,2,5,2019,132,12,19,24353.0,23748.0,22768.0,23282.209
2019-05-12 01:00:00,,1,6,2,5,2019,132,12,19,22705.0,22311.0,21267.0,21744.34
2019-05-12 02:00:00,,2,6,2,5,2019,132,12,19,21513.0,21393.0,20328.0,21394.318
2019-05-12 03:00:00,,3,6,2,5,2019,132,12,19,20819.0,20888.0,19763.0,21332.88
2019-05-12 04:00:00,,4,6,2,5,2019,132,12,19,20340.0,20675.0,19524.0,21332.88
2019-05-12 05:00:00,,5,6,2,5,2019,132,12,19,20219.0,20735.0,19609.0,21332.88
2019-05-12 06:00:00,,6,6,2,5,2019,132,12,19,20463.0,21059.0,19891.0,21336.828
2019-05-12 07:00:00,,7,6,2,5,2019,132,12,19,20820.0,21369.0,20302.0,21753.855
2019-05-12 08:00:00,,8,6,2,5,2019,132,12,19,21852.0,22205.0,21302.0,22362.129
2019-05-12 09:00:00,,9,6,2,5,2019,132,12,19,23490.0,23121.0,22574.0,22844.822
2019-05-12 10:00:00,,10,6,2,5,2019,132,12,19,24744.0,23633.0,23590.0,23827.703
2019-05-12 11:00:00,,11,6,2,5,2019,132,12,19,25450.0,23804.0,24077.0,24153.13
2019-05-12 12:00:00,,12,6,2,5,2019,132,12,19,25863.0,23562.0,24388.0,24212.89
2019-05-12 13:00:00,,13,6,2,5,2019,132,12,19,25885.0,23370.0,24423.0,24264.957
2019-05-12 14:00:00,,14,6,2,5,2019,132,12,19,25580.0,23368.0,24259.0,24279.627
2019-05-12 15:00:00,,15,6,2,5,2019,132,12,19,25215.0,23708.0,24062.0,24342.844
2019-05-12 16:00:00,,16,6,2,5,2019,132,12,19,25210.0,23591.0,23892.0,24235.99
2019-05-12 17:00:00,,17,6,2,5,2019,132,12,19,25379.0,23975.0,24137.0,24471.252
2019-05-12 18:00:00,,18,6,2,5,2019,132,12,19,25688.0,24485.0,24824.0,24665.162
2019-05-12 19:00:00,,19,6,2,5,2019,132,12,19,25948.0,24859.0,25297.0,25287.225
2019-05-12 20:00:00,,20,6,2,5,2019,132,12,19,26443.0,25425.0,25873.0,25718.51
2019-05-12 21:00:00,,21,6,2,5,2019,132,12,19,27045.0,26610.0,27244.0,26637.557
2019-05-12 22:00:00,,22,6,2,5,2019,132,12,19,26322.0,26231.0,26951.0,26090.686
2019-05-12 23:00:00,,23,6,2,5,2019,132,12,19,24690.0,24713.0,25314.0,24675.375
2019-05-13 00:00:00,,0,0,2,5,2019,133,13,20,22990.0,22742.0,23564.0,22826.727
2019-05-13 01:00:00,,1,0,2,5,2019,133,13,20,21682.0,21298.0,22241.0,21787.676
2019-05-13 02:00:00,,2,0,2,5,2019,133,13,20,20862.0,20534.0,21632.0,21456.928
2019-05-13 03:00:00,,3,0,2,5,2019,133,13,20,20571.0,20210.0,21411.0,21380.781
2019-05-13 04:00:00,,4,0,2,5,2019,133,13,20,20516.0,20187.0,21569.0,21380.781
2019-05-13 05:00:00,,5,0,2,5,2019,133,13,20,21158.0,20876.0,22383.0,21597.346
2019-05-13 06:00:00,,6,0,2,5,2019,133,13,20,22912.0,22751.0,24405.0,22764.518
2019-05-13 07:00:00,,7,0,2,5,2019,133,13,20,25629.0,25254.0,27284.0,25405.646
2019-05-13 08:00:00,,8,0,2,5,2019,133,13,20,27566.0,27119.0,28850.0,27133.637
2019-05-13 09:00:00,,9,0,2,5,2019,133,13,20,28339.0,27442.0,28841.0,27380.848
2019-05-13 10:00:00,,10,0,2,5,2019,133,13,20,28612.0,27425.0,28624.0,27469.422
2019-05-13 11:00:00,,11,0,2,5,2019,133,13,20,28949.0,27532.0,28509.0,27518.594
2019-05-13 12:00:00,,12,0,2,5,2019,133,13,20,29184.0,27499.0,28252.0,27474.15
2019-05-13 13:00:00,,13,0,2,5,2019,133,13,20,29150.0,27482.0,27951.0,27419.803
2019-05-13 14:00:00,,14,0,2,5,2019,133,13,20,29423.0,27627.0,27769.0,27472.717
2019-05-13 15:00:00,,15,0,2,5,2019,133,13,20,29621.0,27646.0,27512.0,27701.227
2019-05-13 16:00:00,,16,0,2,5,2019,133,13,20,30268.0,27730.0,27382.0,27961.0
2019-05-13 17:00:00,,17,0,2,5,2019,133,13,20,31266.0,28159.0,27549.0,28302.674
2019-05-13 18:00:00,,18,0,2,5,2019,133,13,20,31974.0,28619.0,27816.0,28631.863
2019-05-13 19:00:00,,19,0,2,5,2019,133,13,20,31964.0,28698.0,27840.0,28837.682
2019-05-13 20:00:00,,20,0,2,5,2019,133,13,20,31979.0,28709.0,28014.0,28966.129
2019-05-13 21:00:00,,21,0,2,5,2019,133,13,20,32117.0,29413.0,29036.0,29449.65
2019-05-13 22:00:00,,22,0,2,5,2019,133,13,20,30744.0,28625.0,28435.0,28574.541
2019-05-13 23:00:00,,23,0,2,5,2019,133,13,20,28152.0,26243.0,26074.0,26290.594
2019-05-14 00:00:00,,0,1,2,5,2019,134,14,20,25677.0,23904.0,23878.0,23943.875
2019-05-14 01:00:00,,1,1,2,5,2019,134,14,20,23862.0,22180.0,22257.0,22208.742
2019-05-14 02:00:00,,2,1,2,5,2019,134,14,20,22839.0,21161.0,21448.0,21396.74
2019-05-14 03:00:00,,3,1,2,5,2019,134,14,20,22149.0,20654.0,21023.0,21367.166
2019-05-14 04:00:00,,4,1,2,5,2019,134,14,20,21965.0,20540.0,20988.0,21367.166
2019-05-14 05:00:00,,5,1,2,5,2019,134,14,20,22421.0,21115.0,21499.0,21396.74
2019-05-14 06:00:00,,6,1,2,5,2019,134,14,20,24096.0,22731.0,23322.0,22649.584
2019-05-14 07:00:00,,7,1,2,5,2019,134,14,20,26679.0,25322.0,26101.0,25587.371
2019-05-14 08:00:00,,8,1,2,5,2019,134,14,20,28769.0,27108.0,28143.0,27357.648
2019-05-14 09:00:00,,9,1,2,5,2019,134,14,20,29897.0,27602.0,28831.0,27994.555
2019-05-14 10:00:00,,10,1,2,5,2019,134,14,20,30976.0,27943.0,29056.0,28371.955
2019-05-14 11:00:00,,11,1,2,5,2019,134,14,20,32169.0,28262.0,29213.0,28890.06
2019-05-14 12:00:00,,12,1,2,5,2019,134,14,20,33738.0,28525.0,29293.0,29854.592
2019-05-14 13:00:00,,13,1,2,5,2019,134,14,20,35390.0,28845.0,29239.0,30455.953
2019-05-14 14:00:00,,14,1,2,5,2019,134,14,20,37210.0,29362.0,29330.0,30816.205
2019-05-14 15:00:00,,15,1,2,5,2019,134,14,20,38726.0,29791.0,29052.0,30917.783
2019-05-14 16:00:00,,16,1,2,5,2019,134,14,20,40075.0,30362.0,28866.0,31038.238
2019-05-14 17:00:00,,17,1,2,5,2019,134,14,20,40929.0,31156.0,29061.0,31298.092
2019-05-14 18:00:00,,18,1,2,5,2019,134,14,20,40417.0,31522.0,29168.0,31399.945
2019-05-14 19:00:00,,19,1,2,5,2019,134,14,20,38889.0,31436.0,28872.0,31176.127
2019-05-14 20:00:00,,20,1,2,5,2019,134,14,20,37337.0,31221.0,28848.0,31138.568
2019-05-14 21:00:00,,21,1,2,5,2019,134,14,20,36290.0,31529.0,29519.0,31271.033
2019-05-14 22:00:00,,22,1,2,5,2019,134,14,20,34071.0,30667.0,28810.0,30458.988
2019-05-14 23:00:00,,23,1,2,5,2019,134,14,20,30989.0,27948.0,26407.0,27475.182
2019-05-15 00:00:00,,0,2,2,5,2019,135,15,20,28114.0,25306.0,24188.0,25218.248
2019-05-15 01:00:00,,1,2,2,5,2019,135,15,20,25929.0,23263.0,22574.0,23144.941
2019-05-15 02:00:00,,2,2,2,5,2019,135,15,20,24496.0,22061.0,21714.0,22340.729
2019-05-15 03:00:00,,3,2,2,5,2019,135,15,20,23639.0,21380.0,21263.0,21641.352
2019-05-15 04:00:00,,4,2,2,5,2019,135,15,20,23283.0,21127.0,21219.0,21517.08
2019-05-15 05:00:00,,5,2,2,5,2019,135,15,20,23593.0,21519.0,21791.0,21825.014
2019-05-15 06:00:00,,6,2,2,5,2019,135,15,20,25148.0,22935.0,23598.0,23368.365
2019-05-15 07:00:00,,7,2,2,5,2019,135,15,20,27804.0,25514.0,26392.0,25870.67
2019-05-15 08:00:00,,8,2,2,5,2019,135,15,20,29810.0,27806.0,28328.0,27971.992
2019-05-15 09:00:00,,9,2,2,5,2019,135,15,20,30474.0,29012.0,28870.0,28456.14
2019-05-15 10:00:00,,10,2,2,5,2019,135,15,20,30789.0,29988.0,29034.0,28754.262
2019-05-15 11:00:00,,11,2,2,5,2019,135,15,20,31718.0,31399.0,28978.0,29405.621
2019-05-15 12:00:00,,12,2,2,5,2019,135,15,20,31530.0,32885.0,28568.0,29800.043
2019-05-15 13:00:00,,13,2,2,5,2019,135,15,20,31739.0,34527.0,28263.0,30339.127
2019-05-15 14:00:00,,14,2,2,5,2019,135,15,20,31779.0,36223.0,28241.0,30881.05
2019-05-15 15:00:00,,15,2,2,5,2019,135,15,20,31646.0,37845.0,28179.0,30907.86
2019-05-15 16:00:00,,16,2,2,5,2019,135,15,20,31590.0,39454.0,28235.0,30971.709
2019-05-15 17:00:00,,17,2,2,5,2019,135,15,20,31551.0,41007.0,28465.0,31001.457
2019-05-15 18:00:00,,18,2,2,5,2019,135,15,20,31515.0,41949.0,28642.0,31015.69
2019-05-15 19:00:00,,19,2,2,5,2019,135,15,20,31221.0,41631.0,28475.0,31001.457
2019-05-15 20:00:00,,20,2,2,5,2019,135,15,20,31031.0,40823.0,28667.0,31015.69
2019-05-15 21:00:00,,21,2,2,5,2019,135,15,20,31159.0,40735.0,29479.0,31023.508
2019-05-15 22:00:00,,22,2,2,5,2019,135,15,20,29973.0,39373.0,28492.0,30553.686
2019-05-15 23:00:00,,23,2,2,5,2019,135,15,20,27665.0,35927.0,26232.0,28836.48
2019-05-16 00:00:00,,0,3,2,5,2019,136,16,20,25345.0,32637.0,23957.0,26346.67
2019-05-16 01:00:00,,1,3,2,5,2019,136,16,20,23459.0,29893.0,22358.0,24348.787
2019-05-16 02:00:00,,2,3,2,5,2019,136,16,20,22474.0,27991.0,21413.0,23452.045
2019-05-16 03:00:00,,3,3,2,5,2019,136,16,20,21958.0,26829.0,20975.0,22937.48
2019-05-16 04:00:00,,4,3,2,5,2019,136,16,20,21799.0,26020.0,20820.0,22582.656
2019-05-16 05:00:00,,5,3,2,5,2019,136,16,20,22244.0,26122.0,21378.0,22649.389
2019-05-16 06:00:00,,6,3,2,5,2019,136,16,20,23882.0,27372.0,23099.0,23844.688
2019-05-16 07:00:00,,7,3,2,5,2019,136,16,20,26547.0,29864.0,25781.0,26519.78
2019-05-16 08:00:00,,8,3,2,5,2019,136,16,20,28514.0,32658.0,27680.0,28478.32
2019-05-16 09:00:00,,9,3,2,5,2019,136,16,20,29366.0,34568.0,28129.0,29629.242
2019-05-16 10:00:00,,10,3,2,5,2019,136,16,20,29939.0,36364.0,28212.0,30655.754
2019-05-16 11:00:00,,11,3,2,5,2019,136,16,20,30434.0,38397.0,28375.0,30729.148
2019-05-16 12:00:00,,12,3,2,5,2019,136,16,20,30609.0,40329.0,28527.0,30720.752
2019-05-16 13:00:00,,13,3,2,5,2019,136,16,20,30613.0,41921.0,28753.0,30839.281
2019-05-16 14:00:00,,14,3,2,5,2019,136,16,20,30728.0,43485.0,29025.0,30918.918
2019-05-16 15:00:00,,15,3,2,5,2019,136,16,20,30676.0,44763.0,28795.0,31047.127
2019-05-16 16:00:00,,16,3,2,5,2019,136,16,20,30668.0,45915.0,28667.0,31133.03
2019-05-16 17:00:00,,17,3,2,5,2019,136,16,20,30891.0,46848.0,28776.0,31155.705
2019-05-16 18:00:00,,18,3,2,5,2019,136,16,20,31119.0,47029.0,28890.0,31172.938
2019-05-16 19:00:00,,19,3,2,5,2019,136,16,20,30871.0,45927.0,28512.0,31141.473
2019-05-16 20:00:00,,20,3,2,5,2019,136,16,20,30861.0,44621.0,28358.0,31039.271
2019-05-16 21:00:00,,21,3,2,5,2019,136,16,20,31361.0,44010.0,29127.0,30998.135
2019-05-16 22:00:00,,22,3,2,5,2019,136,16,20,30421.0,42225.0,28674.0,30550.53
2019-05-16 23:00:00,,23,3,2,5,2019,136,16,20,28066.0,38511.0,26224.0,28575.96
2019-05-17 00:00:00,,0,4,2,5,2019,137,17,20,25719.0,34950.0,23861.0,27332.137
2019-05-17 01:00:00,,1,4,2,5,2019,137,17,20,23945.0,31989.0,22035.0,25103.045
2019-05-17 02:00:00,,2,4,2,5,2019,137,17,20,22897.0,29961.0,21113.0,23959.79
2019-05-17 03:00:00,,3,4,2,5,2019,137,17,20,22224.0,28531.0,20625.0,23514.63
2019-05-17 04:00:00,,4,4,2,5,2019,137,17,20,22040.0,27622.0,20478.0,23098.482
2019-05-17 05:00:00,,5,4,2,5,2019,137,17,20,22441.0,27465.0,21009.0,23105.71
2019-05-17 06:00:00,,6,4,2,5,2019,137,17,20,23983.0,28670.0,22608.0,24632.256
2019-05-17 07:00:00,,7,4,2,5,2019,137,17,20,26525.0,31260.0,25158.0,26458.77
2019-05-17 08:00:00,,8,4,2,5,2019,137,17,20,28647.0,34314.0,27212.0,28892.56
2019-05-17 09:00:00,,9,4,2,5,2019,137,17,20,29670.0,36607.0,27756.0,30132.822
2019-05-17 10:00:00,,10,4,2,5,2019,137,17,20,30232.0,38711.0,27994.0,30356.389
2019-05-17 11:00:00,,11,4,2,5,2019,137,17,20,30505.0,40689.0,28303.0,30783.812
2019-05-17 12:00:00,,12,4,2,5,2019,137,17,20,30429.0,42384.0,28464.0,30739.37
2019-05-17 13:00:00,,13,4,2,5,2019,137,17,20,30117.0,43778.0,28543.0,30780.799
2019-05-17 14:00:00,,14,4,2,5,2019,137,17,20,29891.0,45266.0,28754.0,30965.256
2019-05-17 15:00:00,,15,4,2,5,2019,137,17,20,29513.0,46243.0,28861.0,30714.76
2019-05-17 16:00:00,,16,4,2,5,2019,137,17,20,29151.0,46948.0,28996.0,30613.854
2019-05-17 17:00:00,,17,4,2,5,2019,137,17,20,29017.0,47199.0,29210.0,30636.53
2019-05-17 18:00:00,,18,4,2,5,2019,137,17,20,28755.0,46621.0,29113.0,30636.53
2019-05-17 19:00:00,,19,4,2,5,2019,137,17,20,28283.0,44872.0,28393.0,30502.863
2019-05-17 20:00:00,,20,4,2,5,2019,137,17,20,28018.0,42490.0,27837.0,29866.2
2019-05-17 21:00:00,,21,4,2,5,2019,137,17,20,28312.0,41203.0,28393.0,30390.111
2019-05-17 22:00:00,,22,4,2,5,2019,137,17,20,27459.0,39212.0,27844.0,29359.842
2019-05-17 23:00:00,,23,4,2,5,2019,137,17,20,25695.0,35797.0,25935.0,28333.725
2019-05-18 00:00:00,,0,5,2,5,2019,138,18,20,23860.0,32175.0,23778.0,25762.957
2019-05-18 01:00:00,,1,5,2,5,2019,138,18,20,22319.0,29018.0,22031.0,24199.057
2019-05-18 02:00:00,,2,5,2,5,2019,138,18,20,21359.0,26853.0,20922.0,22962.717
2019-05-18 03:00:00,,3,5,2,5,2019,138,18,20,20731.0,25232.0,20210.0,22239.9
2019-05-18 04:00:00,,4,5,2,5,2019,138,18,20,20501.0,24158.0,19876.0,22071.178
2019-05-18 05:00:00,,5,5,2,5,2019,138,18,20,20572.0,23645.0,19887.0,21827.59
2019-05-18 06:00:00,,6,5,2,5,2019,138,18,20,21130.0,23598.0,20244.0,21831.537
2019-05-18 07:00:00,,7,5,2,5,2019,138,18,20,21917.0,23753.0,20889.0,22223.875
2019-05-18 08:00:00,,8,5,2,5,2019,138,18,20,23110.0,24748.0,22265.0,23004.434
2019-05-18 09:00:00,,9,5,2,5,2019,138,18,20,24884.0,26100.0,23977.0,24660.146
2019-05-18 10:00:00,,10,5,2,5,2019,138,18,20,26310.0,27065.0,25381.0,25825.607
2019-05-18 11:00:00,,11,5,2,5,2019,138,18,20,26990.0,27418.0,26175.0,26265.15
2019-05-18 12:00:00,,12,5,2,5,2019,138,18,20,27224.0,27339.0,26415.0,26305.492
2019-05-18 13:00:00,,13,5,2,5,2019,138,18,20,26991.0,26962.0,26249.0,26310.975
2019-05-18 14:00:00,,14,5,2,5,2019,138,18,20,26597.0,26596.0,25731.0,26150.451
2019-05-18 15:00:00,,15,5,2,5,2019,138,18,20,26322.0,26322.0,25384.0,25938.078
2019-05-18 16:00:00,,16,5,2,5,2019,138,18,20,26228.0,26068.0,25201.0,25687.514
2019-05-18 17:00:00,,17,5,2,5,2019,138,18,20,26415.0,26068.0,25284.0,25828.916
2019-05-18 18:00:00,,18,5,2,5,2019,138,18,20,26605.0,26125.0,25534.0,26014.459
2019-05-18 19:00:00,,19,5,2,5,2019,138,18,20,26583.0,26076.0,25679.0,26091.467
2019-05-18 20:00:00,,20,5,2,5,2019,138,18,20,26706.0,26080.0,25983.0,26106.21
2019-05-18 21:00:00,,21,5,2,5,2019,138,18,20,27308.0,26749.0,26566.0,26523.35
2019-05-18 22:00:00,,22,5,2,5,2019,138,18,20,26951.0,26387.0,25995.0,26300.236
2019-05-18 23:00:00,,23,5,2,5,2019,138,18,20,25674.0,24951.0,24638.0,24584.422
2019-05-19 00:00:00,,0,6,2,5,2019,139,19,20,24166.0,23201.0,22983.0,22910.152
2019-05-19 01:00:00,,1,6,2,5,2019,139,19,20,22823.0,21592.0,21558.0,21584.727
2019-05-19 02:00:00,,2,6,2,5,2019,139,19,20,21831.0,20532.0,20572.0,21332.88
2019-05-19 03:00:00,,3,6,2,5,2019,139,19,20,21221.0,19900.0,20017.0,21332.88
2019-05-19 04:00:00,,4,6,2,5,2019,139,19,20,20941.0,19542.0,19707.0,21332.88
2019-05-19 05:00:00,,5,6,2,5,2019,139,19,20,20926.0,19485.0,19693.0,21332.88
2019-05-19 06:00:00,,6,6,2,5,2019,139,19,20,21189.0,19585.0,19981.0,21336.828
2019-05-19 07:00:00,,7,6,2,5,2019,139,19,20,21499.0,19821.0,20366.0,21692.418
2019-05-19 08:00:00,,8,6,2,5,2019,139,19,20,22663.0,20828.0,21434.0,22160.03
2019-05-19 09:00:00,,9,6,2,5,2019,139,19,20,24287.0,22098.0,22935.0,23072.092
2019-05-19 10:00:00,,10,6,2,5,2019,139,19,20,25714.0,23071.0,24106.0,24012.78
2019-05-19 11:00:00,,11,6,2,5,2019,139,19,20,26872.0,23527.0,24810.0,24378.512
2019-05-19 12:00:00,,12,6,2,5,2019,139,19,20,28001.0,23907.0,25079.0,25205.203
2019-05-19 13:00:00,,13,6,2,5,2019,139,19,20,29070.0,24102.0,25098.0,25888.719
2019-05-19 14:00:00,,14,6,2,5,2019,139,19,20,30067.0,24125.0,25049.0,26792.67
2019-05-19 15:00:00,,15,6,2,5,2019,139,19,20,30706.0,24219.0,25016.0,26902.428
2019-05-19 16:00:00,,16,6,2,5,2019,139,19,20,31492.0,24519.0,25019.0,26948.596
2019-05-19 17:00:00,,17,6,2,5,2019,139,19,20,32633.0,25074.0,25384.0,28487.396
2019-05-19 18:00:00,,18,6,2,5,2019,139,19,20,33523.0,25763.0,25861.0,28781.805
2019-05-19 19:00:00,,19,6,2,5,2019,139,19,20,33560.0,26149.0,26184.0,28781.805
2019-05-19 20:00:00,,20,6,2,5,2019,139,19,20,33137.0,26555.0,26480.0,28965.87
2019-05-19 21:00:00,,21,6,2,5,2019,139,19,20,33159.0,27404.0,27293.0,29240.639
2019-05-19 22:00:00,,22,6,2,5,2019,139,19,20,32270.0,26691.0,26703.0,28517.156
2019-05-19 23:00:00,,23,6,2,5,2019,139,19,20,29762.0,24853.0,24962.0,26706.715
2019-05-20 00:00:00,,0,0,2,5,2019,140,20,21,26953.0,22940.0,22966.0,23892.568
2019-05-20 01:00:00,,1,0,2,5,2019,140,20,21,24715.0,21586.0,21532.0,22276.855
2019-05-20 02:00:00,,2,0,2,5,2019,140,20,21,23278.0,20813.0,20671.0,21517.08
2019-05-20 03:00:00,,3,0,2,5,2019,140,20,21,22475.0,20415.0,20305.0,21383.125
2019-05-20 04:00:00,,4,0,2,5,2019,140,20,21,22128.0,20361.0,20290.0,21367.166
2019-05-20 05:00:00,,5,0,2,5,2019,140,20,21,22423.0,20941.0,20888.0,21383.125
2019-05-20 06:00:00,,6,0,2,5,2019,140,20,21,23830.0,22676.0,22599.0,22406.84
2019-05-20 07:00:00,,7,0,2,5,2019,140,20,21,26267.0,25296.0,25346.0,25310.082
2019-05-20 08:00:00,,8,0,2,5,2019,140,20,21,28394.0,27515.0,27402.0,26970.143
2019-05-20 09:00:00,,9,0,2,5,2019,140,20,21,29312.0,28544.0,28072.0,27500.82
2019-05-20 10:00:00,,10,0,2,5,2019,140,20,21,30033.0,29187.0,28503.0,28429.701
2019-05-20 11:00:00,,11,0,2,5,2019,140,20,21,30738.0,29687.0,29014.0,28681.68
2019-05-20 12:00:00,,12,0,2,5,2019,140,20,21,31301.0,29943.0,29318.0,28859.57
2019-05-20 13:00:00,,13,0,2,5,2019,140,20,21,31843.0,30026.0,29660.0,29063.855
2019-05-20 14:00:00,,14,0,2,5,2019,140,20,21,32614.0,30030.0,30002.0,30190.797
2019-05-20 15:00:00,,15,0,2,5,2019,140,20,21,33439.0,29882.0,30153.0,30433.281
2019-05-20 16:00:00,,16,0,2,5,2019,140,20,21,34391.0,29747.0,30114.0,30784.535
2019-05-20 17:00:00,,17,0,2,5,2019,140,20,21,35334.0,29919.0,30152.0,30974.023
2019-05-20 18:00:00,,18,0,2,5,2019,140,20,21,35778.0,30145.0,30224.0,31055.008
2019-05-20 19:00:00,,19,0,2,5,2019,140,20,21,35302.0,29880.0,29867.0,30929.117
2019-05-20 20:00:00,,20,0,2,5,2019,140,20,21,34246.0,29756.0,29572.0,30698.633
2019-05-20 21:00:00,,21,0,2,5,2019,140,20,21,33826.0,30088.0,30013.0,30743.15
2019-05-20 22:00:00,,22,0,2,5,2019,140,20,21,32564.0,29181.0,29063.0,29788.363
2019-05-20 23:00:00,,23,0,2,5,2019,140,20,21,29587.0,26781.0,26531.0,26749.025
2019-05-21 00:00:00,,0,1,2,5,2019,141,21,21,26700.0,24626.0,24229.0,24458.303
2019-05-21 01:00:00,,1,1,2,5,2019,141,21,21,24533.0,22884.0,22468.0,22705.076
2019-05-21 02:00:00,,2,1,2,5,2019,141,21,21,23206.0,21836.0,21480.0,21524.754
2019-05-21 03:00:00,,3,1,2,5,2019,141,21,21,22592.0,21346.0,20951.0,21400.742
2019-05-21 04:00:00,,4,1,2,5,2019,141,21,21,22328.0,21136.0,20805.0,21383.125
2019-05-21 05:00:00,,5,1,2,5,2019,141,21,21,22741.0,21596.0,21289.0,21400.742
2019-05-21 06:00:00,,6,1,2,5,2019,141,21,21,24198.0,23162.0,22904.0,22706.57
2019-05-21 07:00:00,,7,1,2,5,2019,141,21,21,26731.0,25569.0,25549.0,25614.32
2019-05-21 08:00:00,,8,1,2,5,2019,141,21,21,28766.0,27597.0,27637.0,27068.979
2019-05-21 09:00:00,,9,1,2,5,2019,141,21,21,29739.0,28442.0,28526.0,28133.059
2019-05-21 10:00:00,,10,1,2,5,2019,141,21,21,30208.0,28839.0,29262.0,28471.293
2019-05-21 11:00:00,,11,1,2,5,2019,141,21,21,30655.0,29211.0,29834.0,28689.398
2019-05-21 12:00:00,,12,1,2,5,2019,141,21,21,30990.0,29311.0,30185.0,28961.947
2019-05-21 13:00:00,,13,1,2,5,2019,141,21,21,31052.0,29459.0,30367.0,29187.025
2019-05-21 14:00:00,,14,1,2,5,2019,141,21,21,31285.0,29569.0,30684.0,29555.045
2019-05-21 15:00:00,,15,1,2,5,2019,141,21,21,31288.0,29381.0,30868.0,29880.658
2019-05-21 16:00:00,,16,1,2,5,2019,141,21,21,31244.0,29292.0,31204.0,29850.203
2019-05-21 17:00:00,,17,1,2,5,2019,141,21,21,31448.0,29327.0,31696.0,30046.016
2019-05-21 18:00:00,,18,1,2,5,2019,141,21,21,31537.0,29405.0,31923.0,30140.828
2019-05-21 19:00:00,,19,1,2,5,2019,141,21,21,31193.0,29181.0,31584.0,29930.328
2019-05-21 20:00:00,,20,1,2,5,2019,141,21,21,30879.0,29268.0,31227.0,29872.879
2019-05-21 21:00:00,,21,1,2,5,2019,141,21,21,31166.0,29836.0,31575.0,30025.822
2019-05-21 22:00:00,,22,1,2,5,2019,141,21,21,30324.0,28918.0,30818.0,29410.715
2019-05-21 23:00:00,,23,1,2,5,2019,141,21,21,27997.0,26533.0,28056.0,26826.078
2019-05-22 00:00:00,,0,2,2,5,2019,142,22,21,25665.0,24356.0,25485.0,24728.14
2019-05-22 01:00:00,,1,2,2,5,2019,142,22,21,23964.0,22563.0,23451.0,22945.422
2019-05-22 02:00:00,,2,2,2,5,2019,142,22,21,22967.0,21651.0,22185.0,21701.898
2019-05-22 03:00:00,,3,2,2,5,2019,142,22,21,22418.0,21113.0,21488.0,21396.74
2019-05-22 04:00:00,,4,2,2,5,2019,142,22,21,22184.0,20965.0,21211.0,21367.166
2019-05-22 05:00:00,,5,2,2,5,2019,142,22,21,22633.0,21456.0,21587.0,21414.357
2019-05-22 06:00:00,,6,2,2,5,2019,142,22,21,24249.0,23084.0,22995.0,22744.928
2019-05-22 07:00:00,,7,2,2,5,2019,142,22,21,26899.0,25563.0,25635.0,25733.477
2019-05-22 08:00:00,,8,2,2,5,2019,142,22,21,29021.0,27563.0,27964.0,27252.848
2019-05-22 09:00:00,,9,2,2,5,2019,142,22,21,30238.0,28310.0,29227.0,28196.037
2019-05-22 10:00:00,,10,2,2,5,2019,142,22,21,31071.0,28685.0,30262.0,29001.664
2019-05-22 11:00:00,,11,2,2,5,2019,142,22,21,31839.0,28943.0,31322.0,29657.678
2019-05-22 12:00:00,,12,2,2,5,2019,142,22,21,32492.0,29026.0,32161.0,30421.977
2019-05-22 13:00:00,,13,2,2,5,2019,142,22,21,32733.0,29259.0,32991.0,30957.11
2019-05-22 14:00:00,,14,2,2,5,2019,142,22,21,33121.0,29522.0,33928.0,31321.63
2019-05-22 15:00:00,,15,2,2,5,2019,142,22,21,33556.0,29606.0,34627.0,31621.51
2019-05-22 16:00:00,,16,2,2,5,2019,142,22,21,34284.0,29628.0,35397.0,32099.994
2019-05-22 17:00:00,,17,2,2,5,2019,142,22,21,35261.0,29804.0,36224.0,32805.496
2019-05-22 18:00:00,,18,2,2,5,2019,142,22,21,35885.0,29739.0,36639.0,32841.06
2019-05-22 19:00:00,,19,2,2,5,2019,142,22,21,35509.0,29343.0,36230.0,32805.496
2019-05-22 20:00:00,,20,2,2,5,2019,142,22,21,34624.0,29271.0,35453.0,32258.955
2019-05-22 21:00:00,,21,2,2,5,2019,142,22,21,34192.0,29888.0,35411.0,32123.352
2019-05-22 22:00:00,,22,2,2,5,2019,142,22,21,33097.0,28934.0,34488.0,31374.43
2019-05-22 23:00:00,,23,2,2,5,2019,142,22,21,30253.0,26617.0,31346.0,28464.844
2019-05-23 00:00:00,,0,3,2,5,2019,143,23,21,27282.0,24373.0,28119.0,25904.346
2019-05-23 01:00:00,,1,3,2,5,2019,143,23,21,24906.0,22625.0,25734.0,24008.682
2019-05-23 02:00:00,,2,3,2,5,2019,143,23,21,23469.0,21677.0,24106.0,22462.47
2019-05-23 03:00:00,,3,3,2,5,2019,143,23,21,22727.0,21161.0,23142.0,21851.932
2019-05-23 04:00:00,,4,3,2,5,2019,143,23,21,22309.0,21071.0,22660.0,21801.205
2019-05-23 05:00:00,,5,3,2,5,2019,143,23,21,22647.0,21498.0,22847.0,21810.936
2019-05-23 06:00:00,,6,3,2,5,2019,143,23,21,23937.0,23069.0,24150.0,23106.531
2019-05-23 07:00:00,,7,3,2,5,2019,143,23,21,26259.0,25763.0,26815.0,25817.975
2019-05-23 08:00:00,,8,3,2,5,2019,143,23,21,28488.0,27869.0,29410.0,27555.684
2019-05-23 09:00:00,,9,3,2,5,2019,143,23,21,29546.0,28856.0,30983.0,28875.334
2019-05-23 10:00:00,,10,3,2,5,2019,143,23,21,30261.0,29392.0,32532.0,29722.537
2019-05-23 11:00:00,,11,3,2,5,2019,143,23,21,31103.0,29766.0,34181.0,30241.562
2019-05-23 12:00:00,,12,3,2,5,2019,143,23,21,31916.0,29767.0,35718.0,30698.373
2019-05-23 13:00:00,,13,3,2,5,2019,143,23,21,32647.0,29680.0,37075.0,31681.389
2019-05-23 14:00:00,,14,3,2,5,2019,143,23,21,33753.0,29704.0,38359.0,32563.93
2019-05-23 15:00:00,,15,3,2,5,2019,143,23,21,34878.0,29479.0,39405.0,33072.895
2019-05-23 16:00:00,,16,3,2,5,2019,143,23,21,36061.0,29535.0,40404.0,33562.195
2019-05-23 17:00:00,,17,3,2,5,2019,143,23,21,37293.0,29887.0,41316.0,34012.113
2019-05-23 18:00:00,,18,3,2,5,2019,143,23,21,38013.0,30178.0,41446.0,34050.844
2019-05-23 19:00:00,,19,3,2,5,2019,143,23,21,37467.0,29909.0,40689.0,33910.57
2019-05-23 20:00:00,,20,3,2,5,2019,143,23,21,36161.0,29589.0,39558.0,33396.203
2019-05-23 21:00:00,,21,3,2,5,2019,143,23,21,35306.0,29775.0,39211.0,33259.066
2019-05-23 22:00:00,,22,3,2,5,2019,143,23,21,33914.0,28761.0,38098.0,32213.97
2019-05-23 23:00:00,,23,3,2,5,2019,143,23,21,30733.0,26627.0,34811.0,29355.172
2019-05-24 00:00:00,,0,4,2,5,2019,144,24,21,27618.0,24488.0,31440.0,26850.4
2019-05-24 01:00:00,,1,4,2,5,2019,144,24,21,25257.0,22822.0,28615.0,25515.268
2019-05-24 02:00:00,,2,4,2,5,2019,144,24,21,23724.0,21764.0,26854.0,23694.525
2019-05-24 03:00:00,,3,4,2,5,2019,144,24,21,22804.0,21245.0,25688.0,23335.033
2019-05-24 04:00:00,,4,4,2,5,2019,144,24,21,22379.0,21027.0,25057.0,23012.805
2019-05-24 05:00:00,,5,4,2,5,2019,144,24,21,22622.0,21482.0,25130.0,23022.535
2019-05-24 06:00:00,,6,4,2,5,2019,144,24,21,23750.0,22877.0,26299.0,23959.506
2019-05-24 07:00:00,,7,4,2,5,2019,144,24,21,26062.0,25180.0,28836.0,26341.422
2019-05-24 08:00:00,,8,4,2,5,2019,144,24,21,28300.0,27168.0,31668.0,28434.951
2019-05-24 09:00:00,,9,4,2,5,2019,144,24,21,29802.0,28157.0,33905.0,30040.086
2019-05-24 10:00:00,,10,4,2,5,2019,144,24,21,31221.0,28735.0,35933.0,31110.62
2019-05-24 11:00:00,,11,4,2,5,2019,144,24,21,32598.0,29350.0,38071.0,32189.99
2019-05-24 12:00:00,,12,4,2,5,2019,144,24,21,33930.0,29639.0,39968.0,32924.68
2019-05-24 13:00:00,,13,4,2,5,2019,144,24,21,35095.0,29751.0,41440.0,33714.027
2019-05-24 14:00:00,,14,4,2,5,2019,144,24,21,36468.0,29940.0,42769.0,34281.117
2019-05-24 15:00:00,,15,4,2,5,2019,144,24,21,37763.0,29938.0,43655.0,34430.805
2019-05-24 16:00:00,,16,4,2,5,2019,144,24,21,39018.0,29904.0,44249.0,34842.85
2019-05-24 17:00:00,,17,4,2,5,2019,144,24,21,40256.0,30026.0,44715.0,34865.53
2019-05-24 18:00:00,,18,4,2,5,2019,144,24,21,40831.0,29946.0,44667.0,34907.816
2019-05-24 19:00:00,,19,4,2,5,2019,144,24,21,40093.0,29364.0,43406.0,34491.82
2019-05-24 20:00:00,,20,4,2,5,2019,144,24,21,38670.0,28879.0,41687.0,34388.113
2019-05-24 21:00:00,,21,4,2,5,2019,144,24,21,37566.0,29062.0,40689.0,34248.52
2019-05-24 22:00:00,,22,4,2,5,2019,144,24,21,36522.0,28600.0,39356.0,33664.71
2019-05-24 23:00:00,,23,4,2,5,2019,144,24,21,33864.0,26763.0,36320.0,31781.78
2019-05-25 00:00:00,,0,5,2,5,2019,145,25,21,31028.0,24624.0,32945.0,28617.559
2019-05-25 01:00:00,,1,5,2,5,2019,145,25,21,28532.0,22786.0,30016.0,26603.97
2019-05-25 02:00:00,,2,5,2,5,2019,145,25,21,26750.0,21475.0,27893.0,24999.318
2019-05-25 03:00:00,,3,5,2,5,2019,145,25,21,25537.0,20797.0,26352.0,24141.41
2019-05-25 04:00:00,,4,5,2,5,2019,145,25,21,24728.0,20422.0,25381.0,23903.27
2019-05-25 05:00:00,,5,5,2,5,2019,145,25,21,24337.0,20388.0,24852.0,23200.178
2019-05-25 06:00:00,,6,5,2,5,2019,145,25,21,24340.0,20459.0,24680.0,23204.125
2019-05-25 07:00:00,,7,5,2,5,2019,145,25,21,24832.0,20911.0,25057.0,23839.264
2019-05-25 08:00:00,,8,5,2,5,2019,145,25,21,26768.0,22169.0,27023.0,25287.172
2019-05-25 09:00:00,,9,5,2,5,2019,145,25,21,29460.0,23745.0,29823.0,27219.564
2019-05-25 10:00:00,,10,5,2,5,2019,145,25,21,32148.0,25022.0,32641.0,29397.945
2019-05-25 11:00:00,,11,5,2,5,2019,145,25,21,34587.0,25969.0,35169.0,32019.629
2019-05-25 12:00:00,,12,5,2,5,2019,145,25,21,36494.0,26525.0,37382.0,33189.74
2019-05-25 13:00:00,,13,5,2,5,2019,145,25,21,38180.0,26764.0,39181.0,33779.535
2019-05-25 14:00:00,,14,5,2,5,2019,145,25,21,39524.0,27017.0,40553.0,33579.02
2019-05-25 15:00:00,,15,5,2,5,2019,145,25,21,40481.0,26883.0,41582.0,33851.773
2019-05-25 16:00:00,,16,5,2,5,2019,145,25,21,41042.0,26763.0,42362.0,33946.57
2019-05-25 17:00:00,,17,5,2,5,2019,145,25,21,41301.0,26752.0,42855.0,34018.53
2019-05-25 18:00:00,,18,5,2,5,2019,145,25,21,41061.0,26887.0,42802.0,34049.055
2019-05-25 19:00:00,,19,5,2,5,2019,145,25,21,40077.0,26869.0,41885.0,33957.492
2019-05-25 20:00:00,,20,5,2,5,2019,145,25,21,38735.0,26768.0,40244.0,33797.504
2019-05-25 21:00:00,,21,5,2,5,2019,145,25,21,38068.0,27297.0,39086.0,34509.004
2019-05-25 22:00:00,,22,5,2,5,2019,145,25,21,36939.0,27178.0,37943.0,33841.492
2019-05-25 23:00:00,,23,5,2,5,2019,145,25,21,34657.0,25824.0,35133.0,32305.45
2019-05-26 00:00:00,,0,6,2,5,2019,146,26,21,32095.0,24047.0,32025.0,28388.762
2019-05-26 01:00:00,,1,6,2,5,2019,146,26,21,29755.0,22298.0,29200.0,26875.352
2019-05-26 02:00:00,,2,6,2,5,2019,146,26,21,27978.0,21164.0,27129.0,25047.352
2019-05-26 03:00:00,,3,6,2,5,2019,146,26,21,26781.0,20448.0,25529.0,24350.855
2019-05-26 04:00:00,,4,6,2,5,2019,146,26,21,26001.0,20050.0,24443.0,23604.383
2019-05-26 05:00:00,,5,6,2,5,2019,146,26,21,25513.0,19950.0,23792.0,23457.857
2019-05-26 06:00:00,,6,6,2,5,2019,146,26,21,25328.0,19851.0,23292.0,23099.22
2019-05-26 07:00:00,,7,6,2,5,2019,146,26,21,25358.0,20054.0,23511.0,23563.793
2019-05-26 08:00:00,,8,6,2,5,2019,146,26,21,26227.0,21141.0,25196.0,24437.469
2019-05-26 09:00:00,,9,6,2,5,2019,146,26,21,27747.0,22675.0,27819.0,25952.424
2019-05-26 10:00:00,,10,6,2,5,2019,146,26,21,29270.0,24063.0,30524.0,27572.45
2019-05-26 11:00:00,,11,6,2,5,2019,146,26,21,30441.0,25115.0,33100.0,29565.184
2019-05-26 12:00:00,,12,6,2,5,2019,146,26,21,31226.0,25958.0,35109.0,30364.018
2019-05-26 13:00:00,,13,6,2,5,2019,146,26,21,31776.0,26536.0,36664.0,30847.408
2019-05-26 14:00:00,,14,6,2,5,2019,146,26,21,32000.0,26579.0,37733.0,31498.164
2019-05-26 15:00:00,,15,6,2,5,2019,146,26,21,31809.0,26622.0,38477.0,31357.543
2019-05-26 16:00:00,,16,6,2,5,2019,146,26,21,31405.0,26774.0,38949.0,31452.494
2019-05-26 17:00:00,,17,6,2,5,2019,146,26,21,30982.0,26864.0,39184.0,31494.523
2019-05-26 18:00:00,,18,6,2,5,2019,146,26,21,30543.0,26857.0,38764.0,31411.543
2019-05-26 19:00:00,,19,6,2,5,2019,146,26,21,29874.0,26628.0,37509.0,31335.855
2019-05-26 20:00:00,,20,6,2,5,2019,146,26,21,29205.0,26534.0,36223.0,31099.566
2019-05-26 21:00:00,,21,6,2,5,2019,146,26,21,29076.0,26900.0,35781.0,31117.16
2019-05-26 22:00:00,,22,6,2,5,2019,146,26,21,28422.0,26356.0,34814.0,30240.836
2019-05-26 23:00:00,,23,6,2,5,2019,146,26,21,26809.0,25121.0,32668.0,28071.172
2019-05-27 00:00:00,,0,0,2,5,2019,147,27,22,24992.0,23337.0,30157.0,26231.404
2019-05-27 01:00:00,,1,0,2,5,2019,147,27,22,23185.0,21804.0,27786.0,24567.164
2019-05-27 02:00:00,,2,0,2,5,2019,147,27,22,21970.0,20780.0,26034.0,23621.447
2019-05-27 03:00:00,,3,0,2,5,2019,147,27,22,21165.0,20173.0,24922.0,23038.988
2019-05-27 04:00:00,,4,0,2,5,2019,147,27,22,20741.0,19925.0,24295.0,23003.625
2019-05-27 05:00:00,,5,0,2,5,2019,147,27,22,20749.0,19937.0,24165.0,23003.625
2019-05-27 06:00:00,,6,0,2,5,2019,147,27,22,21043.0,20342.0,24459.0,23168.803
2019-05-27 07:00:00,,7,0,2,5,2019,147,27,22,21458.0,20723.0,24723.0,23656.68
2019-05-27 08:00:00,,8,0,2,5,2019,147,27,22,22305.0,21631.0,25811.0,24632.146
2019-05-27 09:00:00,,9,0,2,5,2019,147,27,22,23774.0,23196.0,27626.0,25692.422
2019-05-27 10:00:00,,10,0,2,5,2019,147,27,22,25172.0,24764.0,29665.0,27249.717
2019-05-27 11:00:00,,11,0,2,5,2019,147,27,22,26126.0,25875.0,31567.0,28436.691
2019-05-27 12:00:00,,12,0,2,5,2019,147,27,22,26643.0,26474.0,33507.0,30154.234
2019-05-27 13:00:00,,13,0,2,5,2019,147,27,22,26792.0,26742.0,35019.0,31503.713
2019-05-27 14:00:00,,14,0,2,5,2019,147,27,22,26919.0,26738.0,36051.0,31833.295
2019-05-27 15:00:00,,15,0,2,5,2019,147,27,22,27197.0,26823.0,36749.0,32013.463
2019-05-27 16:00:00,,16,0,2,5,2019,147,27,22,27677.0,26963.0,36937.0,32198.055
2019-05-27 17:00:00,,17,0,2,5,2019,147,27,22,28335.0,27343.0,36981.0,32496.625
2019-05-27 18:00:00,,18,0,2,5,2019,147,27,22,29045.0,27721.0,36894.0,32803.54
2019-05-27 19:00:00,,19,0,2,5,2019,147,27,22,29156.0,27695.0,36198.0,32803.54
2019-05-27 20:00:00,,20,0,2,5,2019,147,27,22,29344.0,27749.0,35669.0,32722.465
2019-05-27 21:00:00,,21,0,2,5,2019,147,27,22,29998.0,28277.0,35766.0,33053.535
2019-05-27 22:00:00,,22,0,2,5,2019,147,27,22,29575.0,27846.0,34887.0,32295.604
2019-05-27 23:00:00,,23,0,2,5,2019,147,27,22,27618.0,25824.0,32293.0,29753.465
2019-05-28 00:00:00,,0,1,2,5,2019,148,28,22,25550.0,23695.0,29435.0,26372.3
2019-05-28 01:00:00,,1,1,2,5,2019,148,28,22,23845.0,22105.0,27151.0,24505.297
2019-05-28 02:00:00,,2,1,2,5,2019,148,28,22,22691.0,21188.0,25643.0,23637.406
2019-05-28 03:00:00,,3,1,2,5,2019,148,28,22,22273.0,20685.0,24820.0,23038.988
2019-05-28 04:00:00,,4,1,2,5,2019,148,28,22,22048.0,20477.0,24413.0,23003.625
2019-05-28 05:00:00,,5,1,2,5,2019,148,28,22,22556.0,20978.0,24811.0,23054.947
2019-05-28 06:00:00,,6,1,2,5,2019,148,28,22,24287.0,22654.0,26328.0,24503.309
2019-05-28 07:00:00,,7,1,2,5,2019,148,28,22,27050.0,25258.0,29150.0,26985.887
2019-05-28 08:00:00,,8,1,2,5,2019,148,28,22,29520.0,27573.0,32060.0,29055.852
2019-05-28 09:00:00,,9,1,2,5,2019,148,28,22,30920.0,28576.0,34030.0,30731.908
2019-05-28 10:00:00,,10,1,2,5,2019,148,28,22,32117.0,29169.0,35750.0,32154.455
2019-05-28 11:00:00,,11,1,2,5,2019,148,28,22,33480.0,29679.0,37440.0,33343.074
2019-05-28 12:00:00,,12,1,2,5,2019,148,28,22,34812.0,29909.0,38918.0,34725.21
2019-05-28 13:00:00,,13,1,2,5,2019,148,28,22,36180.0,30001.0,40207.0,35820.37
2019-05-28 14:00:00,,14,1,2,5,2019,148,28,22,37603.0,29941.0,41445.0,36420.04
2019-05-28 15:00:00,,15,1,2,5,2019,148,28,22,38989.0,29726.0,42446.0,36587.69
2019-05-28 16:00:00,,16,1,2,5,2019,148,28,22,40482.0,29730.0,43581.0,36779.91
2019-05-28 17:00:00,,17,1,2,5,2019,148,28,22,41950.0,29911.0,44438.0,37259.18
2019-05-28 18:00:00,,18,1,2,5,2019,148,28,22,42689.0,30099.0,44726.0,37259.18
2019-05-28 19:00:00,,19,1,2,5,2019,148,28,22,42289.0,30027.0,43840.0,36885.477
2019-05-28 20:00:00,,20,1,2,5,2019,148,28,22,41265.0,29877.0,42018.0,36646.03
2019-05-28 21:00:00,,21,1,2,5,2019,148,28,22,40408.0,30041.0,40769.0,36628.758
2019-05-28 22:00:00,,22,1,2,5,2019,148,28,22,38919.0,29072.0,39280.0,35911.266
2019-05-28 23:00:00,,23,1,2,5,2019,148,28,22,35327.0,26794.0,35440.0,33978.723
2019-05-29 00:00:00,,0,2,2,5,2019,149,29,22,31808.0,24641.0,31610.0,28547.105
2019-05-29 01:00:00,,1,2,2,5,2019,149,29,22,29022.0,22942.0,28697.0,26783.545
2019-05-29 02:00:00,,2,2,2,5,2019,149,29,22,27142.0,21980.0,26819.0,25164.623
2019-05-29 03:00:00,,3,2,2,5,2019,149,29,22,25989.0,21451.0,25666.0,24587.58
2019-05-29 04:00:00,,4,2,2,5,2019,149,29,22,25391.0,21331.0,24989.0,24183.455
2019-05-29 05:00:00,,5,2,2,5,2019,149,29,22,25590.0,21755.0,25137.0,24183.455
2019-05-29 06:00:00,,6,2,2,5,2019,149,29,22,26921.0,23450.0,26404.0,25378.531
2019-05-29 07:00:00,,7,2,2,5,2019,149,29,22,29598.0,26071.0,29079.0,27882.225
2019-05-29 08:00:00,,8,2,2,5,2019,149,29,22,31844.0,28153.0,31945.0,30110.666
2019-05-29 09:00:00,,9,2,2,5,2019,149,29,22,33015.0,29221.0,33971.0,31845.982
2019-05-29 10:00:00,,10,2,2,5,2019,149,29,22,33986.0,29687.0,35765.0,33071.508
2019-05-29 11:00:00,,11,2,2,5,2019,149,29,22,34827.0,30327.0,37662.0,34116.727
2019-05-29 12:00:00,,12,2,2,5,2019,149,29,22,35514.0,30912.0,39358.0,35299.6
2019-05-29 13:00:00,,13,2,2,5,2019,149,29,22,36075.0,31345.0,40725.0,36228.08
2019-05-29 14:00:00,,14,2,2,5,2019,149,29,22,36698.0,31959.0,42026.0,37343.086
2019-05-29 15:00:00,,15,2,2,5,2019,149,29,22,37075.0,32419.0,42920.0,37566.18
2019-05-29 16:00:00,,16,2,2,5,2019,149,29,22,37555.0,33126.0,43806.0,38152.1
2019-05-29 17:00:00,,17,2,2,5,2019,149,29,22,37888.0,33897.0,44472.0,39099.77
2019-05-29 18:00:00,,18,2,2,5,2019,149,29,22,37741.0,34435.0,44307.0,39079.79
2019-05-29 19:00:00,,19,2,2,5,2019,149,29,22,36737.0,33859.0,42783.0,38557.01
2019-05-29 20:00:00,,20,2,2,5,2019,149,29,22,35818.0,33223.0,40885.0,37890.832
2019-05-29 21:00:00,,21,2,2,5,2019,149,29,22,35396.0,33042.0,39665.0,37266.15
2019-05-29 22:00:00,,22,2,2,5,2019,149,29,22,34089.0,32372.0,38157.0,35726.17
2019-05-29 23:00:00,,23,2,2,5,2019,149,29,22,31117.0,29577.0,34554.0,32715.867
2019-05-30 00:00:00,,0,3,2,5,2019,150,30,22,28295.0,26773.0,30846.0,28068.287
2019-05-30 01:00:00,,1,3,2,5,2019,150,30,22,26102.0,24613.0,28052.0,26009.018
2019-05-30 02:00:00,,2,3,2,5,2019,150,30,22,24787.0,23206.0,26234.0,24575.234
2019-05-30 03:00:00,,3,3,2,5,2019,150,30,22,24023.0,22416.0,25095.0,23881.4
2019-05-30 04:00:00,,4,3,2,5,2019,150,30,22,23668.0,22062.0,24502.0,23478.516
2019-05-30 05:00:00,,5,3,2,5,2019,150,30,22,24023.0,22342.0,24676.0,23611.438
2019-05-30 06:00:00,,6,3,2,5,2019,150,30,22,25568.0,23645.0,25942.0,25069.973
2019-05-30 07:00:00,,7,3,2,5,2019,150,30,22,28266.0,26138.0,28605.0,27473.254
2019-05-30 08:00:00,,8,3,2,5,2019,150,30,22,30378.0,28337.0,30947.0,29740.734
2019-05-30 09:00:00,,9,3,2,5,2019,150,30,22,31448.0,29515.0,32158.0,30676.7
2019-05-30 10:00:00,,10,3,2,5,2019,150,30,22,32325.0,30457.0,33243.0,31816.473
2019-05-30 11:00:00,,11,3,2,5,2019,150,30,22,33128.0,31365.0,34286.0,32763.104
2019-05-30 12:00:00,,12,3,2,5,2019,150,30,22,33656.0,32031.0,35286.0,34235.477
2019-05-30 13:00:00,,13,3,2,5,2019,150,30,22,34094.0,32600.0,36267.0,35501.383
2019-05-30 14:00:00,,14,3,2,5,2019,150,30,22,34651.0,33107.0,37531.0,36328.12
2019-05-30 15:00:00,,15,3,2,5,2019,150,30,22,35142.0,33598.0,38620.0,37343.707
2019-05-30 16:00:00,,16,3,2,5,2019,150,30,22,35731.0,34241.0,39621.0,37489.508
2019-05-30 17:00:00,,17,3,2,5,2019,150,30,22,36538.0,34805.0,40318.0,38264.81
2019-05-30 18:00:00,,18,3,2,5,2019,150,30,22,36971.0,35108.0,40307.0,38363.44
2019-05-30 19:00:00,,19,3,2,5,2019,150,30,22,36572.0,34518.0,38989.0,38046.504
2019-05-30 20:00:00,,20,3,2,5,2019,150,30,22,36146.0,33583.0,37420.0,37140.605
2019-05-30 21:00:00,,21,3,2,5,2019,150,30,22,36015.0,32986.0,37055.0,36720.707
2019-05-30 22:00:00,,22,3,2,5,2019,150,30,22,34856.0,32133.0,35931.0,35551.93
2019-05-30 23:00:00,,23,3,2,5,2019,150,30,22,32297.0,29312.0,32981.0,33011.934
2019-05-31 00:00:00,,0,4,2,5,2019,151,31,22,29604.0,26499.0,29890.0,27937.223
2019-05-31 01:00:00,,1,4,2,5,2019,151,31,22,27496.0,24244.0,27490.0,26109.541
2019-05-31 02:00:00,,2,4,2,5,2019,151,31,22,26044.0,22838.0,25870.0,24905.248
2019-05-31 03:00:00,,3,4,2,5,2019,151,31,22,25133.0,22073.0,24930.0,24003.068
2019-05-31 04:00:00,,4,4,2,5,2019,151,31,22,24791.0,21639.0,24524.0,23782.182
2019-05-31 05:00:00,,5,4,2,5,2019,151,31,22,25098.0,21835.0,24876.0,23829.84
2019-05-31 06:00:00,,6,4,2,5,2019,151,31,22,26625.0,23121.0,26380.0,25160.926
2019-05-31 07:00:00,,7,4,2,5,2019,151,31,22,29112.0,25368.0,29056.0,27528.42
2019-05-31 08:00:00,,8,4,2,5,2019,151,31,22,31609.0,27546.0,31387.0,29614.47
2019-05-31 09:00:00,,9,4,2,5,2019,151,31,22,33182.0,28780.0,32611.0,31507.227
2019-05-31 10:00:00,,10,4,2,5,2019,151,31,22,34534.0,29643.0,33453.0,32586.74
2019-05-31 11:00:00,,11,4,2,5,2019,151,31,22,35619.0,30412.0,33992.0,33472.406
2019-05-31 12:00:00,,12,4,2,5,2019,151,31,22,36831.0,30961.0,34364.0,34564.42
2019-05-31 13:00:00,,13,4,2,5,2019,151,31,22,38167.0,31421.0,34563.0,35276.88
2019-05-31 14:00:00,,14,4,2,5,2019,151,31,22,39607.0,32015.0,34977.0,36279.36
2019-05-31 15:00:00,,15,4,2,5,2019,151,31,22,40929.0,32239.0,35159.0,36750.562
2019-05-31 16:00:00,,16,4,2,5,2019,151,31,22,42221.0,32484.0,35289.0,37101.93
2019-05-31 17:00:00,,17,4,2,5,2019,151,31,22,43453.0,32847.0,35423.0,37436.848
2019-05-31 18:00:00,,18,4,2,5,2019,151,31,22,43948.0,32855.0,35211.0,37436.848
2019-05-31 19:00:00,,19,4,2,5,2019,151,31,22,43087.0,32168.0,34545.0,36970.945
2019-05-31 20:00:00,,20,4,2,5,2019,151,31,22,41556.0,31114.0,33779.0,35476.203
2019-05-31 21:00:00,,21,4,2,5,2019,151,31,22,40427.0,30359.0,33731.0,35403.582
2019-05-31 22:00:00,,22,4,2,5,2019,151,31,22,39082.0,29729.0,33316.0,34819.06
2019-05-31 23:00:00,,23,4,2,5,2019,151,31,22,36263.0,27649.0,31247.0,32952.74
2019-06-01 00:00:00,,0,5,2,6,2019,152,1,22,33202.0,25307.0,28756.0,28726.03
2019-06-01 01:00:00,,1,5,2,6,2019,152,1,22,30347.0,23262.0,26426.0,26499.527
2019-06-01 02:00:00,,2,5,2,6,2019,152,1,22,28319.0,21853.0,24920.0,24920.51
2019-06-01 03:00:00,,3,5,2,6,2019,152,1,22,27026.0,21039.0,23934.0,24320.84
2019-06-01 04:00:00,,4,5,2,6,2019,152,1,22,26144.0,20636.0,23422.0,23895.018
2019-06-01 05:00:00,,5,5,2,6,2019,152,1,22,25691.0,20554.0,23289.0,23426.365
2019-06-01 06:00:00,,6,5,2,6,2019,152,1,22,25714.0,20854.0,23596.0,23747.885
2019-06-01 07:00:00,,7,5,2,6,2019,152,1,22,26301.0,21514.0,24240.0,24246.477
2019-06-01 08:00:00,,8,5,2,6,2019,152,1,22,28148.0,22813.0,25842.0,25883.8
2019-06-01 09:00:00,,9,5,2,6,2019,152,1,22,30713.0,24455.0,27929.0,28128.314
2019-06-01 10:00:00,,10,5,2,6,2019,152,1,22,33099.0,25575.0,30036.0,30123.77
2019-06-01 11:00:00,,11,5,2,6,2019,152,1,22,34995.0,26082.0,31955.0,31615.64
2019-06-01 12:00:00,,12,5,2,6,2019,152,1,22,36495.0,26237.0,33578.0,33325.195
2019-06-01 13:00:00,,13,5,2,6,2019,152,1,22,37836.0,26195.0,34838.0,34153.797
2019-06-01 14:00:00,,14,5,2,6,2019,152,1,22,38890.0,26315.0,35896.0,34489.87
2019-06-01 15:00:00,,15,5,2,6,2019,152,1,22,39568.0,26581.0,36637.0,34714.844
2019-06-01 16:00:00,,16,5,2,6,2019,152,1,22,39868.0,27143.0,37298.0,35146.164
2019-06-01 17:00:00,,17,5,2,6,2019,152,1,22,39576.0,27867.0,37930.0,35321.758
2019-06-01 18:00:00,,18,5,2,6,2019,152,1,22,38867.0,28637.0,37965.0,35571.742
2019-06-01 19:00:00,,19,5,2,6,2019,152,1,22,37764.0,28904.0,37215.0,35748.43
2019-06-01 20:00:00,,20,5,2,6,2019,152,1,22,36623.0,28576.0,36055.0,35473.43
2019-06-01 21:00:00,,21,5,2,6,2019,152,1,22,35944.0,28238.0,35759.0,35064.49
2019-06-01 22:00:00,,22,5,2,6,2019,152,1,22,35000.0,27955.0,34959.0,33995.33
2019-06-01 23:00:00,,23,5,2,6,2019,152,1,22,32881.0,26280.0,32775.0,32284.432
2019-06-02 00:00:00,,0,6,2,6,2019,153,2,22,30417.0,24347.0,30179.0,28036.139
2019-06-02 01:00:00,,1,6,2,6,2019,153,2,22,28077.0,22465.0,27831.0,26005.28
2019-06-02 02:00:00,,2,6,2,6,2019,153,2,22,26347.0,21271.0,26145.0,24668.379
2019-06-02 03:00:00,,3,6,2,6,2019,153,2,22,25053.0,20502.0,24927.0,23776.566
2019-06-02 04:00:00,,4,6,2,6,2019,153,2,22,24236.0,20042.0,24199.0,23495.906
2019-06-02 05:00:00,,5,6,2,6,2019,153,2,22,23691.0,19933.0,23835.0,23180.736
2019-06-02 06:00:00,,6,6,2,6,2019,153,2,22,23440.0,19789.0,23840.0,23068.303
2019-06-02 07:00:00,,7,6,2,6,2019,153,2,22,23382.0,20079.0,24048.0,23300.816
2019-06-02 08:00:00,,8,6,2,6,2019,153,2,22,23928.0,21131.0,25229.0,24189.676
2019-06-02 09:00:00,,9,6,2,6,2019,153,2,22,24971.0,22732.0,27174.0,25501.314
2019-06-02 10:00:00,,10,6,2,6,2019,153,2,22,25882.0,24308.0,28957.0,26774.209
2019-06-02 11:00:00,,11,6,2,6,2019,153,2,22,26451.0,25636.0,30461.0,27834.916
2019-06-02 12:00:00,,12,6,2,6,2019,153,2,22,26728.0,26546.0,31583.0,29071.656
2019-06-02 13:00:00,,13,6,2,6,2019,153,2,22,26840.0,27584.0,32682.0,30133.91
2019-06-02 14:00:00,,14,6,2,6,2019,153,2,22,26596.0,28238.0,33675.0,31205.852
2019-06-02 15:00:00,,15,6,2,6,2019,153,2,22,26390.0,28747.0,34611.0,31955.496
2019-06-02 16:00:00,,16,6,2,6,2019,153,2,22,26273.0,29253.0,35483.0,32315.979
2019-06-02 17:00:00,,17,6,2,6,2019,153,2,22,26556.0,29855.0,35986.0,32570.447
2019-06-02 18:00:00,,18,6,2,6,2019,153,2,22,26948.0,30426.0,35718.0,32857.246
2019-06-02 19:00:00,,19,6,2,6,2019,153,2,22,27110.0,30571.0,34716.0,32638.69
2019-06-02 20:00:00,,20,6,2,6,2019,153,2,22,27173.0,30396.0,33565.0,32023.775
2019-06-02 21:00:00,,21,6,2,6,2019,153,2,22,27413.0,30786.0,33120.0,31738.11
2019-06-02 22:00:00,,22,6,2,6,2019,153,2,22,26774.0,30342.0,32553.0,31036.658
2019-06-02 23:00:00,,23,6,2,6,2019,153,2,22,25011.0,28180.0,30428.0,29496.55
2019-06-03 00:00:00,,0,0,2,6,2019,154,3,23,23226.0,26018.0,27748.0,25502.312
2019-06-03 01:00:00,,1,0,2,6,2019,154,3,23,21844.0,24304.0,25674.0,24155.826
2019-06-03 02:00:00,,2,0,2,6,2019,154,3,23,21005.0,23203.0,24387.0,22920.543
2019-06-03 03:00:00,,3,0,2,6,2019,154,3,23,20556.0,22546.0,23629.0,22781.166
2019-06-03 04:00:00,,4,0,2,6,2019,154,3,23,20498.0,22284.0,23383.0,22743.74
2019-06-03 05:00:00,,5,0,2,6,2019,154,3,23,21008.0,22758.0,23826.0,22826.178
2019-06-03 06:00:00,,6,0,2,6,2019,154,3,23,22516.0,24363.0,25324.0,23939.844
2019-06-03 07:00:00,,7,0,2,6,2019,154,3,23,24950.0,26880.0,28150.0,26906.762
2019-06-03 08:00:00,,8,0,2,6,2019,154,3,23,26844.0,29143.0,31094.0,28300.54
2019-06-03 09:00:00,,9,0,2,6,2019,154,3,23,27730.0,30446.0,33117.0,29688.723
2019-06-03 10:00:00,,10,0,2,6,2019,154,3,23,28082.0,31306.0,34699.0,31077.857
2019-06-03 11:00:00,,11,0,2,6,2019,154,3,23,28589.0,32090.0,36061.0,32474.504
2019-06-03 12:00:00,,12,0,2,6,2019,154,3,23,28967.0,32546.0,37217.0,33561.168
2019-06-03 13:00:00,,13,0,2,6,2019,154,3,23,29089.0,32797.0,38226.0,34353.91
2019-06-03 14:00:00,,14,0,2,6,2019,154,3,23,29465.0,32926.0,39453.0,34541.434
2019-06-03 15:00:00,,15,0,2,6,2019,154,3,23,30113.0,32668.0,40616.0,34688.04
2019-06-03 16:00:00,,16,0,2,6,2019,154,3,23,30697.0,32399.0,41658.0,34539.266
2019-06-03 17:00:00,,17,0,2,6,2019,154,3,23,31244.0,32606.0,42464.0,34780.01
2019-06-03 18:00:00,,18,0,2,6,2019,154,3,23,31812.0,32760.0,42699.0,34993.883
2019-06-03 19:00:00,,19,0,2,6,2019,154,3,23,31773.0,32384.0,41583.0,34759.543
2019-06-03 20:00:00,,20,0,2,6,2019,154,3,23,31438.0,32092.0,40170.0,34718.234
2019-06-03 21:00:00,,21,0,2,6,2019,154,3,23,31293.0,32221.0,39459.0,34659.99
2019-06-03 22:00:00,,22,0,2,6,2019,154,3,23,30664.0,31323.0,38463.0,33515.453
2019-06-03 23:00:00,,23,0,2,6,2019,154,3,23,28263.0,28867.0,35226.0,32152.838
2019-06-04 00:00:00,,0,1,2,6,2019,155,4,23,25612.0,26332.0,31787.0,26952.154
2019-06-04 01:00:00,,1,1,2,6,2019,155,4,23,23615.0,24349.0,29099.0,25386.627
2019-06-04 02:00:00,,2,1,2,6,2019,155,4,23,22380.0,23096.0,27361.0,23827.236
2019-06-04 03:00:00,,3,1,2,6,2019,155,4,23,21668.0,22501.0,26184.0,23448.232
2019-06-04 04:00:00,,4,1,2,6,2019,155,4,23,21325.0,22193.0,25660.0,23431.344
2019-06-04 05:00:00,,5,1,2,6,2019,155,4,23,21654.0,22572.0,25800.0,23448.232
2019-06-04 06:00:00,,6,1,2,6,2019,155,4,23,22944.0,24014.0,27074.0,24198.8
2019-06-04 07:00:00,,7,1,2,6,2019,155,4,23,25421.0,26515.0,29821.0,26916.49
2019-06-04 08:00:00,,8,1,2,6,2019,155,4,23,27446.0,28600.0,32757.0,28457.297
2019-06-04 09:00:00,,9,1,2,6,2019,155,4,23,28518.0,29598.0,34590.0,30351.975
2019-06-04 10:00:00,,10,1,2,6,2019,155,4,23,28879.0,30274.0,36150.0,31515.56
2019-06-04 11:00:00,,11,1,2,6,2019,155,4,23,29860.0,30880.0,37763.0,32243.557
2019-06-04 12:00:00,,12,1,2,6,2019,155,4,23,30474.0,31225.0,39235.0,32986.668
2019-06-04 13:00:00,,13,1,2,6,2019,155,4,23,30827.0,31331.0,40408.0,33513.5
2019-06-04 14:00:00,,14,1,2,6,2019,155,4,23,31584.0,31386.0,41329.0,33883.055
2019-06-04 15:00:00,,15,1,2,6,2019,155,4,23,31997.0,31413.0,41440.0,34281.66
2019-06-04 16:00:00,,16,1,2,6,2019,155,4,23,32550.0,31564.0,40816.0,35509.402
2019-06-04 17:00:00,,17,1,2,6,2019,155,4,23,33048.0,31552.0,39756.0,35503.47
2019-06-04 18:00:00,,18,1,2,6,2019,155,4,23,33270.0,31631.0,39161.0,35503.47
2019-06-04 19:00:00,,19,1,2,6,2019,155,4,23,32649.0,31169.0,38081.0,34780.105
2019-06-04 20:00:00,,20,1,2,6,2019,155,4,23,32006.0,30730.0,36665.0,33996.035
2019-06-04 21:00:00,,21,1,2,6,2019,155,4,23,31792.0,30687.0,35383.0,33512.633
2019-06-04 22:00:00,,22,1,2,6,2019,155,4,23,30831.0,29752.0,34306.0,32301.236
2019-06-04 23:00:00,,23,1,2,6,2019,155,4,23,28393.0,27367.0,31218.0,29954.172
2019-06-05 00:00:00,,0,2,2,6,2019,156,5,23,25750.0,24958.0,27987.0,25815.832
2019-06-05 01:00:00,,1,2,2,6,2019,156,5,23,23817.0,23154.0,25433.0,23853.146
2019-06-05 02:00:00,,2,2,2,6,2019,156,5,23,22618.0,21985.0,23883.0,22665.418
2019-06-05 03:00:00,,3,2,2,6,2019,156,5,23,22000.0,21521.0,22950.0,22112.986
2019-06-05 04:00:00,,4,2,2,6,2019,156,5,23,21687.0,21294.0,22466.0,21947.463
2019-06-05 05:00:00,,5,2,2,6,2019,156,5,23,22036.0,21768.0,22637.0,22112.986
2019-06-05 06:00:00,,6,2,2,6,2019,156,5,23,23329.0,23183.0,23845.0,23111.605
2019-06-05 07:00:00,,7,2,2,6,2019,156,5,23,25715.0,25575.0,26176.0,25759.145
2019-06-05 08:00:00,,8,2,2,6,2019,156,5,23,27799.0,27491.0,28459.0,27504.438
2019-06-05 09:00:00,,9,2,2,6,2019,156,5,23,28670.0,28243.0,29649.0,28228.041
2019-06-05 10:00:00,,10,2,2,6,2019,156,5,23,29057.0,28548.0,30383.0,28698.47
2019-06-05 11:00:00,,11,2,2,6,2019,156,5,23,29459.0,28863.0,31194.0,30034.977
2019-06-05 12:00:00,,12,2,2,6,2019,156,5,23,29803.0,29129.0,31255.0,31131.04
2019-06-05 13:00:00,,13,2,2,6,2019,156,5,23,30343.0,29235.0,30809.0,31591.865
2019-06-05 14:00:00,,14,2,2,6,2019,156,5,23,30785.0,29351.0,30396.0,31353.904
2019-06-05 15:00:00,,15,2,2,6,2019,156,5,23,31185.0,29292.0,29956.0,31458.912
2019-06-05 16:00:00,,16,2,2,6,2019,156,5,23,31410.0,29275.0,29824.0,31492.734
2019-06-05 17:00:00,,17,2,2,6,2019,156,5,23,31566.0,29419.0,29962.0,31688.59
2019-06-05 18:00:00,,18,2,2,6,2019,156,5,23,31372.0,29408.0,30063.0,31772.707
2019-06-05 19:00:00,,19,2,2,6,2019,156,5,23,30834.0,29109.0,29764.0,31333.379
2019-06-05 20:00:00,,20,2,2,6,2019,156,5,23,30497.0,28940.0,29297.0,31160.877
2019-06-05 21:00:00,,21,2,2,6,2019,156,5,23,30731.0,29152.0,29373.0,31225.787
2019-06-05 22:00:00,,22,2,2,6,2019,156,5,23,29957.0,28854.0,29150.0,30669.062
2019-06-05 23:00:00,,23,2,2,6,2019,156,5,23,27716.0,26664.0,26933.0,28697.428
2019-06-06 00:00:00,,0,3,2,6,2019,157,6,23,25357.0,24398.0,24477.0,24538.254
2019-06-06 01:00:00,,1,3,2,6,2019,157,6,23,23418.0,22671.0,22693.0,22629.176
2019-06-06 02:00:00,,2,3,2,6,2019,157,6,23,22350.0,21629.0,21634.0,21799.783
2019-06-06 03:00:00,,3,3,2,6,2019,157,6,23,21709.0,21070.0,21028.0,21676.445
2019-06-06 04:00:00,,4,3,2,6,2019,157,6,23,21485.0,20891.0,20825.0,21676.445
2019-06-06 05:00:00,,5,3,2,6,2019,157,6,23,21790.0,21361.0,21212.0,21702.793
2019-06-06 06:00:00,,6,3,2,6,2019,157,6,23,23248.0,22649.0,22479.0,22420.383
2019-06-06 07:00:00,,7,3,2,6,2019,157,6,23,25701.0,24997.0,24904.0,24915.209
2019-06-06 08:00:00,,8,3,2,6,2019,157,6,23,27733.0,27027.0,27058.0,27034.475
2019-06-06 09:00:00,,9,3,2,6,2019,157,6,23,28670.0,27976.0,27944.0,27870.705
2019-06-06 10:00:00,,10,3,2,6,2019,157,6,23,29290.0,28537.0,28452.0,28379.682
2019-06-06 11:00:00,,11,3,2,6,2019,157,6,23,30052.0,29177.0,28991.0,29646.303
2019-06-06 12:00:00,,12,3,2,6,2019,157,6,23,30523.0,29564.0,29231.0,30406.59
2019-06-06 13:00:00,,13,3,2,6,2019,157,6,23,31072.0,29802.0,29439.0,31134.936
2019-06-06 14:00:00,,14,3,2,6,2019,157,6,23,31946.0,29906.0,29849.0,31627.06
2019-06-06 15:00:00,,15,3,2,6,2019,157,6,23,32347.0,29780.0,30175.0,32463.424
2019-06-06 16:00:00,,16,3,2,6,2019,157,6,23,32994.0,29433.0,30721.0,33075.434
2019-06-06 17:00:00,,17,3,2,6,2019,157,6,23,33648.0,30082.0,31351.0,33409.85
2019-06-06 18:00:00,,18,3,2,6,2019,157,6,23,33933.0,30209.0,31742.0,33615.637
2019-06-06 19:00:00,,19,3,2,6,2019,157,6,23,33537.0,29877.0,31454.0,33302.215
2019-06-06 20:00:00,,20,3,2,6,2019,157,6,23,32713.0,29534.0,30844.0,33034.824
2019-06-06 21:00:00,,21,3,2,6,2019,157,6,23,32341.0,29637.0,30705.0,32853.223
2019-06-06 22:00:00,,22,3,2,6,2019,157,6,23,31692.0,29348.0,30407.0,31276.455
2019-06-06 23:00:00,,23,3,2,6,2019,157,6,23,29228.0,27096.0,28019.0,29210.209
2019-06-07 00:00:00,,0,4,2,6,2019,158,7,23,26556.0,24592.0,25332.0,25168.748
2019-06-07 01:00:00,,1,4,2,6,2019,158,7,23,24533.0,22729.0,23355.0,23607.791
2019-06-07 02:00:00,,2,4,2,6,2019,158,7,23,23148.0,21650.0,22176.0,22069.586
2019-06-07 03:00:00,,3,4,2,6,2019,158,7,23,22406.0,21126.0,21466.0,21725.008
2019-06-07 04:00:00,,4,4,2,6,2019,158,7,23,22036.0,20917.0,21206.0,21695.434
2019-06-07 05:00:00,,5,4,2,6,2019,158,7,23,22266.0,21297.0,21435.0,21735.396
2019-06-07 06:00:00,,6,4,2,6,2019,158,7,23,23491.0,22537.0,22539.0,22453.2
2019-06-07 07:00:00,,7,4,2,6,2019,158,7,23,25629.0,24773.0,24841.0,24807.914
2019-06-07 08:00:00,,8,4,2,6,2019,158,7,23,27910.0,26792.0,27003.0,27130.88
2019-06-07 09:00:00,,9,4,2,6,2019,158,7,23,29329.0,28004.0,28208.0,28161.014
2019-06-07 10:00:00,,10,4,2,6,2019,158,7,23,30621.0,28747.0,28917.0,29173.588
2019-06-07 11:00:00,,11,4,2,6,2019,158,7,23,31945.0,29517.0,29532.0,30342.05
2019-06-07 12:00:00,,12,4,2,6,2019,158,7,23,33290.0,30223.0,29971.0,32007.434
2019-06-07 13:00:00,,13,4,2,6,2019,158,7,23,34548.0,30814.0,30304.0,33096.555
2019-06-07 14:00:00,,14,4,2,6,2019,158,7,23,36032.0,31618.0,30800.0,33826.22
2019-06-07 15:00:00,,15,4,2,6,2019,158,7,23,36982.0,32333.0,31486.0,34357.66
2019-06-07 16:00:00,,16,4,2,6,2019,158,7,23,37753.0,32991.0,32051.0,34837.88
2019-06-07 17:00:00,,17,4,2,6,2019,158,7,23,38340.0,33711.0,32927.0,35744.637
2019-06-07 18:00:00,,18,4,2,6,2019,158,7,23,38407.0,34194.0,33124.0,35878.785
2019-06-07 19:00:00,,19,4,2,6,2019,158,7,23,37501.0,33815.0,32501.0,35327.95
2019-06-07 20:00:00,,20,4,2,6,2019,158,7,23,36366.0,32928.0,31568.0,34558.68
2019-06-07 21:00:00,,21,4,2,6,2019,158,7,23,35678.0,32158.0,30946.0,34188.785
2019-06-07 22:00:00,,22,4,2,6,2019,158,7,23,34922.0,31521.0,30543.0,33265.477
2019-06-07 23:00:00,,23,4,2,6,2019,158,7,23,32502.0,29324.0,28367.0,31560.85
2019-06-08 00:00:00,,0,5,2,6,2019,159,8,23,29768.0,26853.0,25902.0,26954.46
2019-06-08 01:00:00,,1,5,2,6,2019,159,8,23,27325.0,24748.0,23775.0,24875.01
2019-06-08 02:00:00,,2,5,2,6,2019,159,8,23,25548.0,23152.0,22440.0,23145.64
2019-06-08 03:00:00,,3,5,2,6,2019,159,8,23,24359.0,22220.0,21596.0,22686.41
2019-06-08 04:00:00,,4,5,2,6,2019,159,8,23,23670.0,21697.0,21131.0,22063.18
2019-06-08 05:00:00,,5,5,2,6,2019,159,8,23,23332.0,21482.0,20988.0,21946.795
2019-06-08 06:00:00,,6,5,2,6,2019,159,8,23,23352.0,21565.0,21065.0,21950.742
2019-06-08 07:00:00,,7,5,2,6,2019,159,8,23,23903.0,22139.0,21621.0,22763.836
2019-06-08 08:00:00,,8,5,2,6,2019,159,8,23,25678.0,23766.0,23282.0,24074.479
2019-06-08 09:00:00,,9,5,2,6,2019,159,8,23,27947.0,25976.0,25394.0,26481.824
2019-06-08 10:00:00,,10,5,2,6,2019,159,8,23,29993.0,27893.0,27261.0,28158.23
2019-06-08 11:00:00,,11,5,2,6,2019,159,8,23,31810.0,29567.0,29134.0,29736.434
2019-06-08 12:00:00,,12,5,2,6,2019,159,8,23,33355.0,31027.0,30825.0,32245.273
2019-06-08 13:00:00,,13,5,2,6,2019,159,8,23,34553.0,32248.0,32612.0,33861.12
2019-06-08 14:00:00,,14,5,2,6,2019,159,8,23,35414.0,33384.0,34349.0,34801.547
2019-06-08 15:00:00,,15,5,2,6,2019,159,8,23,36115.0,34466.0,36147.0,36433.223
2019-06-08 16:00:00,,16,5,2,6,2019,159,8,23,36326.0,35563.0,37937.0,37695.85
2019-06-08 17:00:00,,17,5,2,6,2019,159,8,23,36229.0,36674.0,39715.0,37808.285
2019-06-08 18:00:00,,18,5,2,6,2019,159,8,23,35983.0,37349.0,40998.0,39315.117
2019-06-08 19:00:00,,19,5,2,6,2019,159,8,23,35157.0,37190.0,41298.0,39315.117
2019-06-08 20:00:00,,20,5,2,6,2019,159,8,23,34019.0,36191.0,40672.0,38056.44
2019-06-08 21:00:00,,21,5,2,6,2019,159,8,23,33453.0,35264.0,39991.0,37142.41
2019-06-08 22:00:00,,22,5,2,6,2019,159,8,23,32856.0,34655.0,39464.0,36100.613
2019-06-08 23:00:00,,23,5,2,6,2019,159,8,23,31029.0,32491.0,37136.0,33953.09
2019-06-09 00:00:00,,0,6,2,6,2019,160,9,23,28798.0,29990.0,34326.0,29680.092
2019-06-09 01:00:00,,1,6,2,6,2019,160,9,23,26775.0,27551.0,31565.0,27211.883
2019-06-09 02:00:00,,2,6,2,6,2019,160,9,23,25157.0,25736.0,29447.0,26203.697
2019-06-09 03:00:00,,3,6,2,6,2019,160,9,23,24054.0,24436.0,27930.0,25141.422
2019-06-09 04:00:00,,4,6,2,6,2019,160,9,23,23339.0,23626.0,27020.0,24144.385
2019-06-09 05:00:00,,5,6,2,6,2019,160,9,23,22972.0,23098.0,26522.0,23747.037
2019-06-09 06:00:00,,6,6,2,6,2019,160,9,23,22853.0,22773.0,26177.0,23600.525
2019-06-09 07:00:00,,7,6,2,6,2019,160,9,23,23016.0,23107.0,26616.0,23949.729
2019-06-09 08:00:00,,8,6,2,6,2019,160,9,23,24098.0,25142.0,28795.0,25917.45
2019-06-09 09:00:00,,9,6,2,6,2019,160,9,23,25703.0,28051.0,31928.0,27826.895
2019-06-09 10:00:00,,10,6,2,6,2019,160,9,23,27250.0,31178.0,34920.0,30477.53
2019-06-09 11:00:00,,11,6,2,6,2019,160,9,23,28270.0,33864.0,36784.0,33321.336
2019-06-09 12:00:00,,12,6,2,6,2019,160,9,23,28983.0,36100.0,37878.0,34923.188
2019-06-09 13:00:00,,13,6,2,6,2019,160,9,23,29338.0,37843.0,38239.0,35926.477
2019-06-09 14:00:00,,14,6,2,6,2019,160,9,23,29395.0,39315.0,38262.0,36254.703
2019-06-09 15:00:00,,15,6,2,6,2019,160,9,23,29276.0,40735.0,38254.0,36641.91
2019-06-09 16:00:00,,16,6,2,6,2019,160,9,23,29260.0,42179.0,38433.0,36791.6
2019-06-09 17:00:00,,17,6,2,6,2019,160,9,23,29273.0,43570.0,38682.0,36758.695
2019-06-09 18:00:00,,18,6,2,6,2019,160,9,23,29370.0,44439.0,38675.0,36801.562
2019-06-09 19:00:00,,19,6,2,6,2019,160,9,23,29169.0,44396.0,37758.0,36765.242
2019-06-09 20:00:00,,20,6,2,6,2019,160,9,23,28892.0,43424.0,36011.0,36131.152
2019-06-09 21:00:00,,21,6,2,6,2019,160,9,23,28915.0,42150.0,34366.0,35117.055
2019-06-09 22:00:00,,22,6,2,6,2019,160,9,23,28157.0,40996.0,33319.0,33981.973
2019-06-09 23:00:00,,23,6,2,6,2019,160,9,23,26346.0,37791.0,30615.0,31933.58
2019-06-10 00:00:00,,0,0,2,6,2019,161,10,24,24334.0,34255.0,27664.0,28304.584
2019-06-10 01:00:00,,1,0,2,6,2019,161,10,24,22795.0,31292.0,25215.0,25590.852
2019-06-10 02:00:00,,2,0,2,6,2019,161,10,24,21760.0,29186.0,23737.0,25101.742
2019-06-10 03:00:00,,3,0,2,6,2019,161,10,24,21308.0,27768.0,22807.0,23981.7
2019-06-10 04:00:00,,4,0,2,6,2019,161,10,24,21185.0,27052.0,22419.0,23578.742
2019-06-10 05:00:00,,5,0,2,6,2019,161,10,24,21662.0,27038.0,22665.0,23744.266
2019-06-10 06:00:00,,6,0,2,6,2019,161,10,24,23139.0,28131.0,23789.0,24953.775
2019-06-10 07:00:00,,7,0,2,6,2019,161,10,24,25580.0,30676.0,26044.0,26758.426
2019-06-10 08:00:00,,8,0,2,6,2019,161,10,24,27633.0,33998.0,28254.0,29739.926
2019-06-10 09:00:00,,9,0,2,6,2019,161,10,24,28677.0,36866.0,29450.0,30748.01
2019-06-10 10:00:00,,10,0,2,6,2019,161,10,24,29201.0,39588.0,30337.0,31027.84
2019-06-10 11:00:00,,11,0,2,6,2019,161,10,24,29622.0,42255.0,31248.0,32337.404
2019-06-10 12:00:00,,12,0,2,6,2019,161,10,24,29783.0,44487.0,31863.0,33609.67
2019-06-10 13:00:00,,13,0,2,6,2019,161,10,24,29852.0,46276.0,32439.0,34587.93
2019-06-10 14:00:00,,14,0,2,6,2019,161,10,24,29928.0,47947.0,33303.0,35291.363
2019-06-10 15:00:00,,15,0,2,6,2019,161,10,24,30044.0,49105.0,34139.0,35544.008
2019-06-10 16:00:00,,16,0,2,6,2019,161,10,24,30190.0,50054.0,35155.0,36166.61
2019-06-10 17:00:00,,17,0,2,6,2019,161,10,24,30567.0,50916.0,35780.0,37025.41
2019-06-10 18:00:00,,18,0,2,6,2019,161,10,24,30843.0,51282.0,35865.0,37025.41
2019-06-10 19:00:00,,19,0,2,6,2019,161,10,24,30509.0,50523.0,34890.0,36066.855
2019-06-10 20:00:00,,20,0,2,6,2019,161,10,24,29994.0,49018.0,33964.0,35633.66
2019-06-10 21:00:00,,21,0,2,6,2019,161,10,24,29858.0,47110.0,33894.0,35487.92
2019-06-10 22:00:00,,22,0,2,6,2019,161,10,24,29348.0,45247.0,33209.0,34402.71
2019-06-10 23:00:00,,23,0,2,6,2019,161,10,24,27099.0,41123.0,30585.0,31943.273
2019-06-11 00:00:00,,0,1,2,6,2019,162,11,24,24709.0,37155.0,27927.0,28887.984
2019-06-11 01:00:00,,1,1,2,6,2019,162,11,24,22918.0,33844.0,25696.0,27106.781
2019-06-11 02:00:00,,2,1,2,6,2019,162,11,24,21804.0,31595.0,24158.0,25343.389
2019-06-11 03:00:00,,3,1,2,6,2019,162,11,24,21283.0,30097.0,23306.0,24779.2
2019-06-11 04:00:00,,4,1,2,6,2019,162,11,24,21025.0,29198.0,22825.0,24644.582
2019-06-11 05:00:00,,5,1,2,6,2019,162,11,24,21397.0,29126.0,23087.0,24682.94
2019-06-11 06:00:00,,6,1,2,6,2019,162,11,24,22640.0,30065.0,24135.0,25361.172
2019-06-11 07:00:00,,7,1,2,6,2019,162,11,24,24887.0,32585.0,26388.0,27097.268
2019-06-11 08:00:00,,8,1,2,6,2019,162,11,24,26871.0,35887.0,28578.0,29953.707
2019-06-11 09:00:00,,9,1,2,6,2019,162,11,24,27842.0,38780.0,29835.0,30588.85
2019-06-11 10:00:00,,10,1,2,6,2019,162,11,24,28384.0,41730.0,30794.0,31373.607
2019-06-11 11:00:00,,11,1,2,6,2019,162,11,24,29007.0,44827.0,31730.0,32478.07
2019-06-11 12:00:00,,12,1,2,6,2019,162,11,24,29499.0,47291.0,32415.0,33647.05
2019-06-11 13:00:00,,13,1,2,6,2019,162,11,24,29996.0,49174.0,33083.0,34965.39
2019-06-11 14:00:00,,14,1,2,6,2019,162,11,24,30662.0,50490.0,33858.0,35475.914
2019-06-11 15:00:00,,15,1,2,6,2019,162,11,24,31204.0,51410.0,34690.0,36336.676
2019-06-11 16:00:00,,16,1,2,6,2019,162,11,24,31992.0,52406.0,35700.0,36938.098
2019-06-11 17:00:00,,17,1,2,6,2019,162,11,24,32803.0,53298.0,36766.0,38424.99
2019-06-11 18:00:00,,18,1,2,6,2019,162,11,24,33450.0,53698.0,37433.0,38815.848
2019-06-11 19:00:00,,19,1,2,6,2019,162,11,24,33088.0,53081.0,37047.0,38625.973
2019-06-11 20:00:00,,20,1,2,6,2019,162,11,24,32314.0,51227.0,35896.0,37701.074
2019-06-11 21:00:00,,21,1,2,6,2019,162,11,24,31913.0,49520.0,34618.0,35838.117
2019-06-11 22:00:00,,22,1,2,6,2019,162,11,24,31336.0,47603.0,33688.0,34933.594
2019-06-11 23:00:00,,23,1,2,6,2019,162,11,24,28938.0,43619.0,30729.0,32388.035
2019-06-12 00:00:00,,0,2,2,6,2019,163,12,24,26383.0,39588.0,27677.0,28860.26
2019-06-12 01:00:00,,1,2,2,6,2019,163,12,24,24466.0,36237.0,25180.0,27889.914
2019-06-12 02:00:00,,2,2,2,6,2019,163,12,24,23313.0,33829.0,23718.0,26624.752
2019-06-12 03:00:00,,3,2,2,6,2019,163,12,24,22716.0,32207.0,22891.0,25346.09
2019-06-12 04:00:00,,4,2,2,6,2019,163,12,24,22488.0,31187.0,22509.0,24571.236
2019-06-12 05:00:00,,5,2,2,6,2019,163,12,24,22903.0,30928.0,22798.0,24747.586
2019-06-12 06:00:00,,6,2,2,6,2019,163,12,24,24406.0,31841.0,23948.0,26379.064
2019-06-12 07:00:00,,7,2,2,6,2019,163,12,24,26915.0,34011.0,26346.0,28380.475
2019-06-12 08:00:00,,8,2,2,6,2019,163,12,24,29132.0,36270.0,28795.0,30427.088
2019-06-12 09:00:00,,9,2,2,6,2019,163,12,24,30450.0,37769.0,30257.0,31420.613
2019-06-12 10:00:00,,10,2,2,6,2019,163,12,24,31416.0,38875.0,31454.0,32289.744
2019-06-12 11:00:00,,11,2,2,6,2019,163,12,24,32626.0,40764.0,32708.0,34423.254
2019-06-12 12:00:00,,12,2,2,6,2019,163,12,24,33566.0,42093.0,33816.0,35927.883
2019-06-12 13:00:00,,13,2,2,6,2019,163,12,24,34313.0,43306.0,34733.0,36973.44
2019-06-12 14:00:00,,14,2,2,6,2019,163,12,24,35173.0,44373.0,35722.0,37592.117
2019-06-12 15:00:00,,15,2,2,6,2019,163,12,24,35843.0,45094.0,36737.0,38300.47
2019-06-12 16:00:00,,16,2,2,6,2019,163,12,24,36663.0,45874.0,37813.0,38950.45
2019-06-12 17:00:00,,17,2,2,6,2019,163,12,24,37337.0,46509.0,38645.0,39468.652
2019-06-12 18:00:00,,18,2,2,6,2019,163,12,24,38055.0,46583.0,38955.0,39651.008
2019-06-12 19:00:00,,19,2,2,6,2019,163,12,24,38072.0,45386.0,38285.0,39625.16
2019-06-12 20:00:00,,20,2,2,6,2019,163,12,24,37632.0,43314.0,37235.0,38733.746
2019-06-12 21:00:00,,21,2,2,6,2019,163,12,24,37539.0,41345.0,36839.0,38494.484
2019-06-12 22:00:00,,22,2,2,6,2019,163,12,24,37025.0,39673.0,36216.0,37922.047
2019-06-12 23:00:00,,23,2,2,6,2019,163,12,24,34370.0,36020.0,33440.0,34612.9
2019-06-13 00:00:00,,0,3,2,6,2019,164,13,24,31503.0,32388.0,30389.0,29381.047
2019-06-13 01:00:00,,1,3,2,6,2019,164,13,24,29047.0,29448.0,27820.0,27376.527
2019-06-13 02:00:00,,2,3,2,6,2019,164,13,24,27429.0,27473.0,26237.0,26166.994
2019-06-13 03:00:00,,3,3,2,6,2019,164,13,24,26217.0,26182.0,25242.0,25334.623
2019-06-13 04:00:00,,4,3,2,6,2019,164,13,24,25352.0,25569.0,24741.0,24674.668
2019-06-13 05:00:00,,5,3,2,6,2019,164,13,24,25320.0,25626.0,25006.0,24944.627
2019-06-13 06:00:00,,6,3,2,6,2019,164,13,24,26065.0,26670.0,26398.0,25973.586
2019-06-13 07:00:00,,7,3,2,6,2019,164,13,24,28298.0,28857.0,28738.0,27933.89
2019-06-13 08:00:00,,8,3,2,6,2019,164,13,24,30549.0,31156.0,31030.0,30402.602
2019-06-13 09:00:00,,9,3,2,6,2019,164,13,24,31815.0,32637.0,32397.0,31345.17
2019-06-13 10:00:00,,10,3,2,6,2019,164,13,24,32878.0,34000.0,33277.0,32546.78
2019-06-13 11:00:00,,11,3,2,6,2019,164,13,24,33807.0,35426.0,34038.0,33621.133
2019-06-13 12:00:00,,12,3,2,6,2019,164,13,24,34592.0,36582.0,34481.0,35147.69
2019-06-13 13:00:00,,13,3,2,6,2019,164,13,24,35323.0,37632.0,34770.0,36429.914
2019-06-13 14:00:00,,14,3,2,6,2019,164,13,24,36252.0,38738.0,35172.0,37238.29
2019-06-13 15:00:00,,15,3,2,6,2019,164,13,24,37261.0,39676.0,35422.0,37770.965
2019-06-13 16:00:00,,16,3,2,6,2019,164,13,24,38577.0,40370.0,35483.0,38272.06
2019-06-13 17:00:00,,17,3,2,6,2019,164,13,24,39727.0,40975.0,35658.0,38562.55
2019-06-13 18:00:00,,18,3,2,6,2019,164,13,24,40321.0,40908.0,35539.0,38920.383
2019-06-13 19:00:00,,19,3,2,6,2019,164,13,24,39785.0,39847.0,34865.0,38444.445
2019-06-13 20:00:00,,20,3,2,6,2019,164,13,24,38413.0,38053.0,34161.0,37485.6
2019-06-13 21:00:00,,21,3,2,6,2019,164,13,24,36816.0,36751.0,34109.0,36625.902
2019-06-13 22:00:00,,22,3,2,6,2019,164,13,24,35667.0,35594.0,33320.0,35397.324
2019-06-13 23:00:00,,23,3,2,6,2019,164,13,24,32587.0,32762.0,30793.0,33101.92
2019-06-14 00:00:00,,0,4,2,6,2019,165,14,24,29297.0,29780.0,28063.0,27707.814
2019-06-14 01:00:00,,1,4,2,6,2019,165,14,24,26626.0,27324.0,25874.0,26197.432
2019-06-14 02:00:00,,2,4,2,6,2019,165,14,24,24850.0,25769.0,24377.0,24615.547
2019-06-14 03:00:00,,3,4,2,6,2019,165,14,24,23698.0,24899.0,23557.0,23668.156
2019-06-14 04:00:00,,4,4,2,6,2019,165,14,24,23090.0,24513.0,23111.0,23055.91
2019-06-14 05:00:00,,5,4,2,6,2019,165,14,24,23161.0,24788.0,23335.0,23115.004
2019-06-14 06:00:00,,6,4,2,6,2019,165,14,24,24066.0,26050.0,24481.0,24548.402
2019-06-14 07:00:00,,7,4,2,6,2019,165,14,24,26262.0,28198.0,26561.0,26754.809
2019-06-14 08:00:00,,8,4,2,6,2019,165,14,24,28615.0,30418.0,28887.0,28623.322
2019-06-14 09:00:00,,9,4,2,6,2019,165,14,24,30000.0,31900.0,30584.0,30514.807
2019-06-14 10:00:00,,10,4,2,6,2019,165,14,24,31055.0,33029.0,32026.0,31558.178
2019-06-14 11:00:00,,11,4,2,6,2019,165,14,24,31934.0,34063.0,33351.0,32442.941
2019-06-14 12:00:00,,12,4,2,6,2019,165,14,24,32653.0,34796.0,34477.0,33928.42
2019-06-14 13:00:00,,13,4,2,6,2019,165,14,24,33384.0,35422.0,35414.0,35317.566
2019-06-14 14:00:00,,14,4,2,6,2019,165,14,24,34263.0,36301.0,36443.0,36930.355
2019-06-14 15:00:00,,15,4,2,6,2019,165,14,24,35149.0,36846.0,37150.0,37534.93
2019-06-14 16:00:00,,16,4,2,6,2019,165,14,24,35991.0,37276.0,37760.0,38066.145
2019-06-14 17:00:00,,17,4,2,6,2019,165,14,24,36720.0,37589.0,38193.0,38646.027
2019-06-14 18:00:00,,18,4,2,6,2019,165,14,24,36893.0,37627.0,38095.0,38667.832
2019-06-14 19:00:00,,19,4,2,6,2019,165,14,24,36184.0,36824.0,36798.0,37761.92
2019-06-14 20:00:00,,20,4,2,6,2019,165,14,24,34851.0,35764.0,35034.0,36406.47
2019-06-14 21:00:00,,21,4,2,6,2019,165,14,24,33428.0,35319.0,33576.0,34912.867
2019-06-14 22:00:00,,22,4,2,6,2019,165,14,24,32484.0,34612.0,32807.0,33985.344
2019-06-14 23:00:00,,23,4,2,6,2019,165,14,24,30107.0,32503.0,30392.0,31839.383
2019-06-15 00:00:00,,0,5,2,6,2019,166,15,24,27410.0,30045.0,27626.0,27264.533
2019-06-15 01:00:00,,1,5,2,6,2019,166,15,24,25130.0,27805.0,25204.0,25566.559
2019-06-15 02:00:00,,2,5,2,6,2019,166,15,24,23552.0,26269.0,23536.0,24154.256
2019-06-15 03:00:00,,3,5,2,6,2019,166,15,24,22474.0,25230.0,22476.0,22888.39
2019-06-15 04:00:00,,4,5,2,6,2019,166,15,24,21867.0,24669.0,22011.0,22667.27
2019-06-15 05:00:00,,5,5,2,6,2019,166,15,24,21644.0,24516.0,21646.0,22573.37
2019-06-15 06:00:00,,6,5,2,6,2019,166,15,24,21637.0,24806.0,21467.0,22501.17
2019-06-15 07:00:00,,7,5,2,6,2019,166,15,24,22303.0,25389.0,22007.0,23253.004
2019-06-15 08:00:00,,8,5,2,6,2019,166,15,24,23936.0,26933.0,23795.0,24951.889
2019-06-15 09:00:00,,9,5,2,6,2019,166,15,24,26015.0,28990.0,25997.0,26785.146
2019-06-15 10:00:00,,10,5,2,6,2019,166,15,24,27797.0,30923.0,27994.0,28263.441
2019-06-15 11:00:00,,11,5,2,6,2019,166,15,24,29400.0,32368.0,29652.0,29965.463
2019-06-15 12:00:00,,12,5,2,6,2019,166,15,24,30621.0,33341.0,31096.0,32192.361
2019-06-15 13:00:00,,13,5,2,6,2019,166,15,24,31671.0,34089.0,32323.0,33123.1
2019-06-15 14:00:00,,14,5,2,6,2019,166,15,24,32672.0,34709.0,33502.0,34072.176
2019-06-15 15:00:00,,15,5,2,6,2019,166,15,24,33903.0,35282.0,34712.0,35137.016
2019-06-15 16:00:00,,16,5,2,6,2019,166,15,24,35235.0,36134.0,35852.0,36811.098
2019-06-15 17:00:00,,17,5,2,6,2019,166,15,24,36529.0,36841.0,36848.0,37749.02
2019-06-15 18:00:00,,18,5,2,6,2019,166,15,24,37329.0,37268.0,37306.0,38191.27
2019-06-15 19:00:00,,19,5,2,6,2019,166,15,24,37028.0,37144.0,36923.0,38015.137
2019-06-15 20:00:00,,20,5,2,6,2019,166,15,24,35759.0,36391.0,35509.0,36421.95
2019-06-15 21:00:00,,21,5,2,6,2019,166,15,24,34660.0,35911.0,34187.0,35474.484
2019-06-15 22:00:00,,22,5,2,6,2019,166,15,24,33859.0,35579.0,33385.0,34659.22
2019-06-15 23:00:00,,23,5,2,6,2019,166,15,24,31658.0,33746.0,31116.0,32846.21
2019-06-16 00:00:00,,0,6,2,6,2019,167,16,24,29142.0,31441.0,28526.0,28402.076
2019-06-16 01:00:00,,1,6,2,6,2019,167,16,24,26785.0,29156.0,26096.0,26596.285
2019-06-16 02:00:00,,2,6,2,6,2019,167,16,24,24999.0,27554.0,24348.0,25048.2
2019-06-16 03:00:00,,3,6,2,6,2019,167,16,24,23850.0,26500.0,23205.0,23923.324
2019-06-16 04:00:00,,4,6,2,6,2019,167,16,24,23038.0,25886.0,22445.0,23340.852
2019-06-16 05:00:00,,5,6,2,6,2019,167,16,24,22671.0,25667.0,22060.0,23169.443
2019-06-16 06:00:00,,6,6,2,6,2019,167,16,24,22387.0,25702.0,21732.0,23079.49
2019-06-16 07:00:00,,7,6,2,6,2019,167,16,24,22796.0,26132.0,21966.0,23557.182
2019-06-16 08:00:00,,8,6,2,6,2019,167,16,24,24422.0,27727.0,23575.0,25319.389
2019-06-16 09:00:00,,9,6,2,6,2019,167,16,24,26916.0,30154.0,26024.0,27057.48
2019-06-16 10:00:00,,10,6,2,6,2019,167,16,24,29490.0,32844.0,28489.0,29494.73
2019-06-16 11:00:00,,11,6,2,6,2019,167,16,24,31990.0,35397.0,30944.0,32051.08
2019-06-16 12:00:00,,12,6,2,6,2019,167,16,24,34369.0,37677.0,33323.0,34857.28
2019-06-16 13:00:00,,13,6,2,6,2019,167,16,24,36307.0,39545.0,35222.0,36971.773
2019-06-16 14:00:00,,14,6,2,6,2019,167,16,24,37957.0,41090.0,36778.0,38088.152
2019-06-16 15:00:00,,15,6,2,6,2019,167,16,24,39481.0,42321.0,38036.0,38454.48
2019-06-16 16:00:00,,16,6,2,6,2019,167,16,24,41028.0,43275.0,39271.0,39305.805
2019-06-16 17:00:00,,17,6,2,6,2019,167,16,24,42269.0,44064.0,40353.0,39556.38
2019-06-16 18:00:00,,18,6,2,6,2019,167,16,24,42875.0,44507.0,40778.0,39909.953
2019-06-16 19:00:00,,19,6,2,6,2019,167,16,24,42521.0,44192.0,40174.0,39475.06
2019-06-16 20:00:00,,20,6,2,6,2019,167,16,24,41433.0,43256.0,38813.0,39330.19
2019-06-16 21:00:00,,21,6,2,6,2019,167,16,24,40364.0,42555.0,37618.0,38766.336
2019-06-16 22:00:00,,22,6,2,6,2019,167,16,24,39411.0,42079.0,36874.0,37649.63
2019-06-16 23:00:00,,23,6,2,6,2019,167,16,24,36619.0,39553.0,34116.0,35860.855
2019-06-17 00:00:00,,0,0,2,6,2019,168,17,25,33325.0,36547.0,30959.0,31262.281
2019-06-17 01:00:00,,1,0,2,6,2019,168,17,25,30588.0,34027.0,28137.0,29308.785
2019-06-17 02:00:00,,2,0,2,6,2019,168,17,25,28702.0,32141.0,26280.0,27410.258
2019-06-17 03:00:00,,3,0,2,6,2019,168,17,25,27467.0,30991.0,25101.0,26424.188
2019-06-17 04:00:00,,4,0,2,6,2019,168,17,25,26762.0,30412.0,24463.0,26037.738
2019-06-17 05:00:00,,5,0,2,6,2019,168,17,25,26992.0,30669.0,24698.0,26262.066
2019-06-17 06:00:00,,6,0,2,6,2019,168,17,25,28252.0,31807.0,25721.0,27420.566
2019-06-17 07:00:00,,7,0,2,6,2019,168,17,25,30635.0,34466.0,28001.0,29764.438
2019-06-17 08:00:00,,8,0,2,6,2019,168,17,25,33723.0,37724.0,30971.0,32637.203
2019-06-17 09:00:00,,9,0,2,6,2019,168,17,25,36543.0,39825.0,33545.0,34989.77
2019-06-17 10:00:00,,10,0,2,6,2019,168,17,25,39402.0,41874.0,35889.0,36857.543
2019-06-17 11:00:00,,11,0,2,6,2019,168,17,25,42429.0,43999.0,38439.0,38901.75
2019-06-17 12:00:00,,12,0,2,6,2019,168,17,25,45148.0,45622.0,40699.0,40953.395
2019-06-17 13:00:00,,13,0,2,6,2019,168,17,25,47386.0,46779.0,42620.0,42748.113
2019-06-17 14:00:00,,14,0,2,6,2019,168,17,25,49433.0,47803.0,44357.0,43547.793
2019-06-17 15:00:00,,15,0,2,6,2019,168,17,25,50819.0,48182.0,45698.0,43865.73
2019-06-17 16:00:00,,16,0,2,6,2019,168,17,25,51818.0,47803.0,46641.0,44038.883
2019-06-17 17:00:00,,17,0,2,6,2019,168,17,25,52558.0,45725.0,47415.0,44051.934
2019-06-17 18:00:00,,18,0,2,6,2019,168,17,25,52213.0,43395.0,47406.0,44034.12
2019-06-17 19:00:00,,19,0,2,6,2019,168,17,25,51597.0,41410.0,46418.0,44195.254
2019-06-17 20:00:00,,20,0,2,6,2019,168,17,25,50107.0,39976.0,44780.0,43621.535
2019-06-17 21:00:00,,21,0,2,6,2019,168,17,25,48437.0,38947.0,43121.0,43003.684
2019-06-17 22:00:00,,22,0,2,6,2019,168,17,25,46151.0,37762.0,41797.0,40538.797
2019-06-17 23:00:00,,23,0,2,6,2019,168,17,25,42504.0,34957.0,38423.0,38080.125
2019-06-18 00:00:00,,0,1,2,6,2019,169,18,25,38855.0,32111.0,34692.0,32157.58
2019-06-18 01:00:00,,1,1,2,6,2019,169,18,25,35932.0,29701.0,31689.0,29942.44
2019-06-18 02:00:00,,2,1,2,6,2019,169,18,25,33983.0,28166.0,29791.0,28743.285
2019-06-18 03:00:00,,3,1,2,6,2019,169,18,25,32655.0,27193.0,28588.0,27928.145
2019-06-18 04:00:00,,4,1,2,6,2019,169,18,25,31866.0,26662.0,27978.0,27064.26
2019-06-18 05:00:00,,5,1,2,6,2019,169,18,25,31868.0,26819.0,28166.0,27271.365
2019-06-18 06:00:00,,6,1,2,6,2019,169,18,25,33043.0,27965.0,29466.0,28679.7
2019-06-18 07:00:00,,7,1,2,6,2019,169,18,25,35290.0,30208.0,31737.0,30963.484
2019-06-18 08:00:00,,8,1,2,6,2019,169,18,25,37708.0,32913.0,34283.0,32964.305
2019-06-18 09:00:00,,9,1,2,6,2019,169,18,25,39714.0,34757.0,36540.0,35556.832
2019-06-18 10:00:00,,10,1,2,6,2019,169,18,25,41662.0,36063.0,38690.0,37160.113
2019-06-18 11:00:00,,11,1,2,6,2019,169,18,25,43493.0,37396.0,40806.0,39252.57
2019-06-18 12:00:00,,12,1,2,6,2019,169,18,25,44735.0,38482.0,42621.0,41375.566
2019-06-18 13:00:00,,13,1,2,6,2019,169,18,25,45569.0,39478.0,44070.0,42171.293
2019-06-18 14:00:00,,14,1,2,6,2019,169,18,25,46157.0,40609.0,45135.0,42608.492
2019-06-18 15:00:00,,15,1,2,6,2019,169,18,25,46638.0,41587.0,44730.0,42849.195
2019-06-18 16:00:00,,16,1,2,6,2019,169,18,25,46827.0,42465.0,44188.0,43329.035
2019-06-18 17:00:00,,17,1,2,6,2019,169,18,25,46891.0,43224.0,44016.0,43168.547
2019-06-18 18:00:00,,18,1,2,6,2019,169,18,25,47159.0,43481.0,43835.0,43012.33
2019-06-18 19:00:00,,19,1,2,6,2019,169,18,25,46257.0,42734.0,42785.0,42714.348
2019-06-18 20:00:00,,20,1,2,6,2019,169,18,25,44675.0,41257.0,41282.0,42129.29
2019-06-18 21:00:00,,21,1,2,6,2019,169,18,25,42553.0,39669.0,39980.0,40225.53
2019-06-18 22:00:00,,22,1,2,6,2019,169,18,25,40801.0,38655.0,38792.0,39180.203
2019-06-18 23:00:00,,23,1,2,6,2019,169,18,25,37203.0,35532.0,35627.0,36140.125
2019-06-19 00:00:00,,0,2,2,6,2019,170,19,25,33557.0,32290.0,32182.0,30153.424
2019-06-19 01:00:00,,1,2,2,6,2019,170,19,25,30413.0,29593.0,29353.0,28012.959
2019-06-19 02:00:00,,2,2,2,6,2019,170,19,25,28443.0,27745.0,27478.0,26631.396
2019-06-19 03:00:00,,3,2,2,6,2019,170,19,25,27105.0,26595.0,26248.0,26024.26
2019-06-19 04:00:00,,4,2,2,6,2019,170,19,25,26352.0,25917.0,25634.0,25536.303
2019-06-19 05:00:00,,5,2,2,6,2019,170,19,25,26337.0,26043.0,25785.0,25562.236
2019-06-19 06:00:00,,6,2,2,6,2019,170,19,25,27368.0,27109.0,26917.0,26395.926
2019-06-19 07:00:00,,7,2,2,6,2019,170,19,25,29491.0,29397.0,29124.0,28198.768
2019-06-19 08:00:00,,8,2,2,6,2019,170,19,25,31880.0,32179.0,31914.0,30994.713
2019-06-19 09:00:00,,9,2,2,6,2019,170,19,25,33609.0,34334.0,34118.0,32494.34
2019-06-19 10:00:00,,10,2,2,6,2019,170,19,25,35253.0,36241.0,36082.0,35202.098
2019-06-19 11:00:00,,11,2,2,6,2019,170,19,25,37019.0,38163.0,37935.0,37244.63
2019-06-19 12:00:00,,12,2,2,6,2019,170,19,25,38858.0,39770.0,39198.0,38308.203
2019-06-19 13:00:00,,13,2,2,6,2019,170,19,25,40101.0,40916.0,40157.0,39717.137
2019-06-19 14:00:00,,14,2,2,6,2019,170,19,25,41600.0,41669.0,41072.0,40896.793
2019-06-19 15:00:00,,15,2,2,6,2019,170,19,25,42585.0,42791.0,41663.0,41386.438
2019-06-19 16:00:00,,16,2,2,6,2019,170,19,25,43138.0,43903.0,42108.0,41411.83
2019-06-19 17:00:00,,17,2,2,6,2019,170,19,25,43429.0,44002.0,42590.0,41424.88
2019-06-19 18:00:00,,18,2,2,6,2019,170,19,25,43098.0,42966.0,42752.0,41984.34
2019-06-19 19:00:00,,19,2,2,6,2019,170,19,25,41990.0,41636.0,41964.0,41440.49
2019-06-19 20:00:00,,20,2,2,6,2019,170,19,25,40967.0,39952.0,40620.0,40284.19
2019-06-19 21:00:00,,21,2,2,6,2019,170,19,25,40311.0,38541.0,39042.0,39548.887
2019-06-19 22:00:00,,22,2,2,6,2019,170,19,25,38886.0,37526.0,38069.0,38436.996
2019-06-19 23:00:00,,23,2,2,6,2019,170,19,25,36080.0,34551.0,34951.0,34981.72
2019-06-20 00:00:00,,0,3,2,6,2019,171,20,25,33077.0,31381.0,31572.0,29835.28
2019-06-20 01:00:00,,1,3,2,6,2019,171,20,25,30413.0,28811.0,28626.0,27832.676
2019-06-20 02:00:00,,2,3,2,6,2019,171,20,25,28629.0,27116.0,26786.0,26504.531
2019-06-20 03:00:00,,3,3,2,6,2019,171,20,25,27522.0,26085.0,25751.0,25924.094
2019-06-20 04:00:00,,4,3,2,6,2019,171,20,25,26867.0,25476.0,25294.0,25256.684
2019-06-20 05:00:00,,5,3,2,6,2019,171,20,25,27044.0,25628.0,25389.0,25603.684
2019-06-20 06:00:00,,6,3,2,6,2019,171,20,25,28364.0,26677.0,26733.0,26540.48
2019-06-20 07:00:00,,7,3,2,6,2019,171,20,25,30481.0,28840.0,29024.0,28417.377
2019-06-20 08:00:00,,8,3,2,6,2019,171,20,25,32710.0,31614.0,31217.0,31119.887
2019-06-20 09:00:00,,9,3,2,6,2019,171,20,25,34011.0,34019.0,32760.0,32521.652
2019-06-20 10:00:00,,10,3,2,6,2019,171,20,25,35179.0,36096.0,34105.0,34070.125
2019-06-20 11:00:00,,11,3,2,6,2019,171,20,25,36351.0,38209.0,35467.0,36305.484
2019-06-20 12:00:00,,12,3,2,6,2019,171,20,25,37229.0,40083.0,36755.0,37766.02
2019-06-20 13:00:00,,13,3,2,6,2019,171,20,25,38167.0,41567.0,38120.0,38715.754
2019-06-20 14:00:00,,14,3,2,6,2019,171,20,25,39433.0,42942.0,39485.0,39551.055
2019-06-20 15:00:00,,15,3,2,6,2019,171,20,25,40603.0,44208.0,40428.0,40658.06
2019-06-20 16:00:00,,16,3,2,6,2019,171,20,25,41603.0,45840.0,41570.0,41333.797
2019-06-20 17:00:00,,17,3,2,6,2019,171,20,25,42601.0,46751.0,41890.0,41564.94
2019-06-20 18:00:00,,18,3,2,6,2019,171,20,25,43006.0,46779.0,41611.0,41555.312
2019-06-20 19:00:00,,19,3,2,6,2019,171,20,25,42317.0,45754.0,40432.0,41105.01
2019-06-20 20:00:00,,20,3,2,6,2019,171,20,25,40734.0,44368.0,39245.0,40149.793
2019-06-20 21:00:00,,21,3,2,6,2019,171,20,25,39399.0,43581.0,38638.0,39609.027
2019-06-20 22:00:00,,22,3,2,6,2019,171,20,25,38261.0,42475.0,37807.0,38297.414
2019-06-20 23:00:00,,23,3,2,6,2019,171,20,25,35435.0,39414.0,35010.0,36053.477
2019-06-21 00:00:00,,0,4,2,6,2019,172,21,25,32318.0,36148.0,31816.0,32403.58
2019-06-21 01:00:00,,1,4,2,6,2019,172,21,25,29654.0,33281.0,29130.0,30133.385
2019-06-21 02:00:00,,2,4,2,6,2019,172,21,25,27867.0,31344.0,27407.0,28128.568
2019-06-21 03:00:00,,3,4,2,6,2019,172,21,25,26814.0,30090.0,26271.0,27474.748
2019-06-21 04:00:00,,4,4,2,6,2019,172,21,25,26194.0,29390.0,25714.0,27335.916
2019-06-21 05:00:00,,5,4,2,6,2019,172,21,25,26283.0,29470.0,25828.0,27335.916
2019-06-21 06:00:00,,6,4,2,6,2019,172,21,25,27362.0,30578.0,26827.0,27986.404
2019-06-21 07:00:00,,7,4,2,6,2019,172,21,25,29217.0,32737.0,28787.0,30162.451
2019-06-21 08:00:00,,8,4,2,6,2019,172,21,25,31115.0,35168.0,31382.0,32341.816
2019-06-21 09:00:00,,9,4,2,6,2019,172,21,25,32570.0,36891.0,33467.0,34095.984
2019-06-21 10:00:00,,10,4,2,6,2019,172,21,25,33505.0,38163.0,35211.0,35851.883
2019-06-21 11:00:00,,11,4,2,6,2019,172,21,25,34164.0,39303.0,37047.0,37485.258
2019-06-21 12:00:00,,12,4,2,6,2019,172,21,25,34504.0,40496.0,38485.0,39314.098
2019-06-21 13:00:00,,13,4,2,6,2019,172,21,25,34576.0,41674.0,39438.0,40338.363
2019-06-21 14:00:00,,14,4,2,6,2019,172,21,25,34629.0,42743.0,40451.0,41459.094
2019-06-21 15:00:00,,15,4,2,6,2019,172,21,25,34389.0,43748.0,41148.0,42184.34
2019-06-21 16:00:00,,16,4,2,6,2019,172,21,25,34157.0,44836.0,41338.0,42634.918
2019-06-21 17:00:00,,17,4,2,6,2019,172,21,25,33883.0,45435.0,41226.0,42651.742
2019-06-21 18:00:00,,18,4,2,6,2019,172,21,25,33332.0,45561.0,40716.0,42314.68
2019-06-21 19:00:00,,19,4,2,6,2019,172,21,25,32390.0,44697.0,39198.0,40631.176
2019-06-21 20:00:00,,20,4,2,6,2019,172,21,25,31606.0,43374.0,37411.0,38702.04
2019-06-21 21:00:00,,21,4,2,6,2019,172,21,25,31422.0,42248.0,36314.0,38083.73
2019-06-21 22:00:00,,22,4,2,6,2019,172,21,25,30877.0,41330.0,35551.0,36619.16
2019-06-21 23:00:00,,23,4,2,6,2019,172,21,25,29196.0,38838.0,33234.0,34559.363
2019-06-22 00:00:00,,0,5,2,6,2019,173,22,25,27095.0,36130.0,30414.0,30830.441
2019-06-22 01:00:00,,1,5,2,6,2019,173,22,25,25255.0,33729.0,27821.0,29174.842
2019-06-22 02:00:00,,2,5,2,6,2019,173,22,25,23962.0,31775.0,26045.0,27304.262
2019-06-22 03:00:00,,3,5,2,6,2019,173,22,25,23201.0,30246.0,24847.0,26315.48
2019-06-22 04:00:00,,4,5,2,6,2019,173,22,25,22744.0,29130.0,24114.0,26177.016
2019-06-22 05:00:00,,5,5,2,6,2019,173,22,25,22669.0,28674.0,23855.0,26100.727
2019-06-22 06:00:00,,6,5,2,6,2019,173,22,25,23010.0,28660.0,23978.0,26230.557
2019-06-22 07:00:00,,7,5,2,6,2019,173,22,25,23516.0,28817.0,24546.0,26538.275
2019-06-22 08:00:00,,8,5,2,6,2019,173,22,25,24734.0,30142.0,26305.0,27393.082
2019-06-22 09:00:00,,9,5,2,6,2019,173,22,25,26414.0,32320.0,28677.0,29332.97
2019-06-22 10:00:00,,10,5,2,6,2019,173,22,25,27871.0,34937.0,30932.0,31604.484
2019-06-22 11:00:00,,11,5,2,6,2019,173,22,25,29050.0,36981.0,32996.0,33047.953
2019-06-22 12:00:00,,12,5,2,6,2019,173,22,25,29538.0,38187.0,34487.0,34858.36
2019-06-22 13:00:00,,13,5,2,6,2019,173,22,25,29804.0,38747.0,35686.0,35876.367
2019-06-22 14:00:00,,14,5,2,6,2019,173,22,25,29808.0,39210.0,36538.0,36608.88
2019-06-22 15:00:00,,15,5,2,6,2019,173,22,25,29867.0,39880.0,37451.0,37659.902
2019-06-22 16:00:00,,16,5,2,6,2019,173,22,25,30096.0,40560.0,38327.0,37713.37
2019-06-22 17:00:00,,17,5,2,6,2019,173,22,25,30626.0,41057.0,39166.0,37848.53
2019-06-22 18:00:00,,18,5,2,6,2019,173,22,25,31193.0,41228.0,39465.0,37848.53
2019-06-22 19:00:00,,19,5,2,6,2019,173,22,25,31295.0,40827.0,38959.0,37792.07
2019-06-22 20:00:00,,20,5,2,6,2019,173,22,25,31139.0,39350.0,37421.0,37122.562
2019-06-22 21:00:00,,21,5,2,6,2019,173,22,25,31071.0,37696.0,35639.0,35915.56
2019-06-22 22:00:00,,22,5,2,6,2019,173,22,25,30967.0,36710.0,34734.0,34879.594
2019-06-22 23:00:00,,23,5,2,6,2019,173,22,25,29512.0,34357.0,32369.0,33262.92
2019-06-23 00:00:00,,0,6,2,6,2019,174,23,25,27624.0,31660.0,29646.0,29290.53
2019-06-23 01:00:00,,1,6,2,6,2019,174,23,25,25828.0,29042.0,27130.0,27531.88
2019-06-23 02:00:00,,2,6,2,6,2019,174,23,25,24526.0,27052.0,25282.0,26318.867
2019-06-23 03:00:00,,3,6,2,6,2019,174,23,25,23650.0,25652.0,24050.0,25151.797
2019-06-23 04:00:00,,4,6,2,6,2019,174,23,25,23100.0,24713.0,23186.0,24050.066
2019-06-23 05:00:00,,5,6,2,6,2019,174,23,25,22912.0,24123.0,22773.0,23944.078
2019-06-23 06:00:00,,6,6,2,6,2019,174,23,25,22901.0,23724.0,22458.0,23593.951
2019-06-23 07:00:00,,7,6,2,6,2019,174,23,25,23245.0,23944.0,22662.0,23993.545
2019-06-23 08:00:00,,8,6,2,6,2019,174,23,25,24669.0,25490.0,24312.0,25711.996
2019-06-23 09:00:00,,9,6,2,6,2019,174,23,25,27002.0,27834.0,26698.0,27967.654
2019-06-23 10:00:00,,10,6,2,6,2019,174,23,25,29511.0,30232.0,29141.0,29773.77
2019-06-23 11:00:00,,11,6,2,6,2019,174,23,25,31952.0,32369.0,31483.0,32651.883
2019-06-23 12:00:00,,12,6,2,6,2019,174,23,25,34300.0,34154.0,33619.0,34699.332
2019-06-23 13:00:00,,13,6,2,6,2019,174,23,25,36150.0,35512.0,35349.0,36294.777
2019-06-23 14:00:00,,14,6,2,6,2019,174,23,25,37741.0,36449.0,36856.0,38266.113
2019-06-23 15:00:00,,15,6,2,6,2019,174,23,25,38805.0,37153.0,38028.0,38775.383
2019-06-23 16:00:00,,16,6,2,6,2019,174,23,25,39699.0,37698.0,39112.0,39204.043
2019-06-23 17:00:00,,17,6,2,6,2019,174,23,25,40315.0,38519.0,39992.0,39724.64
2019-06-23 18:00:00,,18,6,2,6,2019,174,23,25,40790.0,38948.0,40402.0,40143.234
2019-06-23 19:00:00,,19,6,2,6,2019,174,23,25,40563.0,38617.0,39822.0,40270.48
2019-06-23 20:00:00,,20,6,2,6,2019,174,23,25,39342.0,37325.0,38309.0,39228.43
2019-06-23 21:00:00,,21,6,2,6,2019,174,23,25,37945.0,35900.0,36757.0,38608.465
2019-06-23 22:00:00,,22,6,2,6,2019,174,23,25,36671.0,35086.0,35873.0,37266.113
2019-06-23 23:00:00,,23,6,2,6,2019,174,23,25,34024.0,32445.0,33138.0,34410.28
2019-06-24 00:00:00,,0,0,2,6,2019,175,24,26,31067.0,29498.0,30101.0,29669.06
2019-06-24 01:00:00,,1,0,2,6,2019,175,24,26,28482.0,26983.0,27488.0,27799.898
2019-06-24 02:00:00,,2,0,2,6,2019,175,24,26,26738.0,25230.0,25735.0,26361.02
2019-06-24 03:00:00,,3,0,2,6,2019,175,24,26,25605.0,24126.0,24668.0,25354.703
2019-06-24 04:00:00,,4,0,2,6,2019,175,24,26,25080.0,23631.0,24177.0,24973.105
2019-06-24 05:00:00,,5,0,2,6,2019,175,24,26,25333.0,23770.0,24403.0,25130.79
2019-06-24 06:00:00,,6,0,2,6,2019,175,24,26,26324.0,24750.0,25516.0,26212.791
2019-06-24 07:00:00,,7,0,2,6,2019,175,24,26,28487.0,26756.0,27639.0,28157.615
2019-06-24 08:00:00,,8,0,2,6,2019,175,24,26,31010.0,29297.0,30442.0,30420.506
2019-06-24 09:00:00,,9,0,2,6,2019,175,24,26,32692.0,31204.0,32668.0,32531.559
2019-06-24 10:00:00,,10,0,2,6,2019,175,24,26,33998.0,32647.0,34715.0,33870.785
2019-06-24 11:00:00,,11,0,2,6,2019,175,24,26,35215.0,33940.0,36806.0,36324.31
2019-06-24 12:00:00,,12,0,2,6,2019,175,24,26,36232.0,35003.0,38504.0,37645.31
2019-06-24 13:00:00,,13,0,2,6,2019,175,24,26,37067.0,35867.0,40072.0,39344.47
2019-06-24 14:00:00,,14,0,2,6,2019,175,24,26,38224.0,36714.0,41644.0,40641.188
2019-06-24 15:00:00,,15,0,2,6,2019,175,24,26,39105.0,37483.0,43027.0,41571.3
2019-06-24 16:00:00,,16,0,2,6,2019,175,24,26,39935.0,38137.0,43892.0,42409.02
2019-06-24 17:00:00,,17,0,2,6,2019,175,24,26,40581.0,38731.0,44233.0,43214.945
2019-06-24 18:00:00,,18,0,2,6,2019,175,24,26,40808.0,39137.0,43868.0,42769.91
2019-06-24 19:00:00,,19,0,2,6,2019,175,24,26,39879.0,38684.0,42571.0,41889.04
2019-06-24 20:00:00,,20,0,2,6,2019,175,24,26,38091.0,37284.0,41192.0,41101.54
2019-06-24 21:00:00,,21,0,2,6,2019,175,24,26,36548.0,35743.0,40205.0,39750.82
2019-06-24 22:00:00,,22,0,2,6,2019,175,24,26,35309.0,34670.0,38875.0,37722.535
2019-06-24 23:00:00,,23,0,2,6,2019,175,24,26,32289.0,31855.0,35875.0,35221.824
2019-06-25 00:00:00,,0,1,2,6,2019,176,25,26,29038.0,28913.0,32629.0,29993.44
2019-06-25 01:00:00,,1,1,2,6,2019,176,25,26,26408.0,26591.0,30038.0,27714.44
2019-06-25 02:00:00,,2,1,2,6,2019,176,25,26,24753.0,25033.0,28401.0,26781.031
2019-06-25 03:00:00,,3,1,2,6,2019,176,25,26,23722.0,24111.0,27338.0,25625.89
2019-06-25 04:00:00,,4,1,2,6,2019,176,25,26,23140.0,23634.0,26804.0,25057.762
2019-06-25 05:00:00,,5,1,2,6,2019,176,25,26,23392.0,23872.0,27051.0,25257.445
2019-06-25 06:00:00,,6,1,2,6,2019,176,25,26,24281.0,25072.0,28483.0,26789.697
2019-06-25 07:00:00,,7,1,2,6,2019,176,25,26,26312.0,27089.0,30863.0,28330.52
2019-06-25 08:00:00,,8,1,2,6,2019,176,25,26,28432.0,29071.0,33351.0,30717.182
2019-06-25 09:00:00,,9,1,2,6,2019,176,25,26,29985.0,30584.0,35011.0,32311.262
2019-06-25 10:00:00,,10,1,2,6,2019,176,25,26,31325.0,31698.0,36276.0,33508.5
2019-06-25 11:00:00,,11,1,2,6,2019,176,25,26,32775.0,32587.0,37541.0,35207.12
2019-06-25 12:00:00,,12,1,2,6,2019,176,25,26,34190.0,33623.0,38522.0,36982.44
2019-06-25 13:00:00,,13,1,2,6,2019,176,25,26,35362.0,34496.0,39485.0,37740.73
2019-06-25 14:00:00,,14,1,2,6,2019,176,25,26,36336.0,35458.0,40407.0,39639.902
2019-06-25 15:00:00,,15,1,2,6,2019,176,25,26,37159.0,36242.0,41485.0,40715.934
2019-06-25 16:00:00,,16,1,2,6,2019,176,25,26,38437.0,36671.0,42423.0,40953.42
2019-06-25 17:00:00,,17,1,2,6,2019,176,25,26,39206.0,37178.0,43068.0,41775.777
2019-06-25 18:00:00,,18,1,2,6,2019,176,25,26,39441.0,37317.0,43122.0,42114.85
2019-06-25 19:00:00,,19,1,2,6,2019,176,25,26,38707.0,36542.0,41795.0,40976.1
2019-06-25 20:00:00,,20,1,2,6,2019,176,25,26,37249.0,35117.0,40158.0,39734.605
2019-06-25 21:00:00,,21,1,2,6,2019,176,25,26,35923.0,33956.0,39059.0,38066.32
2019-06-25 22:00:00,,22,1,2,6,2019,176,25,26,34961.0,33156.0,37793.0,36947.08
2019-06-25 23:00:00,,23,1,2,6,2019,176,25,26,32196.0,30522.0,34768.0,33842.78
2019-06-26 00:00:00,,0,2,2,6,2019,177,26,26,29261.0,27685.0,31555.0,29365.516
2019-06-26 01:00:00,,1,2,2,6,2019,177,26,26,26915.0,25335.0,28852.0,27314.637
2019-06-26 02:00:00,,2,2,2,6,2019,177,26,26,25363.0,23797.0,27192.0,25938.55
2019-06-26 03:00:00,,3,2,2,6,2019,177,26,26,24404.0,22948.0,26062.0,25331.598
2019-06-26 04:00:00,,4,2,2,6,2019,177,26,26,23944.0,22479.0,25487.0,24905.668
2019-06-26 05:00:00,,5,2,2,6,2019,177,26,26,24295.0,22676.0,25639.0,25126.91
2019-06-26 06:00:00,,6,2,2,6,2019,177,26,26,25506.0,23677.0,26746.0,26016.393
2019-06-26 07:00:00,,7,2,2,6,2019,177,26,26,27710.0,25681.0,28855.0,28123.045
2019-06-26 08:00:00,,8,2,2,6,2019,177,26,26,29883.0,27914.0,31657.0,30556.389
2019-06-26 09:00:00,,9,2,2,6,2019,177,26,26,31304.0,29437.0,33765.0,31838.543
2019-06-26 10:00:00,,10,2,2,6,2019,177,26,26,32494.0,30528.0,35382.0,33248.066
2019-06-26 11:00:00,,11,2,2,6,2019,177,26,26,33678.0,31500.0,37008.0,34644.316
2019-06-26 12:00:00,,12,2,2,6,2019,177,26,26,34402.0,32444.0,38353.0,36392.51
2019-06-26 13:00:00,,13,2,2,6,2019,177,26,26,34677.0,33197.0,39523.0,37318.746
2019-06-26 14:00:00,,14,2,2,6,2019,177,26,26,34817.0,34183.0,40650.0,38894.715
2019-06-26 15:00:00,,15,2,2,6,2019,177,26,26,35005.0,35114.0,41467.0,39769.85
2019-06-26 16:00:00,,16,2,2,6,2019,177,26,26,35032.0,36177.0,42127.0,40289.477
2019-06-26 17:00:00,,17,2,2,6,2019,177,26,26,35293.0,37166.0,42655.0,41141.35
2019-06-26 18:00:00,,18,2,2,6,2019,177,26,26,35508.0,37754.0,42762.0,41141.35
2019-06-26 19:00:00,,19,2,2,6,2019,177,26,26,35357.0,37129.0,41780.0,40604.836
2019-06-26 20:00:00,,20,2,2,6,2019,177,26,26,34994.0,35718.0,40062.0,38994.58
2019-06-26 21:00:00,,21,2,2,6,2019,177,26,26,34919.0,34759.0,38187.0,37710.664
2019-06-26 22:00:00,,22,2,2,6,2019,177,26,26,34490.0,33995.0,37124.0,36923.273
2019-06-26 23:00:00,,23,2,2,6,2019,177,26,26,32423.0,31456.0,34013.0,33904.207
2019-06-27 00:00:00,,0,3,2,6,2019,178,27,26,30185.0,28683.0,30561.0,30048.87
2019-06-27 01:00:00,,1,3,2,6,2019,178,27,26,28188.0,26248.0,27731.0,28020.662
2019-06-27 02:00:00,,2,3,2,6,2019,178,27,26,26927.0,24821.0,25902.0,26813.213
2019-06-27 03:00:00,,3,3,2,6,2019,178,27,26,26191.0,23925.0,24775.0,25721.002
2019-06-27 04:00:00,,4,3,2,6,2019,178,27,26,25940.0,23524.0,24151.0,25371.35
2019-06-27 05:00:00,,5,3,2,6,2019,178,27,26,26259.0,23763.0,24280.0,25685.639
2019-06-27 06:00:00,,6,3,2,6,2019,178,27,26,27734.0,24935.0,25219.0,26895.848
2019-06-27 07:00:00,,7,3,2,6,2019,178,27,26,30063.0,26908.0,27280.0,28956.523
2019-06-27 08:00:00,,8,3,2,6,2019,178,27,26,32727.0,29327.0,29994.0,31607.514
2019-06-27 09:00:00,,9,3,2,6,2019,178,27,26,34786.0,31395.0,32051.0,33329.17
2019-06-27 10:00:00,,10,3,2,6,2019,178,27,26,36755.0,33136.0,33958.0,35232.207
2019-06-27 11:00:00,,11,3,2,6,2019,178,27,26,38665.0,34862.0,35795.0,37526.203
2019-06-27 12:00:00,,12,3,2,6,2019,178,27,26,40433.0,36610.0,37379.0,39705.53
2019-06-27 13:00:00,,13,3,2,6,2019,178,27,26,41936.0,38258.0,38692.0,41016.91
2019-06-27 14:00:00,,14,3,2,6,2019,178,27,26,43441.0,40102.0,40131.0,42249.773
2019-06-27 15:00:00,,15,3,2,6,2019,178,27,26,44429.0,41702.0,41297.0,44343.58
2019-06-27 16:00:00,,16,3,2,6,2019,178,27,26,45139.0,43102.0,42282.0,44947.754
2019-06-27 17:00:00,,17,3,2,6,2019,178,27,26,45811.0,44067.0,42978.0,45825.84
2019-06-27 18:00:00,,18,3,2,6,2019,178,27,26,46350.0,44522.0,43108.0,45908.957
2019-06-27 19:00:00,,19,3,2,6,2019,178,27,26,46021.0,43735.0,42357.0,45180.953
2019-06-27 20:00:00,,20,3,2,6,2019,178,27,26,44678.0,42055.0,40835.0,44655.934
2019-06-27 21:00:00,,21,3,2,6,2019,178,27,26,42901.0,40879.0,39255.0,41968.19
2019-06-27 22:00:00,,22,3,2,6,2019,178,27,26,41619.0,39956.0,38300.0,41125.49
2019-06-27 23:00:00,,23,3,2,6,2019,178,27,26,38478.0,37082.0,35288.0,38111.72
2019-06-28 00:00:00,,0,4,2,6,2019,179,28,26,34956.0,33857.0,31976.0,32389.48
2019-06-28 01:00:00,,1,4,2,6,2019,179,28,26,31942.0,31031.0,29201.0,30107.793
2019-06-28 02:00:00,,2,4,2,6,2019,179,28,26,29691.0,29101.0,27336.0,28768.434
2019-06-28 03:00:00,,3,4,2,6,2019,179,28,26,28338.0,27820.0,26099.0,27951.707
2019-06-28 04:00:00,,4,4,2,6,2019,179,28,26,27376.0,27098.0,25451.0,27542.148
2019-06-28 05:00:00,,5,4,2,6,2019,179,28,26,27318.0,27175.0,25489.0,27575.406
2019-06-28 06:00:00,,6,4,2,6,2019,179,28,26,28185.0,28203.0,26371.0,28175.377
2019-06-28 07:00:00,,7,4,2,6,2019,179,28,26,30251.0,30066.0,28306.0,30248.635
2019-06-28 08:00:00,,8,4,2,6,2019,179,28,26,33322.0,32900.0,31096.0,32875.473
2019-06-28 09:00:00,,9,4,2,6,2019,179,28,26,36101.0,35576.0,33486.0,35117.438
2019-06-28 10:00:00,,10,4,2,6,2019,179,28,26,38540.0,38022.0,35673.0,38016.344
2019-06-28 11:00:00,,11,4,2,6,2019,179,28,26,40893.0,40252.0,37820.0,40569.31
2019-06-28 12:00:00,,12,4,2,6,2019,179,28,26,42865.0,42377.0,39583.0,42366.984
2019-06-28 13:00:00,,13,4,2,6,2019,179,28,26,44489.0,44426.0,41140.0,45058.375
2019-06-28 14:00:00,,14,4,2,6,2019,179,28,26,45791.0,46154.0,42495.0,45635.91
2019-06-28 15:00:00,,15,4,2,6,2019,179,28,26,46826.0,47751.0,43205.0,46457.93
2019-06-28 16:00:00,,16,4,2,6,2019,179,28,26,47825.0,48899.0,43269.0,46692.797
2019-06-28 17:00:00,,17,4,2,6,2019,179,28,26,48752.0,49531.0,42918.0,47258.54
2019-06-28 18:00:00,,18,4,2,6,2019,179,28,26,49105.0,49391.0,42324.0,46960.242
2019-06-28 19:00:00,,19,4,2,6,2019,179,28,26,48321.0,47920.0,41085.0,46751.957
2019-06-28 20:00:00,,20,4,2,6,2019,179,28,26,46534.0,45795.0,39449.0,44680.59
2019-06-28 21:00:00,,21,4,2,6,2019,179,28,26,44158.0,44035.0,37981.0,43775.637
2019-06-28 22:00:00,,22,4,2,6,2019,179,28,26,42343.0,42739.0,37018.0,41774.027
2019-06-28 23:00:00,,23,4,2,6,2019,179,28,26,39099.0,39640.0,34442.0,38094.76
2019-06-29 00:00:00,,0,5,2,6,2019,180,29,26,35639.0,36239.0,31570.0,33235.797
2019-06-29 01:00:00,,1,5,2,6,2019,180,29,26,32443.0,33520.0,28957.0,31194.758
2019-06-29 02:00:00,,2,5,2,6,2019,180,29,26,30093.0,31386.0,27101.0,29004.363
2019-06-29 03:00:00,,3,5,2,6,2019,180,29,26,28392.0,29913.0,25723.0,28269.98
2019-06-29 04:00:00,,4,5,2,6,2019,180,29,26,27226.0,28979.0,24668.0,27631.203
2019-06-29 05:00:00,,5,5,2,6,2019,180,29,26,26624.0,28534.0,23994.0,27158.172
2019-06-29 06:00:00,,6,5,2,6,2019,180,29,26,26411.0,28562.0,23637.0,26993.432
2019-06-29 07:00:00,,7,5,2,6,2019,180,29,26,27026.0,29008.0,23921.0,27757.463
2019-06-29 08:00:00,,8,5,2,6,2019,180,29,26,29393.0,30662.0,25586.0,28857.094
2019-06-29 09:00:00,,9,5,2,6,2019,180,29,26,32697.0,33020.0,27591.0,31850.371
2019-06-29 10:00:00,,10,5,2,6,2019,180,29,26,36256.0,35548.0,29221.0,33835.86
2019-06-29 11:00:00,,11,5,2,6,2019,180,29,26,39459.0,37905.0,30305.0,36080.062
2019-06-29 12:00:00,,12,5,2,6,2019,180,29,26,41902.0,39641.0,30992.0,37497.473
2019-06-29 13:00:00,,13,5,2,6,2019,180,29,26,43803.0,40963.0,31507.0,38227.176
2019-06-29 14:00:00,,14,5,2,6,2019,180,29,26,45293.0,41827.0,31931.0,38933.305
2019-06-29 15:00:00,,15,5,2,6,2019,180,29,26,46465.0,42534.0,32472.0,39583.445
2019-06-29 16:00:00,,16,5,2,6,2019,180,29,26,47711.0,42930.0,32978.0,40459.945
2019-06-29 17:00:00,,17,5,2,6,2019,180,29,26,48790.0,42604.0,33334.0,41387.59
2019-06-29 18:00:00,,18,5,2,6,2019,180,29,26,49341.0,42206.0,33205.0,41346.277
2019-06-29 19:00:00,,19,5,2,6,2019,180,29,26,49031.0,40927.0,32559.0,40060.824
2019-06-29 20:00:00,,20,5,2,6,2019,180,29,26,47522.0,39201.0,31413.0,38454.668
2019-06-29 21:00:00,,21,5,2,6,2019,180,29,26,45558.0,37756.0,30821.0,37983.89
2019-06-29 22:00:00,,22,5,2,6,2019,180,29,26,43940.0,36935.0,30498.0,37344.65
2019-06-29 23:00:00,,23,5,2,6,2019,180,29,26,40958.0,34841.0,28953.0,36196.65
2019-06-30 00:00:00,,0,6,2,6,2019,181,30,26,37751.0,32412.0,26903.0,31816.05
2019-06-30 01:00:00,,1,6,2,6,2019,181,30,26,34716.0,30000.0,24847.0,30431.121
2019-06-30 02:00:00,,2,6,2,6,2019,181,30,26,32345.0,28191.0,23400.0,29138.227
2019-06-30 03:00:00,,3,6,2,6,2019,181,30,26,30546.0,26975.0,22458.0,27392.613
2019-06-30 04:00:00,,4,6,2,6,2019,181,30,26,29300.0,26128.0,21874.0,26683.47
2019-06-30 05:00:00,,5,6,2,6,2019,181,30,26,28511.0,25704.0,21625.0,26301.4
2019-06-30 06:00:00,,6,6,2,6,2019,181,30,26,27992.0,25390.0,21457.0,26004.125
2019-06-30 07:00:00,,7,6,2,6,2019,181,30,26,28211.0,25651.0,21605.0,26526.457
2019-06-30 08:00:00,,8,6,2,6,2019,181,30,26,30337.0,27671.0,22615.0,28286.363
2019-06-30 09:00:00,,9,6,2,6,2019,181,30,26,33759.0,30620.0,24262.0,31277.682
2019-06-30 10:00:00,,10,6,2,6,2019,181,30,26,37516.0,33541.0,25908.0,33756.98
2019-06-30 11:00:00,,11,6,2,6,2019,181,30,26,41130.0,36146.0,27397.0,36204.06
2019-06-30 12:00:00,,12,6,2,6,2019,181,30,26,44099.0,38252.0,28694.0,37416.03
2019-06-30 13:00:00,,13,6,2,6,2019,181,30,26,46378.0,39833.0,29866.0,37751.016
2019-06-30 14:00:00,,14,6,2,6,2019,181,30,26,48208.0,41121.0,30667.0,38348.31
2019-06-30 15:00:00,,15,6,2,6,2019,181,30,26,49429.0,42149.0,31053.0,39018.4
2019-06-30 16:00:00,,16,6,2,6,2019,181,30,26,50466.0,43214.0,31208.0,39176.617
2019-06-30 17:00:00,,17,6,2,6,2019,181,30,26,51358.0,44248.0,31280.0,39408.37
2019-06-30 18:00:00,,18,6,2,6,2019,181,30,26,51803.0,44753.0,31102.0,39440.027
2019-06-30 19:00:00,,19,6,2,6,2019,181,30,26,51437.0,44145.0,30482.0,39042.234
2019-06-30 20:00:00,,20,6,2,6,2019,181,30,26,50120.0,42632.0,29794.0,38807.703
2019-06-30 21:00:00,,21,6,2,6,2019,181,30,26,48316.0,41110.0,29672.0,38435.957
2019-06-30 22:00:00,,22,6,2,6,2019,181,30,26,46807.0,40219.0,29630.0,37729.047
2019-06-30 23:00:00,,23,6,2,6,2019,181,30,26,43501.0,37652.0,28428.0,36782.47
2019-07-01 00:00:00,,0,0,3,7,2019,182,1,27,39909.0,34712.0,26697.0,33764.84
2019-07-01 01:00:00,,1,0,3,7,2019,182,1,27,36627.0,31826.0,24795.0,31507.508
2019-07-01 02:00:00,,2,0,3,7,2019,182,1,27,34288.0,29736.0,23371.0,29977.4
2019-07-01 03:00:00,,3,0,3,7,2019,182,1,27,32552.0,28228.0,22472.0,28592.447
2019-07-01 04:00:00,,4,0,3,7,2019,182,1,27,31450.0,27340.0,22001.0,27456.162
2019-07-01 05:00:00,,5,0,3,7,2019,182,1,27,31246.0,27204.0,21933.0,27456.162
2019-07-01 06:00:00,,6,0,3,7,2019,182,1,27,32035.0,27744.0,22054.0,27856.268
2019-07-01 07:00:00,,7,0,3,7,2019,182,1,27,34136.0,29140.0,22392.0,30803.17
2019-07-01 08:00:00,,8,0,3,7,2019,182,1,27,37526.0,31832.0,23589.0,32971.89
2019-07-01 09:00:00,,9,0,3,7,2019,182,1,27,40987.0,34666.0,25409.0,35448.55
2019-07-01 10:00:00,,10,0,3,7,2019,182,1,27,44377.0,37505.0,27524.0,37152.8
2019-07-01 11:00:00,,11,0,3,7,2019,182,1,27,47740.0,39936.0,29441.0,38401.914
2019-07-01 12:00:00,,12,0,3,7,2019,182,1,27,50475.0,41839.0,30972.0,39864.277
2019-07-01 13:00:00,,13,0,3,7,2019,182,1,27,52533.0,43306.0,32189.0,40891.164
2019-07-01 14:00:00,,14,0,3,7,2019,182,1,27,54170.0,44721.0,33002.0,43022.434
2019-07-01 15:00:00,,15,0,3,7,2019,182,1,27,55159.0,45839.0,33429.0,43732.65
2019-07-01 16:00:00,,16,0,3,7,2019,182,1,27,55836.0,46619.0,33545.0,43818.03
2019-07-01 17:00:00,,17,0,3,7,2019,182,1,27,56430.0,47023.0,33548.0,43831.082
2019-07-01 18:00:00,,18,0,3,7,2019,182,1,27,56609.0,47028.0,33389.0,43788.105
2019-07-01 19:00:00,,19,0,3,7,2019,182,1,27,56231.0,45997.0,32813.0,43048.36
2019-07-01 20:00:00,,20,0,3,7,2019,182,1,27,54644.0,44157.0,32407.0,42496.99
2019-07-01 21:00:00,,21,0,3,7,2019,182,1,27,52757.0,42068.0,32390.0,41668.156
2019-07-01 22:00:00,,22,0,3,7,2019,182,1,27,50685.0,40594.0,31776.0,40204.332
2019-07-01 23:00:00,,23,0,3,7,2019,182,1,27,46833.0,37638.0,30461.0,37950.87
2019-07-02 00:00:00,,0,1,3,7,2019,183,2,27,42919.0,34620.0,28530.0,34229.832
2019-07-02 01:00:00,,1,1,3,7,2019,183,2,27,39641.0,31708.0,26750.0,31598.805
2019-07-02 02:00:00,,2,1,3,7,2019,183,2,27,37091.0,29566.0,25635.0,30718.213
2019-07-02 03:00:00,,3,1,3,7,2019,183,2,27,35334.0,27984.0,25033.0,29959.586
2019-07-02 04:00:00,,4,1,3,7,2019,183,2,27,34189.0,27049.0,24795.0,29621.562
2019-07-02 05:00:00,,5,1,3,7,2019,183,2,27,33912.0,26667.0,25281.0,29405.059
2019-07-02 06:00:00,,6,1,3,7,2019,183,2,27,34734.0,26540.0,26888.0,30196.258
2019-07-02 07:00:00,,7,1,3,7,2019,183,2,27,36759.0,26694.0,29145.0,31666.285
2019-07-02 08:00:00,,8,1,3,7,2019,183,2,27,39728.0,28096.0,31833.0,33091.25
2019-07-02 09:00:00,,9,1,3,7,2019,183,2,27,42680.0,30232.0,34280.0,34916.35
2019-07-02 10:00:00,,10,1,3,7,2019,183,2,27,45766.0,32713.0,36489.0,37695.96
2019-07-02 11:00:00,,11,1,3,7,2019,183,2,27,48876.0,35073.0,38553.0,40547.066
2019-07-02 12:00:00,,12,1,3,7,2019,183,2,27,51603.0,37290.0,40041.0,42728.91
2019-07-02 13:00:00,,13,1,3,7,2019,183,2,27,53623.0,39003.0,41366.0,45108.453
2019-07-02 14:00:00,,14,1,3,7,2019,183,2,27,54852.0,40451.0,42862.0,46278.785
2019-07-02 15:00:00,,15,1,3,7,2019,183,2,27,54908.0,41574.0,44320.0,47192.113
2019-07-02 16:00:00,,16,1,3,7,2019,183,2,27,54908.0,42270.0,45772.0,47344.7
2019-07-02 17:00:00,,17,1,3,7,2019,183,2,27,54724.0,42558.0,47076.0,47429.34
2019-07-02 18:00:00,,18,1,3,7,2019,183,2,27,53679.0,42402.0,47895.0,47429.34
2019-07-02 19:00:00,,19,1,3,7,2019,183,2,27,51788.0,41158.0,47532.0,46588.496
2019-07-02 20:00:00,,20,1,3,7,2019,183,2,27,49244.0,39308.0,46123.0,45244.176
2019-07-02 21:00:00,,21,1,3,7,2019,183,2,27,47292.0,37758.0,44341.0,43901.246
2019-07-02 22:00:00,,22,1,3,7,2019,183,2,27,45506.0,36506.0,43036.0,42158.113
2019-07-02 23:00:00,,23,1,3,7,2019,183,2,27,42437.0,34711.0,39632.0,39445.438
2019-07-03 00:00:00,,0,2,3,7,2019,184,3,27,39340.0,32267.0,35941.0,34915.516
2019-07-03 01:00:00,,1,2,3,7,2019,184,3,27,36317.0,29763.0,32757.0,32087.457
2019-07-03 02:00:00,,2,2,3,7,2019,184,3,27,34060.0,27962.0,30532.0,30340.06
2019-07-03 03:00:00,,3,2,3,7,2019,184,3,27,32477.0,26811.0,28979.0,29343.709
2019-07-03 04:00:00,,4,2,3,7,2019,184,3,27,31306.0,26216.0,28138.0,28523.602
2019-07-03 05:00:00,,5,2,3,7,2019,184,3,27,30707.0,26461.0,28133.0,28592.016
2019-07-03 06:00:00,,6,2,3,7,2019,184,3,27,30668.0,27662.0,29243.0,28933.541
2019-07-03 07:00:00,,7,2,3,7,2019,184,3,27,31027.0,29731.0,31629.0,31039.25
2019-07-03 08:00:00,,8,2,3,7,2019,184,3,27,32565.0,32242.0,35060.0,33537.395
2019-07-03 09:00:00,,9,2,3,7,2019,184,3,27,35299.0,34148.0,38070.0,36154.42
2019-07-03 10:00:00,,10,2,3,7,2019,184,3,27,38405.0,35901.0,41020.0,39603.094
2019-07-03 11:00:00,,11,2,3,7,2019,184,3,27,41539.0,37654.0,43917.0,41573.848
2019-07-03 12:00:00,,12,2,3,7,2019,184,3,27,44266.0,39252.0,46275.0,43398.594
2019-07-03 13:00:00,,13,2,3,7,2019,184,3,27,46164.0,40641.0,48090.0,44682.52
2019-07-03 14:00:00,,14,2,3,7,2019,184,3,27,47275.0,41935.0,49625.0,46017.58
2019-07-03 15:00:00,,15,2,3,7,2019,184,3,27,47767.0,42725.0,50686.0,46412.094
2019-07-03 16:00:00,,16,2,3,7,2019,184,3,27,47897.0,43201.0,51421.0,46876.86
2019-07-03 17:00:00,,17,2,3,7,2019,184,3,27,47504.0,43481.0,52145.0,47850.145
2019-07-03 18:00:00,,18,2,3,7,2019,184,3,27,46611.0,43563.0,52421.0,47429.375
2019-07-03 19:00:00,,19,2,3,7,2019,184,3,27,44964.0,42455.0,51782.0,46036.92
2019-07-03 20:00:00,,20,2,3,7,2019,184,3,27,43361.0,40797.0,50171.0,44685.805
2019-07-03 21:00:00,,21,2,3,7,2019,184,3,27,42157.0,39475.0,48376.0,43702.945
2019-07-03 22:00:00,,22,2,3,7,2019,184,3,27,40860.0,38310.0,46799.0,42667.652
2019-07-03 23:00:00,,23,2,3,7,2019,184,3,27,39131.0,35467.0,42931.0,40149.95
2019-07-04 00:00:00,,0,3,3,7,2019,185,4,27,36699.0,32447.0,39017.0,34970.53
2019-07-04 01:00:00,,1,3,3,7,2019,185,4,27,34220.0,29839.0,35690.0,32052.928
2019-07-04 02:00:00,,2,3,3,7,2019,185,4,27,32368.0,28133.0,33427.0,30776.55
2019-07-04 03:00:00,,3,3,3,7,2019,185,4,27,31209.0,27129.0,31769.0,29596.4
2019-07-04 04:00:00,,4,3,3,7,2019,185,4,27,30749.0,26624.0,30768.0,29291.643
2019-07-04 05:00:00,,5,3,3,7,2019,185,4,27,30872.0,26898.0,30571.0,29149.166
2019-07-04 06:00:00,,6,3,3,7,2019,185,4,27,31845.0,28217.0,31597.0,30158.12
2019-07-04 07:00:00,,7,3,3,7,2019,185,4,27,33894.0,30319.0,33836.0,32589.88
2019-07-04 08:00:00,,8,3,3,7,2019,185,4,27,36956.0,32449.0,37271.0,35715.926
2019-07-04 09:00:00,,9,3,3,7,2019,185,4,27,39443.0,34015.0,40295.0,38387.67
2019-07-04 10:00:00,,10,3,3,7,2019,185,4,27,42013.0,35237.0,43213.0,40630.598
2019-07-04 11:00:00,,11,3,3,7,2019,185,4,27,44632.0,36114.0,46149.0,42208.473
2019-07-04 12:00:00,,12,3,3,7,2019,185,4,27,46809.0,36793.0,48571.0,42965.254
2019-07-04 13:00:00,,13,3,3,7,2019,185,4,27,48646.0,37169.0,50204.0,44143.984
2019-07-04 14:00:00,,14,3,3,7,2019,185,4,27,50094.0,37598.0,51204.0,44544.92
2019-07-04 15:00:00,,15,3,3,7,2019,185,4,27,50858.0,37794.0,51394.0,45222.914
2019-07-04 16:00:00,,16,3,3,7,2019,185,4,27,51351.0,37858.0,51371.0,45396.062
2019-07-04 17:00:00,,17,3,3,7,2019,185,4,27,52045.0,37933.0,51543.0,45409.113
2019-07-04 18:00:00,,18,3,3,7,2019,185,4,27,52503.0,37897.0,51268.0,45409.113
2019-07-04 19:00:00,,19,3,3,7,2019,185,4,27,51786.0,37355.0,50254.0,44860.99
2019-07-04 20:00:00,,20,3,3,7,2019,185,4,27,50066.0,36633.0,48783.0,44000.445
2019-07-04 21:00:00,,21,3,3,7,2019,185,4,27,48431.0,36510.0,47390.0,43774.273
2019-07-04 22:00:00,,22,3,3,7,2019,185,4,27,46736.0,35833.0,46078.0,42796.39
2019-07-04 23:00:00,,23,3,3,7,2019,185,4,27,43432.0,33589.0,42512.0,40379.33
2019-07-05 00:00:00,,0,4,3,7,2019,186,5,27,40087.0,31110.0,38742.0,34706.84
2019-07-05 01:00:00,,1,4,3,7,2019,186,5,27,37168.0,28958.0,35526.0,33371.555
2019-07-05 02:00:00,,2,4,3,7,2019,186,5,27,35164.0,27532.0,33312.0,31715.14
2019-07-05 03:00:00,,3,4,3,7,2019,186,5,27,33844.0,26654.0,31693.0,30491.057
2019-07-05 04:00:00,,4,4,3,7,2019,186,5,27,33133.0,26237.0,30664.0,29684.145
2019-07-05 05:00:00,,5,4,3,7,2019,186,5,27,33129.0,26553.0,30549.0,29770.652
2019-07-05 06:00:00,,6,4,3,7,2019,186,5,27,34020.0,27906.0,31497.0,31039.436
2019-07-05 07:00:00,,7,4,3,7,2019,186,5,27,35573.0,29937.0,33560.0,33125.715
2019-07-05 08:00:00,,8,4,3,7,2019,186,5,27,37575.0,32226.0,36856.0,35835.668
2019-07-05 09:00:00,,9,4,3,7,2019,186,5,27,39381.0,34029.0,40016.0,38303.086
2019-07-05 10:00:00,,10,4,3,7,2019,186,5,27,40621.0,35477.0,42956.0,40726.98
2019-07-05 11:00:00,,11,4,3,7,2019,186,5,27,41668.0,36571.0,45652.0,42035.293
2019-07-05 12:00:00,,12,4,3,7,2019,186,5,27,42539.0,37519.0,47853.0,42956.32
2019-07-05 13:00:00,,13,4,3,7,2019,186,5,27,42955.0,38497.0,49533.0,43767.336
2019-07-05 14:00:00,,14,4,3,7,2019,186,5,27,43241.0,39728.0,50138.0,44478.42
2019-07-05 15:00:00,,15,4,3,7,2019,186,5,27,43594.0,40993.0,50198.0,45036.082
2019-07-05 16:00:00,,16,4,3,7,2019,186,5,27,43843.0,42397.0,49464.0,45524.668
2019-07-05 17:00:00,,17,4,3,7,2019,186,5,27,43890.0,43747.0,48363.0,45609.637
2019-07-05 18:00:00,,18,4,3,7,2019,186,5,27,43651.0,44579.0,47241.0,45878.29
2019-07-05 19:00:00,,19,4,3,7,2019,186,5,27,42606.0,43916.0,45624.0,45837.11
2019-07-05 20:00:00,,20,4,3,7,2019,186,5,27,40731.0,42166.0,43790.0,44866.062
2019-07-05 21:00:00,,21,4,3,7,2019,186,5,27,38882.0,40284.0,42390.0,42461.844
2019-07-05 22:00:00,,22,4,3,7,2019,186,5,27,37544.0,38733.0,41153.0,40904.637
2019-07-05 23:00:00,,23,4,3,7,2019,186,5,27,34647.0,35848.0,38474.0,37760.695
2019-07-06 00:00:00,,0,5,3,7,2019,187,6,27,31602.0,32864.0,35349.0,32547.33
2019-07-06 01:00:00,,1,5,3,7,2019,187,6,27,28643.0,30090.0,32530.0,30332.598
2019-07-06 02:00:00,,2,5,3,7,2019,187,6,27,26556.0,28042.0,30597.0,28234.291
2019-07-06 03:00:00,,3,5,3,7,2019,187,6,27,25035.0,26656.0,29252.0,27712.34
2019-07-06 04:00:00,,4,5,3,7,2019,187,6,27,24081.0,25737.0,28330.0,27140.469
2019-07-06 05:00:00,,5,5,3,7,2019,187,6,27,23519.0,25361.0,27925.0,26544.387
2019-07-06 06:00:00,,6,5,3,7,2019,187,6,27,23358.0,25352.0,28076.0,26431.951
2019-07-06 07:00:00,,7,5,3,7,2019,187,6,27,23663.0,25853.0,28458.0,27160.607
2019-07-06 08:00:00,,8,5,3,7,2019,187,6,27,24818.0,27731.0,29790.0,28247.53
2019-07-06 09:00:00,,9,5,3,7,2019,187,6,27,26449.0,30347.0,31855.0,29721.48
2019-07-06 10:00:00,,10,5,3,7,2019,187,6,27,27693.0,32833.0,33966.0,31892.967
2019-07-06 11:00:00,,11,5,3,7,2019,187,6,27,28681.0,35230.0,35601.0,34278.297
2019-07-06 12:00:00,,12,5,3,7,2019,187,6,27,29421.0,37206.0,36763.0,36202.96
2019-07-06 13:00:00,,13,5,3,7,2019,187,6,27,29976.0,38632.0,37527.0,37224.332
2019-07-06 14:00:00,,14,5,3,7,2019,187,6,27,30565.0,39682.0,37969.0,37347.574
2019-07-06 15:00:00,,15,5,3,7,2019,187,6,27,31347.0,40551.0,38277.0,38080.312
2019-07-06 16:00:00,,16,5,3,7,2019,187,6,27,32356.0,41294.0,38552.0,39806.027
2019-07-06 17:00:00,,17,5,3,7,2019,187,6,27,33430.0,41854.0,38774.0,40584.55
2019-07-06 18:00:00,,18,5,3,7,2019,187,6,27,34233.0,41768.0,38784.0,40747.215
2019-07-06 19:00:00,,19,5,3,7,2019,187,6,27,34170.0,40707.0,38393.0,40008.98
2019-07-06 20:00:00,,20,5,3,7,2019,187,6,27,33101.0,38980.0,37560.0,38911.145
2019-07-06 21:00:00,,21,5,3,7,2019,187,6,27,31614.0,37181.0,36912.0,36881.832
2019-07-06 22:00:00,,22,5,3,7,2019,187,6,27,30855.0,36130.0,36295.0,36212.48
2019-07-06 23:00:00,,23,5,3,7,2019,187,6,27,29070.0,33730.0,34219.0,33951.375
2019-07-07 00:00:00,,0,6,3,7,2019,188,7,27,26894.0,31036.0,31676.0,30336.473
2019-07-07 01:00:00,,1,6,3,7,2019,188,7,27,24656.0,28477.0,29284.0,28757.496
2019-07-07 02:00:00,,2,6,3,7,2019,188,7,27,23196.0,26524.0,27421.0,27124.861
2019-07-07 03:00:00,,3,6,3,7,2019,188,7,27,22232.0,25144.0,26089.0,26128.662
2019-07-07 04:00:00,,4,6,3,7,2019,188,7,27,21597.0,24203.0,25210.0,25674.416
2019-07-07 05:00:00,,5,6,3,7,2019,188,7,27,21353.0,23679.0,24678.0,25215.904
2019-07-07 06:00:00,,6,6,3,7,2019,188,7,27,21211.0,23283.0,24379.0,24950.195
2019-07-07 07:00:00,,7,6,3,7,2019,188,7,27,21428.0,23370.0,24473.0,25099.309
2019-07-07 08:00:00,,8,6,3,7,2019,188,7,27,22544.0,24876.0,26108.0,26562.12
2019-07-07 09:00:00,,9,6,3,7,2019,188,7,27,24211.0,27118.0,28529.0,28771.035
2019-07-07 10:00:00,,10,6,3,7,2019,188,7,27,25826.0,29165.0,30716.0,30103.258
2019-07-07 11:00:00,,11,6,3,7,2019,188,7,27,27396.0,30984.0,32621.0,31703.412
2019-07-07 12:00:00,,12,6,3,7,2019,188,7,27,28760.0,32472.0,34070.0,33881.793
2019-07-07 13:00:00,,13,6,3,7,2019,188,7,27,30008.0,33580.0,35139.0,35341.08
2019-07-07 14:00:00,,14,6,3,7,2019,188,7,27,31227.0,34565.0,35857.0,36184.117
2019-07-07 15:00:00,,15,6,3,7,2019,188,7,27,32586.0,35585.0,36744.0,37815.09
2019-07-07 16:00:00,,16,6,3,7,2019,188,7,27,34151.0,36777.0,37701.0,38918.7
2019-07-07 17:00:00,,17,6,3,7,2019,188,7,27,35838.0,38016.0,38690.0,39850.652
2019-07-07 18:00:00,,18,6,3,7,2019,188,7,27,37210.0,38913.0,39498.0,40876.297
2019-07-07 19:00:00,,19,6,3,7,2019,188,7,27,37450.0,38803.0,39426.0,40797.965
2019-07-07 20:00:00,,20,6,3,7,2019,188,7,27,36497.0,37659.0,38239.0,40557.645
2019-07-07 21:00:00,,21,6,3,7,2019,188,7,27,34974.0,36052.0,36905.0,38656.613
2019-07-07 22:00:00,,22,6,3,7,2019,188,7,27,34020.0,35014.0,36180.0,37498.348
2019-07-07 23:00:00,,23,6,3,7,2019,188,7,27,31538.0,32436.0,33568.0,34550.684
2019-07-08 00:00:00,,0,0,3,7,2019,189,8,28,28679.0,29483.0,30549.0,30444.162
2019-07-08 01:00:00,,1,0,3,7,2019,189,8,28,26251.0,27045.0,27941.0,28497.66
2019-07-08 02:00:00,,2,0,3,7,2019,189,8,28,24582.0,25478.0,26076.0,27045.256
2019-07-08 03:00:00,,3,0,3,7,2019,189,8,28,23663.0,24564.0,25072.0,26012.943
2019-07-08 04:00:00,,4,0,3,7,2019,189,8,28,23223.0,24117.0,24482.0,25561.568
2019-07-08 05:00:00,,5,0,3,7,2019,189,8,28,23484.0,24454.0,24678.0,25610.764
2019-07-08 06:00:00,,6,0,3,7,2019,189,8,28,24626.0,25711.0,25807.0,27421.95
2019-07-08 07:00:00,,7,0,3,7,2019,189,8,28,26519.0,27699.0,27866.0,28911.666
2019-07-08 08:00:00,,8,0,3,7,2019,189,8,28,29088.0,30466.0,30451.0,31035.234
2019-07-08 09:00:00,,9,0,3,7,2019,189,8,28,31048.0,32607.0,32710.0,33323.66
2019-07-08 10:00:00,,10,0,3,7,2019,189,8,28,32864.0,34604.0,34528.0,34966.805
2019-07-08 11:00:00,,11,0,3,7,2019,189,8,28,34764.0,36847.0,36446.0,38009.75
2019-07-08 12:00:00,,12,0,3,7,2019,189,8,28,36489.0,38682.0,37948.0,40372.723
2019-07-08 13:00:00,,13,0,3,7,2019,189,8,28,38091.0,40541.0,39179.0,41640.836
2019-07-08 14:00:00,,14,0,3,7,2019,189,8,28,39879.0,42379.0,40494.0,43826.54
2019-07-08 15:00:00,,15,0,3,7,2019,189,8,28,41572.0,43758.0,41451.0,44871.977
2019-07-08 16:00:00,,16,0,3,7,2019,189,8,28,43276.0,44937.0,42592.0,45544.05
2019-07-08 17:00:00,,17,0,3,7,2019,189,8,28,44848.0,46094.0,43730.0,47055.453
2019-07-08 18:00:00,,18,0,3,7,2019,189,8,28,45771.0,46588.0,44166.0,47133.73
2019-07-08 19:00:00,,19,0,3,7,2019,189,8,28,45494.0,45875.0,43715.0,47055.453
2019-07-08 20:00:00,,20,0,3,7,2019,189,8,28,43886.0,44328.0,41998.0,45441.227
2019-07-08 21:00:00,,21,0,3,7,2019,189,8,28,41662.0,43081.0,40365.0,43932.953
2019-07-08 22:00:00,,22,0,3,7,2019,189,8,28,39795.0,41691.0,39141.0,42286.37
2019-07-08 23:00:00,,23,0,3,7,2019,189,8,28,36290.0,38539.0,35936.0,39220.633
2019-07-09 00:00:00,,0,1,3,7,2019,190,9,28,32776.0,35145.0,32426.0,32855.2
2019-07-09 01:00:00,,1,1,3,7,2019,190,9,28,29679.0,32379.0,29438.0,30807.55
2019-07-09 02:00:00,,2,1,3,7,2019,190,9,28,27677.0,30575.0,27528.0,29030.078
2019-07-09 03:00:00,,3,1,3,7,2019,190,9,28,26401.0,29395.0,26297.0,28297.578
2019-07-09 04:00:00,,4,1,3,7,2019,190,9,28,25735.0,28690.0,25668.0,28218.975
2019-07-09 05:00:00,,5,1,3,7,2019,190,9,28,25808.0,28797.0,25799.0,28218.975
2019-07-09 06:00:00,,6,1,3,7,2019,190,9,28,26841.0,29976.0,26930.0,28886.797
2019-07-09 07:00:00,,7,1,3,7,2019,190,9,28,28883.0,32118.0,29051.0,31109.432
2019-07-09 08:00:00,,8,1,3,7,2019,190,9,28,31787.0,34859.0,31952.0,33310.414
2019-07-09 09:00:00,,9,1,3,7,2019,190,9,28,34357.0,36926.0,34524.0,35901.1
2019-07-09 10:00:00,,10,1,3,7,2019,190,9,28,36944.0,38988.0,36849.0,39125.523
2019-07-09 11:00:00,,11,1,3,7,2019,190,9,28,39621.0,41205.0,39217.0,41322.906
2019-07-09 12:00:00,,12,1,3,7,2019,190,9,28,42103.0,43394.0,41233.0,44201.094
2019-07-09 13:00:00,,13,1,3,7,2019,190,9,28,44216.0,45038.0,42952.0,46162.64
2019-07-09 14:00:00,,14,1,3,7,2019,190,9,28,46219.0,46374.0,44402.0,46987.977
2019-07-09 15:00:00,,15,1,3,7,2019,190,9,28,47959.0,47032.0,45457.0,47908.81
2019-07-09 16:00:00,,16,1,3,7,2019,190,9,28,49442.0,47681.0,46287.0,48354.676
2019-07-09 17:00:00,,17,1,3,7,2019,190,9,28,50731.0,48426.0,47045.0,48581.98
2019-07-09 18:00:00,,18,1,3,7,2019,190,9,28,51429.0,48936.0,47233.0,48669.742
2019-07-09 19:00:00,,19,1,3,7,2019,190,9,28,50943.0,48206.0,46378.0,48581.98
2019-07-09 20:00:00,,20,1,3,7,2019,190,9,28,49264.0,46883.0,44555.0,48235.594
2019-07-09 21:00:00,,21,1,3,7,2019,190,9,28,47194.0,45630.0,42849.0,47037.582
2019-07-09 22:00:00,,22,1,3,7,2019,190,9,28,45245.0,44037.0,41636.0,45223.613
2019-07-09 23:00:00,,23,1,3,7,2019,190,9,28,41533.0,40575.0,38415.0,41243.023
2019-07-10 00:00:00,,0,2,3,7,2019,191,10,28,37750.0,37133.0,34939.0,36017.285
2019-07-10 01:00:00,,1,2,3,7,2019,191,10,28,34491.0,34162.0,32029.0,32479.604
2019-07-10 02:00:00,,2,2,3,7,2019,191,10,28,32241.0,32198.0,30079.0,30601.53
2019-07-10 03:00:00,,3,2,3,7,2019,191,10,28,30727.0,30876.0,28801.0,29854.352
2019-07-10 04:00:00,,4,2,3,7,2019,191,10,28,29755.0,30206.0,28095.0,29494.727
2019-07-10 05:00:00,,5,2,3,7,2019,191,10,28,29571.0,30277.0,28233.0,29487.738
2019-07-10 06:00:00,,6,2,3,7,2019,191,10,28,30570.0,31493.0,29599.0,30369.46
2019-07-10 07:00:00,,7,2,3,7,2019,191,10,28,32425.0,33624.0,31917.0,32699.469
2019-07-10 08:00:00,,8,2,3,7,2019,191,10,28,35156.0,36518.0,34649.0,35590.246
2019-07-10 09:00:00,,9,2,3,7,2019,191,10,28,37384.0,38980.0,36662.0,38519.086
2019-07-10 10:00:00,,10,2,3,7,2019,191,10,28,39391.0,41442.0,38318.0,40463.664
2019-07-10 11:00:00,,11,2,3,7,2019,191,10,28,41478.0,43895.0,40372.0,43022.723
2019-07-10 12:00:00,,12,2,3,7,2019,191,10,28,43429.0,46037.0,42120.0,44518.562
2019-07-10 13:00:00,,13,2,3,7,2019,191,10,28,44897.0,47655.0,43555.0,46242.64
2019-07-10 14:00:00,,14,2,3,7,2019,191,10,28,46210.0,49098.0,44879.0,46717.56
2019-07-10 15:00:00,,15,2,3,7,2019,191,10,28,47239.0,49909.0,45329.0,47158.16
2019-07-10 16:00:00,,16,2,3,7,2019,191,10,28,48007.0,50196.0,44995.0,47657.086
2019-07-10 17:00:00,,17,2,3,7,2019,191,10,28,48546.0,50499.0,44766.0,48015.85
2019-07-10 18:00:00,,18,2,3,7,2019,191,10,28,48488.0,50853.0,44248.0,47668.656
2019-07-10 19:00:00,,19,2,3,7,2019,191,10,28,47227.0,50292.0,43494.0,47111.633
2019-07-10 20:00:00,,20,2,3,7,2019,191,10,28,44899.0,49046.0,42517.0,46147.016
2019-07-10 21:00:00,,21,2,3,7,2019,191,10,28,43176.0,47725.0,41868.0,45016.785
2019-07-10 22:00:00,,22,2,3,7,2019,191,10,28,41557.0,46231.0,41106.0,43992.69
2019-07-10 23:00:00,,23,2,3,7,2019,191,10,28,38176.0,42684.0,38394.0,40942.836
2019-07-11 00:00:00,,0,3,3,7,2019,192,11,28,34724.0,39022.0,35352.0,35410.08
2019-07-11 01:00:00,,1,3,3,7,2019,192,11,28,31596.0,35963.0,32765.0,32541.691
2019-07-11 02:00:00,,2,3,3,7,2019,192,11,28,29530.0,33934.0,31035.0,31153.84
2019-07-11 03:00:00,,3,3,3,7,2019,192,11,28,28141.0,32514.0,29947.0,29796.746
2019-07-11 04:00:00,,4,3,3,7,2019,192,11,28,27314.0,31673.0,29460.0,29503.766
2019-07-11 05:00:00,,5,3,3,7,2019,192,11,28,27150.0,31669.0,29765.0,29523.164
2019-07-11 06:00:00,,6,3,3,7,2019,192,11,28,28072.0,32817.0,31231.0,30541.531
2019-07-11 07:00:00,,7,3,3,7,2019,192,11,28,29919.0,34890.0,33625.0,32730.89
2019-07-11 08:00:00,,8,3,3,7,2019,192,11,28,32262.0,38291.0,36658.0,35855.43
2019-07-11 09:00:00,,9,3,3,7,2019,192,11,28,34365.0,41402.0,39147.0,38740.277
2019-07-11 10:00:00,,10,3,3,7,2019,192,11,28,36208.0,44358.0,41410.0,41440.598
2019-07-11 11:00:00,,11,3,3,7,2019,192,11,28,38167.0,47337.0,43911.0,43721.45
2019-07-11 12:00:00,,12,3,3,7,2019,192,11,28,39765.0,49815.0,46180.0,45155.4
2019-07-11 13:00:00,,13,3,3,7,2019,192,11,28,41289.0,51314.0,48037.0,46089.01
2019-07-11 14:00:00,,14,3,3,7,2019,192,11,28,42744.0,52075.0,49724.0,46335.848
2019-07-11 15:00:00,,15,3,3,7,2019,192,11,28,43799.0,52210.0,50974.0,46638.105
2019-07-11 16:00:00,,16,3,3,7,2019,192,11,28,44622.0,51891.0,51906.0,47230.14
2019-07-11 17:00:00,,17,3,3,7,2019,192,11,28,45162.0,51429.0,51932.0,47243.19
2019-07-11 18:00:00,,18,3,3,7,2019,192,11,28,45202.0,50135.0,52552.0,47435.117
2019-07-11 19:00:00,,19,3,3,7,2019,192,11,28,44188.0,48566.0,52743.0,47105.31
2019-07-11 20:00:00,,20,3,3,7,2019,192,11,28,42278.0,46948.0,51505.0,46487.805
2019-07-11 21:00:00,,21,3,3,7,2019,192,11,28,40614.0,45697.0,49801.0,46086.676
2019-07-11 22:00:00,,22,3,3,7,2019,192,11,28,39212.0,44086.0,48284.0,44610.73
2019-07-11 23:00:00,,23,3,3,7,2019,192,11,28,36168.0,40821.0,44643.0,41672.64
2019-07-12 00:00:00,,0,4,3,7,2019,193,12,28,32887.0,37417.0,40766.0,36677.477
2019-07-12 01:00:00,,1,4,3,7,2019,193,12,28,30004.0,34542.0,37476.0,33688.938
2019-07-12 02:00:00,,2,4,3,7,2019,193,12,28,28104.0,32509.0,35021.0,31753.871
2019-07-12 03:00:00,,3,4,3,7,2019,193,12,28,26823.0,31192.0,33264.0,30503.006
2019-07-12 04:00:00,,4,4,3,7,2019,193,12,28,26097.0,30371.0,32165.0,29462.766
2019-07-12 05:00:00,,5,4,3,7,2019,193,12,28,26072.0,30370.0,31841.0,29462.766
2019-07-12 06:00:00,,6,4,3,7,2019,193,12,28,26969.0,31502.0,32704.0,30342.46
2019-07-12 07:00:00,,7,4,3,7,2019,193,12,28,28777.0,33368.0,34655.0,32968.914
2019-07-12 08:00:00,,8,4,3,7,2019,193,12,28,31322.0,35516.0,37853.0,34937.406
2019-07-12 09:00:00,,9,4,3,7,2019,193,12,28,33540.0,37356.0,40768.0,38205.676
2019-07-12 10:00:00,,10,4,3,7,2019,193,12,28,35506.0,38887.0,43401.0,40468.668
2019-07-12 11:00:00,,11,4,3,7,2019,193,12,28,37451.0,40228.0,45612.0,42622.863
2019-07-12 12:00:00,,12,4,3,7,2019,193,12,28,39153.0,41336.0,47302.0,43796.016
2019-07-12 13:00:00,,13,4,3,7,2019,193,12,28,40552.0,42148.0,48569.0,45326.5
2019-07-12 14:00:00,,14,4,3,7,2019,193,12,28,42200.0,42884.0,49835.0,45614.65
2019-07-12 15:00:00,,15,4,3,7,2019,193,12,28,43465.0,42889.0,50674.0,45745.086
2019-07-12 16:00:00,,16,4,3,7,2019,193,12,28,44485.0,42907.0,51096.0,46358.727
2019-07-12 17:00:00,,17,4,3,7,2019,193,12,28,45207.0,42310.0,51129.0,46330.465
2019-07-12 18:00:00,,18,4,3,7,2019,193,12,28,45368.0,41218.0,51062.0,45998.86
2019-07-12 19:00:00,,19,4,3,7,2019,193,12,28,44352.0,39941.0,49845.0,45311.21
2019-07-12 20:00:00,,20,4,3,7,2019,193,12,28,42301.0,38711.0,47829.0,44476.88
2019-07-12 21:00:00,,21,4,3,7,2019,193,12,28,40150.0,37984.0,45925.0,43851.277
2019-07-12 22:00:00,,22,4,3,7,2019,193,12,28,38638.0,37169.0,44544.0,42357.844
2019-07-12 23:00:00,,23,4,3,7,2019,193,12,28,35709.0,35017.0,41420.0,39383.715
2019-07-13 00:00:00,,0,5,3,7,2019,194,13,28,32597.0,32615.0,37958.0,33818.594
2019-07-13 01:00:00,,1,5,3,7,2019,194,13,28,29814.0,30331.0,34802.0,31794.605
2019-07-13 02:00:00,,2,5,3,7,2019,194,13,28,27773.0,28769.0,32499.0,29734.787
2019-07-13 03:00:00,,3,5,3,7,2019,194,13,28,26383.0,27619.0,30780.0,28381.994
2019-07-13 04:00:00,,4,5,3,7,2019,194,13,28,25464.0,26966.0,29556.0,28137.045
2019-07-13 05:00:00,,5,5,3,7,2019,194,13,28,25068.0,26792.0,28905.0,28052.482
2019-07-13 06:00:00,,6,5,3,7,2019,194,13,28,25066.0,27102.0,28743.0,28039.2
2019-07-13 07:00:00,,7,5,3,7,2019,194,13,28,25489.0,27624.0,29061.0,28290.062
2019-07-13 08:00:00,,8,5,3,7,2019,194,13,28,27241.0,29253.0,31489.0,29793.88
2019-07-13 09:00:00,,9,5,3,7,2019,194,13,28,29717.0,31721.0,34784.0,32560.344
2019-07-13 10:00:00,,10,5,3,7,2019,194,13,28,32295.0,34020.0,38029.0,35577.832
2019-07-13 11:00:00,,11,5,3,7,2019,194,13,28,34784.0,36159.0,40971.0,38835.74
2019-07-13 12:00:00,,12,5,3,7,2019,194,13,28,37040.0,37993.0,43358.0,41595.465
2019-07-13 13:00:00,,13,5,3,7,2019,194,13,28,38782.0,39320.0,45116.0,42020.754
2019-07-13 14:00:00,,14,5,3,7,2019,194,13,28,40343.0,40154.0,46197.0,43290.496
2019-07-13 15:00:00,,15,5,3,7,2019,194,13,28,41810.0,40754.0,46879.0,43666.082
2019-07-13 16:00:00,,16,5,3,7,2019,194,13,28,43166.0,41370.0,46901.0,43968.11
2019-07-13 17:00:00,,17,5,3,7,2019,194,13,28,44380.0,41933.0,45734.0,44387.863
2019-07-13 18:00:00,,18,5,3,7,2019,194,13,28,44984.0,42029.0,44392.0,44485.992
2019-07-13 19:00:00,,19,5,3,7,2019,194,13,28,44606.0,41452.0,42616.0,43887.414
2019-07-13 20:00:00,,20,5,3,7,2019,194,13,28,43030.0,39883.0,40808.0,42231.246
2019-07-13 21:00:00,,21,5,3,7,2019,194,13,28,41351.0,38299.0,39778.0,40717.402
2019-07-13 22:00:00,,22,5,3,7,2019,194,13,28,40018.0,37241.0,38695.0,40129.594
2019-07-13 23:00:00,,23,5,3,7,2019,194,13,28,37423.0,34814.0,36240.0,37938.71
2019-07-14 00:00:00,,0,6,3,7,2019,195,14,28,34543.0,31935.0,33516.0,32760.645
2019-07-14 01:00:00,,1,6,3,7,2019,195,14,28,31822.0,29330.0,30934.0,30559.008
2019-07-14 02:00:00,,2,6,3,7,2019,195,14,28,29820.0,27381.0,29084.0,28936.838
2019-07-14 03:00:00,,3,6,3,7,2019,195,14,28,28409.0,25911.0,27754.0,27970.17
2019-07-14 04:00:00,,4,6,3,7,2019,195,14,28,27472.0,24892.0,26811.0,27227.197
2019-07-14 05:00:00,,5,6,3,7,2019,195,14,28,26832.0,24303.0,26326.0,26803.139
2019-07-14 06:00:00,,6,6,3,7,2019,195,14,28,26712.0,24007.0,26120.0,26576.387
2019-07-14 07:00:00,,7,6,3,7,2019,195,14,28,26749.0,24061.0,26019.0,26903.977
2019-07-14 08:00:00,,8,6,3,7,2019,195,14,28,27771.0,25711.0,27671.0,28161.037
2019-07-14 09:00:00,,9,6,3,7,2019,195,14,28,29624.0,28247.0,30540.0,30345.496
2019-07-14 10:00:00,,10,6,3,7,2019,195,14,28,31808.0,30865.0,33751.0,32456.637
2019-07-14 11:00:00,,11,6,3,7,2019,195,14,28,33782.0,33185.0,36793.0,35739.785
2019-07-14 12:00:00,,12,6,3,7,2019,195,14,28,34840.0,35272.0,39403.0,37563.723
2019-07-14 13:00:00,,13,6,3,7,2019,195,14,28,35304.0,37025.0,41580.0,40199.543
2019-07-14 14:00:00,,14,6,3,7,2019,195,14,28,36039.0,38485.0,43259.0,41817.734
2019-07-14 15:00:00,,15,6,3,7,2019,195,14,28,36899.0,39801.0,44542.0,43387.918
2019-07-14 16:00:00,,16,6,3,7,2019,195,14,28,38385.0,41153.0,45687.0,43729.527
2019-07-14 17:00:00,,17,6,3,7,2019,195,14,28,40418.0,42335.0,46761.0,44656.13
2019-07-14 18:00:00,,18,6,3,7,2019,195,14,28,42005.0,43194.0,47460.0,44118.99
2019-07-14 19:00:00,,19,6,3,7,2019,195,14,28,42348.0,43070.0,47152.0,44432.23
2019-07-14 20:00:00,,20,6,3,7,2019,195,14,28,41550.0,41896.0,45639.0,44279.453
2019-07-14 21:00:00,,21,6,3,7,2019,195,14,28,40646.0,40498.0,44026.0,43436.383
2019-07-14 22:00:00,,22,6,3,7,2019,195,14,28,39819.0,39376.0,42767.0,41245.332
2019-07-14 23:00:00,,23,6,3,7,2019,195,14,28,37301.0,36648.0,39734.0,38982.758
2019-07-15 00:00:00,,0,0,3,7,2019,196,15,29,34259.0,33569.0,36299.0,34121.82
2019-07-15 01:00:00,,1,0,3,7,2019,196,15,29,31711.0,30975.0,33423.0,31563.344
2019-07-15 02:00:00,,2,0,3,7,2019,196,15,29,29945.0,29004.0,31422.0,30296.62
2019-07-15 03:00:00,,3,0,3,7,2019,196,15,29,28772.0,27788.0,30205.0,29141.998
2019-07-15 04:00:00,,4,0,3,7,2019,196,15,29,28250.0,27238.0,29534.0,28740.713
2019-07-15 05:00:00,,5,0,3,7,2019,196,15,29,28477.0,27445.0,29688.0,28810.19
2019-07-15 06:00:00,,6,0,3,7,2019,196,15,29,29784.0,28809.0,30934.0,30382.96
2019-07-15 07:00:00,,7,0,3,7,2019,196,15,29,31949.0,30732.0,33094.0,32079.96
2019-07-15 08:00:00,,8,0,3,7,2019,196,15,29,35160.0,33750.0,36565.0,35878.18
2019-07-15 09:00:00,,9,0,3,7,2019,196,15,29,38139.0,36548.0,39928.0,38698.594
2019-07-15 10:00:00,,10,0,3,7,2019,196,15,29,41134.0,39246.0,43177.0,41794.72
2019-07-15 11:00:00,,11,0,3,7,2019,196,15,29,44199.0,42022.0,46354.0,44377.17
2019-07-15 12:00:00,,12,0,3,7,2019,196,15,29,46981.0,44293.0,49095.0,46173.68
2019-07-15 13:00:00,,13,0,3,7,2019,196,15,29,49438.0,45954.0,51056.0,47726.734
2019-07-15 14:00:00,,14,0,3,7,2019,196,15,29,51410.0,47160.0,52487.0,48609.992
2019-07-15 15:00:00,,15,0,3,7,2019,196,15,29,52742.0,47825.0,52974.0,48740.43
2019-07-15 16:00:00,,16,0,3,7,2019,196,15,29,53408.0,48078.0,52134.0,49478.434
2019-07-15 17:00:00,,17,0,3,7,2019,196,15,29,53764.0,47918.0,49410.0,49040.93
2019-07-15 18:00:00,,18,0,3,7,2019,196,15,29,53352.0,47118.0,47275.0,49040.93
2019-07-15 19:00:00,,19,0,3,7,2019,196,15,29,52226.0,45716.0,45881.0,48332.637
2019-07-15 20:00:00,,20,0,3,7,2019,196,15,29,50618.0,44083.0,44472.0,47886.27
2019-07-15 21:00:00,,21,0,3,7,2019,196,15,29,49063.0,42747.0,43334.0,46856.715
2019-07-15 22:00:00,,22,0,3,7,2019,196,15,29,47205.0,41253.0,42114.0,44204.207
2019-07-15 23:00:00,,23,0,3,7,2019,196,15,29,43544.0,37998.0,38885.0,40644.016
2019-07-16 00:00:00,,0,1,3,7,2019,197,16,29,39928.0,34727.0,35506.0,35894.465
2019-07-16 01:00:00,,1,1,3,7,2019,197,16,29,36824.0,32014.0,32657.0,32899.367
2019-07-16 02:00:00,,2,1,3,7,2019,197,16,29,34665.0,29985.0,30783.0,31299.697
2019-07-16 03:00:00,,3,1,3,7,2019,197,16,29,33185.0,28750.0,29519.0,30324.697
2019-07-16 04:00:00,,4,1,3,7,2019,197,16,29,32284.0,28074.0,28720.0,29861.898
2019-07-16 05:00:00,,5,1,3,7,2019,197,16,29,32257.0,28256.0,28747.0,29388.738
2019-07-16 06:00:00,,6,1,3,7,2019,197,16,29,33401.0,29579.0,29908.0,30855.385
2019-07-16 07:00:00,,7,1,3,7,2019,197,16,29,35386.0,31748.0,31738.0,33000.375
2019-07-16 08:00:00,,8,1,3,7,2019,197,16,29,38360.0,34515.0,34663.0,36075.08
2019-07-16 09:00:00,,9,1,3,7,2019,197,16,29,40896.0,36898.0,37145.0,38821.62
2019-07-16 10:00:00,,10,1,3,7,2019,197,16,29,43309.0,39095.0,39211.0,40288.375
2019-07-16 11:00:00,,11,1,3,7,2019,197,16,29,45887.0,41606.0,41012.0,43820.242
2019-07-16 12:00:00,,12,1,3,7,2019,197,16,29,48061.0,44195.0,42669.0,46566.395
2019-07-16 13:00:00,,13,1,3,7,2019,197,16,29,49586.0,46344.0,43947.0,47538.66
2019-07-16 14:00:00,,14,1,3,7,2019,197,16,29,50490.0,48239.0,45152.0,48001.234
2019-07-16 15:00:00,,15,1,3,7,2019,197,16,29,49579.0,49673.0,46014.0,47932.188
2019-07-16 16:00:00,,16,1,3,7,2019,197,16,29,46917.0,50301.0,46497.0,47283.36
2019-07-16 17:00:00,,17,1,3,7,2019,197,16,29,45172.0,50717.0,46881.0,46928.887
2019-07-16 18:00:00,,18,1,3,7,2019,197,16,29,44681.0,50662.0,46971.0,46928.887
2019-07-16 19:00:00,,19,1,3,7,2019,197,16,29,43702.0,49825.0,46053.0,46371.426
2019-07-16 20:00:00,,20,1,3,7,2019,197,16,29,42426.0,48116.0,44136.0,46183.72
2019-07-16 21:00:00,,21,1,3,7,2019,197,16,29,41467.0,46528.0,42600.0,44817.96
2019-07-16 22:00:00,,22,1,3,7,2019,197,16,29,40267.0,44909.0,41151.0,43679.543
2019-07-16 23:00:00,,23,1,3,7,2019,197,16,29,37211.0,41354.0,37793.0,39910.547
2019-07-17 00:00:00,,0,2,3,7,2019,198,17,29,34033.0,37631.0,34152.0,34565.805
2019-07-17 01:00:00,,1,2,3,7,2019,198,17,29,31421.0,34638.0,30999.0,31997.729
2019-07-17 02:00:00,,2,2,3,7,2019,198,17,29,29604.0,32489.0,28979.0,30360.25
2019-07-17 03:00:00,,3,2,3,7,2019,198,17,29,28289.0,30946.0,27584.0,29244.008
2019-07-17 04:00:00,,4,2,3,7,2019,198,17,29,27404.0,30112.0,26810.0,28720.215
2019-07-17 05:00:00,,5,2,3,7,2019,198,17,29,27307.0,30064.0,26759.0,28720.215
2019-07-17 06:00:00,,6,2,3,7,2019,198,17,29,28141.0,31249.0,27801.0,29649.95
2019-07-17 07:00:00,,7,2,3,7,2019,198,17,29,29821.0,33355.0,29686.0,31842.104
2019-07-17 08:00:00,,8,2,3,7,2019,198,17,29,32274.0,36379.0,32317.0,34602.188
2019-07-17 09:00:00,,9,2,3,7,2019,198,17,29,34136.0,39355.0,34570.0,36709.066
2019-07-17 10:00:00,,10,2,3,7,2019,198,17,29,35766.0,42211.0,36502.0,39479.594
2019-07-17 11:00:00,,11,2,3,7,2019,198,17,29,37339.0,44955.0,38357.0,42052.758
2019-07-17 12:00:00,,12,2,3,7,2019,198,17,29,38927.0,47277.0,39885.0,43327.41
2019-07-17 13:00:00,,13,2,3,7,2019,198,17,29,40359.0,49203.0,41238.0,45011.062
2019-07-17 14:00:00,,14,2,3,7,2019,198,17,29,41680.0,51046.0,42663.0,46349.086
2019-07-17 15:00:00,,15,2,3,7,2019,198,17,29,42771.0,52313.0,43834.0,46492.645
2019-07-17 16:00:00,,16,2,3,7,2019,198,17,29,43742.0,53072.0,44829.0,46863.22
2019-07-17 17:00:00,,17,2,3,7,2019,198,17,29,44607.0,53598.0,45679.0,47397.69
2019-07-17 18:00:00,,18,2,3,7,2019,198,17,29,45057.0,53887.0,46040.0,47397.69
2019-07-17 19:00:00,,19,2,3,7,2019,198,17,29,44294.0,53198.0,45058.0,47053.113
2019-07-17 20:00:00,,20,2,3,7,2019,198,17,29,42401.0,51440.0,43165.0,46471.707
2019-07-17 21:00:00,,21,2,3,7,2019,198,17,29,40363.0,49781.0,41497.0,45372.996
2019-07-17 22:00:00,,22,2,3,7,2019,198,17,29,38647.0,47960.0,40078.0,43337.53
2019-07-17 23:00:00,,23,2,3,7,2019,198,17,29,35276.0,44161.0,36829.0,40560.617
2019-07-18 00:00:00,,0,3,3,7,2019,199,18,29,31896.0,40440.0,33267.0,34459.773
2019-07-18 01:00:00,,1,3,3,7,2019,199,18,29,29092.0,37185.0,30359.0,32065.635
2019-07-18 02:00:00,,2,3,3,7,2019,199,18,29,27128.0,34856.0,28348.0,30637.225
2019-07-18 03:00:00,,3,3,3,7,2019,199,18,29,25875.0,33332.0,27103.0,29374.965
2019-07-18 04:00:00,,4,3,3,7,2019,199,18,29,25119.0,32296.0,26419.0,28549.465
2019-07-18 05:00:00,,5,3,3,7,2019,199,18,29,25063.0,32131.0,26512.0,28549.465
2019-07-18 06:00:00,,6,3,3,7,2019,199,18,29,26089.0,33171.0,27714.0,29822.887
2019-07-18 07:00:00,,7,3,3,7,2019,199,18,29,27824.0,35125.0,29598.0,31804.719
2019-07-18 08:00:00,,8,3,3,7,2019,199,18,29,30110.0,38215.0,32647.0,34318.46
2019-07-18 09:00:00,,9,3,3,7,2019,199,18,29,31871.0,41238.0,35385.0,36228.26
2019-07-18 10:00:00,,10,3,3,7,2019,199,18,29,33321.0,44316.0,37905.0,39975.113
2019-07-18 11:00:00,,11,3,3,7,2019,199,18,29,34909.0,47524.0,40298.0,42167.055
2019-07-18 12:00:00,,12,3,3,7,2019,199,18,29,36419.0,50292.0,42432.0,43808.926
2019-07-18 13:00:00,,13,3,3,7,2019,199,18,29,37768.0,52237.0,44269.0,45390.996
2019-07-18 14:00:00,,14,3,3,7,2019,199,18,29,39359.0,53645.0,45918.0,46291.59
2019-07-18 15:00:00,,15,3,3,7,2019,199,18,29,40755.0,54365.0,47263.0,46843.414
2019-07-18 16:00:00,,16,3,3,7,2019,199,18,29,42256.0,54924.0,48219.0,46928.797
2019-07-18 17:00:00,,17,3,3,7,2019,199,18,29,43598.0,55218.0,49078.0,46941.848
2019-07-18 18:00:00,,18,3,3,7,2019,199,18,29,44317.0,54991.0,49356.0,47118.69
2019-07-18 19:00:00,,19,3,3,7,2019,199,18,29,43602.0,54126.0,48541.0,46941.848
2019-07-18 20:00:00,,20,3,3,7,2019,199,18,29,41774.0,52357.0,46522.0,46835.598
2019-07-18 21:00:00,,21,3,3,7,2019,199,18,29,39779.0,50505.0,44859.0,46027.65
2019-07-18 22:00:00,,22,3,3,7,2019,199,18,29,38082.0,47970.0,43257.0,44416.453
2019-07-18 23:00:00,,23,3,3,7,2019,199,18,29,34983.0,44033.0,39819.0,41585.18
2019-07-19 00:00:00,,0,4,3,7,2019,200,19,29,31740.0,40415.0,36445.0,35998.54
2019-07-19 01:00:00,,1,4,3,7,2019,200,19,29,29098.0,37383.0,33408.0,33304.37
2019-07-19 02:00:00,,2,4,3,7,2019,200,19,29,27369.0,35056.0,31207.0,31428.342
2019-07-19 03:00:00,,3,4,3,7,2019,200,19,29,26175.0,33550.0,29800.0,30243.582
2019-07-19 04:00:00,,4,4,3,7,2019,200,19,29,25451.0,32576.0,28954.0,29517.531
2019-07-19 05:00:00,,5,4,3,7,2019,200,19,29,25507.0,32336.0,28954.0,29667.26
2019-07-19 06:00:00,,6,4,3,7,2019,200,19,29,26442.0,33268.0,30102.0,30477.0
2019-07-19 07:00:00,,7,4,3,7,2019,200,19,29,28164.0,35049.0,31938.0,32448.195
2019-07-19 08:00:00,,8,4,3,7,2019,200,19,29,30736.0,37975.0,34767.0,34937.52
2019-07-19 09:00:00,,9,4,3,7,2019,200,19,29,33148.0,40719.0,37634.0,38415.863
2019-07-19 10:00:00,,10,4,3,7,2019,200,19,29,35273.0,43387.0,40491.0,40901.168
2019-07-19 11:00:00,,11,4,3,7,2019,200,19,29,37203.0,46114.0,43366.0,43974.12
2019-07-19 12:00:00,,12,4,3,7,2019,200,19,29,38779.0,48341.0,45974.0,45053.215
2019-07-19 13:00:00,,13,4,3,7,2019,200,19,29,39996.0,50116.0,48322.0,46182.45
2019-07-19 14:00:00,,14,4,3,7,2019,200,19,29,41134.0,51197.0,50246.0,46589.1
2019-07-19 15:00:00,,15,4,3,7,2019,200,19,29,42019.0,51916.0,51761.0,46891.36
2019-07-19 16:00:00,,16,4,3,7,2019,200,19,29,42758.0,52510.0,52728.0,47563.676
2019-07-19 17:00:00,,17,4,3,7,2019,200,19,29,43320.0,52921.0,53307.0,47576.727
2019-07-19 18:00:00,,18,4,3,7,2019,200,19,29,43254.0,53170.0,53349.0,47576.727
2019-07-19 19:00:00,,19,4,3,7,2019,200,19,29,41754.0,52169.0,52406.0,47586.355
2019-07-19 20:00:00,,20,4,3,7,2019,200,19,29,39593.0,50287.0,50655.0,46393.992
2019-07-19 21:00:00,,21,4,3,7,2019,200,19,29,37810.0,48912.0,48772.0,45546.223
2019-07-19 22:00:00,,22,4,3,7,2019,200,19,29,36564.0,47257.0,47348.0,44617.617
2019-07-19 23:00:00,,23,4,3,7,2019,200,19,29,34018.0,44143.0,44138.0,42928.734
2019-07-20 00:00:00,,0,5,3,7,2019,201,20,29,31204.0,40916.0,40572.0,36397.473
2019-07-20 01:00:00,,1,5,3,7,2019,201,20,29,28751.0,37904.0,37439.0,35213.348
2019-07-20 02:00:00,,2,5,3,7,2019,201,20,29,26963.0,35559.0,34956.0,32981.92
2019-07-20 03:00:00,,3,5,3,7,2019,201,20,29,25831.0,33875.0,33081.0,31450.15
2019-07-20 04:00:00,,4,5,3,7,2019,201,20,29,25041.0,32634.0,31736.0,30172.771
2019-07-20 05:00:00,,5,5,3,7,2019,201,20,29,24745.0,31868.0,30958.0,30057.205
2019-07-20 06:00:00,,6,5,3,7,2019,201,20,29,24910.0,31639.0,30791.0,29742.281
2019-07-20 07:00:00,,7,5,3,7,2019,201,20,29,25327.0,31760.0,31066.0,30252.34
2019-07-20 08:00:00,,8,5,3,7,2019,201,20,29,26759.0,33607.0,33616.0,32447.158
2019-07-20 09:00:00,,9,5,3,7,2019,201,20,29,28749.0,36590.0,37475.0,35202.52
2019-07-20 10:00:00,,10,5,3,7,2019,201,20,29,30453.0,39640.0,41375.0,36783.027
2019-07-20 11:00:00,,11,5,3,7,2019,201,20,29,31587.0,42407.0,44652.0,38912.977
2019-07-20 12:00:00,,12,5,3,7,2019,201,20,29,32231.0,44653.0,47050.0,41161.07
2019-07-20 13:00:00,,13,5,3,7,2019,201,20,29,32417.0,46364.0,48760.0,43337.81
2019-07-20 14:00:00,,14,5,3,7,2019,201,20,29,32255.0,47538.0,49996.0,42098.75
2019-07-20 15:00:00,,15,5,3,7,2019,201,20,29,31885.0,47819.0,51040.0,41446.25
2019-07-20 16:00:00,,16,5,3,7,2019,201,20,29,31466.0,47188.0,51764.0,41513.223
2019-07-20 17:00:00,,17,5,3,7,2019,201,20,29,31259.0,46672.0,52031.0,41535.902
2019-07-20 18:00:00,,18,5,3,7,2019,201,20,29,31147.0,45716.0,51276.0,41535.902
2019-07-20 19:00:00,,19,5,3,7,2019,201,20,29,30843.0,43887.0,49918.0,41350.355
2019-07-20 20:00:00,,20,5,3,7,2019,201,20,29,30498.0,42029.0,47963.0,41051.008
2019-07-20 21:00:00,,21,5,3,7,2019,201,20,29,30608.0,41265.0,46253.0,40276.684
2019-07-20 22:00:00,,22,5,3,7,2019,201,20,29,30115.0,40048.0,44738.0,39049.242
2019-07-20 23:00:00,,23,5,3,7,2019,201,20,29,28870.0,37754.0,41617.0,37788.8
2019-07-21 00:00:00,,0,6,3,7,2019,202,21,29,27413.0,35085.0,38306.0,34346.938
2019-07-21 01:00:00,,1,6,3,7,2019,202,21,29,26051.0,32678.0,35155.0,32161.018
2019-07-21 02:00:00,,2,6,3,7,2019,202,21,29,25053.0,30902.0,32788.0,29884.928
2019-07-21 03:00:00,,3,6,3,7,2019,202,21,29,24463.0,29638.0,30929.0,29216.37
2019-07-21 04:00:00,,4,6,3,7,2019,202,21,29,24053.0,28770.0,29572.0,28614.857
2019-07-21 05:00:00,,5,6,3,7,2019,202,21,29,23872.0,28344.0,28718.0,28185.63
2019-07-21 06:00:00,,6,6,3,7,2019,202,21,29,23972.0,28331.0,28176.0,28257.996
2019-07-21 07:00:00,,7,6,3,7,2019,202,21,29,24019.0,28383.0,27967.0,28185.48
2019-07-21 08:00:00,,8,6,3,7,2019,202,21,29,24967.0,29598.0,29849.0,29193.213
2019-07-21 09:00:00,,9,6,3,7,2019,202,21,29,26719.0,31899.0,33100.0,31463.605
2019-07-21 10:00:00,,10,6,3,7,2019,202,21,29,28581.0,34303.0,36472.0,34669.293
2019-07-21 11:00:00,,11,6,3,7,2019,202,21,29,30291.0,36641.0,39612.0,36198.363
2019-07-21 12:00:00,,12,6,3,7,2019,202,21,29,32147.0,38660.0,42349.0,38700.613
2019-07-21 13:00:00,,13,6,3,7,2019,202,21,29,34052.0,40112.0,44539.0,42662.246
2019-07-21 14:00:00,,14,6,3,7,2019,202,21,29,35498.0,40888.0,46158.0,43431.656
2019-07-21 15:00:00,,15,6,3,7,2019,202,21,29,36544.0,41238.0,47481.0,43696.32
2019-07-21 16:00:00,,16,6,3,7,2019,202,21,29,37274.0,41690.0,48806.0,43784.75
2019-07-21 17:00:00,,17,6,3,7,2019,202,21,29,38288.0,42318.0,49817.0,43459.2
2019-07-21 18:00:00,,18,6,3,7,2019,202,21,29,38878.0,42102.0,50206.0,43164.99
2019-07-21 19:00:00,,19,6,3,7,2019,202,21,29,38254.0,40994.0,49587.0,43095.363
2019-07-21 20:00:00,,20,6,3,7,2019,202,21,29,37374.0,39743.0,48007.0,42972.367
2019-07-21 21:00:00,,21,6,3,7,2019,202,21,29,36995.0,39063.0,46970.0,43219.24
2019-07-21 22:00:00,,22,6,3,7,2019,202,21,29,36331.0,37884.0,45549.0,42355.156
2019-07-21 23:00:00,,23,6,3,7,2019,202,21,29,34405.0,35696.0,42455.0,39233.074
2019-07-22 00:00:00,,0,0,3,7,2019,203,22,30,32150.0,33158.0,39142.0,34075.004
2019-07-22 01:00:00,,1,0,3,7,2019,203,22,30,30384.0,30869.0,36334.0,32602.477
2019-07-22 02:00:00,,2,0,3,7,2019,203,22,30,29139.0,29347.0,34448.0,31377.326
2019-07-22 03:00:00,,3,0,3,7,2019,203,22,30,28460.0,28378.0,33262.0,30538.014
2019-07-22 04:00:00,,4,0,3,7,2019,203,22,30,28259.0,28007.0,32677.0,29991.436
2019-07-22 05:00:00,,5,0,3,7,2019,203,22,30,28839.0,28275.0,32784.0,30322.928
2019-07-22 06:00:00,,6,0,3,7,2019,203,22,30,30603.0,29738.0,33939.0,31513.215
2019-07-22 07:00:00,,7,0,3,7,2019,203,22,30,32794.0,31821.0,35964.0,34398.668
2019-07-22 08:00:00,,8,0,3,7,2019,203,22,30,34989.0,34096.0,38492.0,36536.77
2019-07-22 09:00:00,,9,0,3,7,2019,203,22,30,36661.0,35930.0,41248.0,39531.754
2019-07-22 10:00:00,,10,0,3,7,2019,203,22,30,37947.0,37597.0,44145.0,41558.48
2019-07-22 11:00:00,,11,0,3,7,2019,203,22,30,39593.0,39052.0,47261.0,43086.03
2019-07-22 12:00:00,,12,0,3,7,2019,203,22,30,41007.0,40249.0,50224.0,44414.105
2019-07-22 13:00:00,,13,0,3,7,2019,203,22,30,42086.0,41441.0,52773.0,45972.48
2019-07-22 14:00:00,,14,0,3,7,2019,203,22,30,43182.0,42596.0,54740.0,46679.89
2019-07-22 15:00:00,,15,0,3,7,2019,203,22,30,44334.0,43471.0,55955.0,46836.844
2019-07-22 16:00:00,,16,0,3,7,2019,203,22,30,44848.0,44454.0,56391.0,47520.688
2019-07-22 17:00:00,,17,0,3,7,2019,203,22,30,45096.0,45293.0,55796.0,47686.035
2019-07-22 18:00:00,,18,0,3,7,2019,203,22,30,44891.0,45592.0,54204.0,47760.21
2019-07-22 19:00:00,,19,0,3,7,2019,203,22,30,43791.0,44592.0,52000.0,46724.324
2019-07-22 20:00:00,,20,0,3,7,2019,203,22,30,42433.0,42746.0,49411.0,46043.754
2019-07-22 21:00:00,,21,0,3,7,2019,203,22,30,41745.0,41053.0,47729.0,45322.746
2019-07-22 22:00:00,,22,0,3,7,2019,203,22,30,40395.0,39169.0,45612.0,43586.8
2019-07-22 23:00:00,,23,0,3,7,2019,203,22,30,37727.0,35942.0,42047.0,40298.086
2019-07-23 00:00:00,,0,1,3,7,2019,204,23,30,34904.0,32758.0,38482.0,34949.25
2019-07-23 01:00:00,,1,1,3,7,2019,204,23,30,32568.0,30097.0,35335.0,32303.643
2019-07-23 02:00:00,,2,1,3,7,2019,204,23,30,31053.0,28277.0,33195.0,31110.467
2019-07-23 03:00:00,,3,1,3,7,2019,204,23,30,30071.0,26951.0,31724.0,30011.965
2019-07-23 04:00:00,,4,1,3,7,2019,204,23,30,29625.0,26306.0,30819.0,29566.73
2019-07-23 05:00:00,,5,1,3,7,2019,204,23,30,29871.0,26351.0,30834.0,29747.957
2019-07-23 06:00:00,,6,1,3,7,2019,204,23,30,31344.0,27467.0,31989.0,30434.615
2019-07-23 07:00:00,,7,1,3,7,2019,204,23,30,33578.0,29316.0,34054.0,33100.957
2019-07-23 08:00:00,,8,1,3,7,2019,204,23,30,35887.0,31322.0,36987.0,35132.188
2019-07-23 09:00:00,,9,1,3,7,2019,204,23,30,37691.0,32946.0,39793.0,37777.348
2019-07-23 10:00:00,,10,1,3,7,2019,204,23,30,39246.0,34055.0,42546.0,40085.117
2019-07-23 11:00:00,,11,1,3,7,2019,204,23,30,40831.0,35055.0,45181.0,42367.76
2019-07-23 12:00:00,,12,1,3,7,2019,204,23,30,42108.0,35927.0,47482.0,43331.164
2019-07-23 13:00:00,,13,1,3,7,2019,204,23,30,43027.0,36474.0,49267.0,43702.82
2019-07-23 14:00:00,,14,1,3,7,2019,204,23,30,43988.0,36948.0,50748.0,44154.26
2019-07-23 15:00:00,,15,1,3,7,2019,204,23,30,44433.0,37318.0,51630.0,44626.832
2019-07-23 16:00:00,,16,1,3,7,2019,204,23,30,44776.0,37639.0,52027.0,44874.223
2019-07-23 17:00:00,,17,1,3,7,2019,204,23,30,44989.0,37999.0,52509.0,45597.99
2019-07-23 18:00:00,,18,1,3,7,2019,204,23,30,44709.0,37961.0,52742.0,45597.99
2019-07-23 19:00:00,,19,1,3,7,2019,204,23,30,43757.0,37179.0,52187.0,44961.85
2019-07-23 20:00:00,,20,1,3,7,2019,204,23,30,42440.0,36175.0,50274.0,44069.41
2019-07-23 21:00:00,,21,1,3,7,2019,204,23,30,41834.0,35855.0,48687.0,43862.87
2019-07-23 22:00:00,,22,1,3,7,2019,204,23,30,40559.0,34817.0,46679.0,42586.344
2019-07-23 23:00:00,,23,1,3,7,2019,204,23,30,37900.0,32246.0,42888.0,39247.383
2019-07-24 00:00:00,,0,2,3,7,2019,205,24,30,34974.0,29589.0,39139.0,34134.203
2019-07-24 01:00:00,,1,2,3,7,2019,205,24,30,32647.0,27359.0,35987.0,32365.355
2019-07-24 02:00:00,,2,2,3,7,2019,205,24,30,31093.0,25919.0,33786.0,30429.812
2019-07-24 03:00:00,,3,2,3,7,2019,205,24,30,30064.0,24998.0,32281.0,29952.562
2019-07-24 04:00:00,,4,2,3,7,2019,205,24,30,29434.0,24554.0,31323.0,29338.71
2019-07-24 05:00:00,,5,2,3,7,2019,205,24,30,29518.0,24801.0,31273.0,29375.355
2019-07-24 06:00:00,,6,2,3,7,2019,205,24,30,30800.0,26214.0,32397.0,30258.287
2019-07-24 07:00:00,,7,2,3,7,2019,205,24,30,32811.0,28058.0,34216.0,32510.076
2019-07-24 08:00:00,,8,2,3,7,2019,205,24,30,34745.0,30254.0,36671.0,34745.81
2019-07-24 09:00:00,,9,2,3,7,2019,205,24,30,36320.0,31815.0,39172.0,37049.023
2019-07-24 10:00:00,,10,2,3,7,2019,205,24,30,37783.0,33218.0,41754.0,39353.164
2019-07-24 11:00:00,,11,2,3,7,2019,205,24,30,39039.0,34566.0,44294.0,41399.633
2019-07-24 12:00:00,,12,2,3,7,2019,205,24,30,40271.0,35731.0,46459.0,43088.47
2019-07-24 13:00:00,,13,2,3,7,2019,205,24,30,41169.0,36624.0,48388.0,43620.562
2019-07-24 14:00:00,,14,2,3,7,2019,205,24,30,42225.0,37617.0,50088.0,44169.38
2019-07-24 15:00:00,,15,2,3,7,2019,205,24,30,42993.0,38482.0,51278.0,44910.996
2019-07-24 16:00:00,,16,2,3,7,2019,205,24,30,43279.0,39269.0,52122.0,45588.65
2019-07-24 17:00:00,,17,2,3,7,2019,205,24,30,43216.0,40003.0,52916.0,46169.32
2019-07-24 18:00:00,,18,2,3,7,2019,205,24,30,42707.0,40331.0,53086.0,46161.64
2019-07-24 19:00:00,,19,2,3,7,2019,205,24,30,41387.0,39550.0,52414.0,45471.07
2019-07-24 20:00:00,,20,2,3,7,2019,205,24,30,40182.0,38041.0,50534.0,44384.83
2019-07-24 21:00:00,,21,2,3,7,2019,205,24,30,39434.0,37201.0,48929.0,43778.156
2019-07-24 22:00:00,,22,2,3,7,2019,205,24,30,38033.0,36026.0,47064.0,42522.0
2019-07-24 23:00:00,,23,2,3,7,2019,205,24,30,35368.0,33251.0,43414.0,39431.844
2019-07-25 00:00:00,,0,3,3,7,2019,206,25,30,32551.0,30377.0,39382.0,33339.723
2019-07-25 01:00:00,,1,3,3,7,2019,206,25,30,30293.0,28027.0,36239.0,32049.53
2019-07-25 02:00:00,,2,3,3,7,2019,206,25,30,28810.0,26532.0,33957.0,30388.035
2019-07-25 03:00:00,,3,3,3,7,2019,206,25,30,27796.0,25564.0,32411.0,29000.1
2019-07-25 04:00:00,,4,3,3,7,2019,206,25,30,27402.0,25113.0,31404.0,28443.871
2019-07-25 05:00:00,,5,3,3,7,2019,206,25,30,27625.0,25484.0,31289.0,28580.328
2019-07-25 06:00:00,,6,3,3,7,2019,206,25,30,29005.0,26885.0,32436.0,30119.201
2019-07-25 07:00:00,,7,3,3,7,2019,206,25,30,31020.0,28916.0,34277.0,32198.93
2019-07-25 08:00:00,,8,3,3,7,2019,206,25,30,33358.0,31016.0,37329.0,34314.945
2019-07-25 09:00:00,,9,3,3,7,2019,206,25,30,35105.0,32663.0,40335.0,36981.113
2019-07-25 10:00:00,,10,3,3,7,2019,206,25,30,36666.0,34194.0,43295.0,40211.547
2019-07-25 11:00:00,,11,3,3,7,2019,206,25,30,38660.0,35898.0,46128.0,42062.645
2019-07-25 12:00:00,,12,3,3,7,2019,206,25,30,40547.0,37390.0,48510.0,43493.22
2019-07-25 13:00:00,,13,3,3,7,2019,206,25,30,42325.0,38671.0,50229.0,44387.12
2019-07-25 14:00:00,,14,3,3,7,2019,206,25,30,44214.0,39681.0,51518.0,44962.742
2019-07-25 15:00:00,,15,3,3,7,2019,206,25,30,45954.0,40221.0,51604.0,45940.78
2019-07-25 16:00:00,,16,3,3,7,2019,206,25,30,47369.0,40610.0,50370.0,46448.11
2019-07-25 17:00:00,,17,3,3,7,2019,206,25,30,48525.0,41142.0,48707.0,47034.523
2019-07-25 18:00:00,,18,3,3,7,2019,206,25,30,49029.0,41549.0,46908.0,47355.188
2019-07-25 19:00:00,,19,3,3,7,2019,206,25,30,48261.0,41033.0,44971.0,46994.707
2019-07-25 20:00:00,,20,3,3,7,2019,206,25,30,46337.0,40302.0,43512.0,45509.17
2019-07-25 21:00:00,,21,3,3,7,2019,206,25,30,44542.0,40012.0,43078.0,45166.332
2019-07-25 22:00:00,,22,3,3,7,2019,206,25,30,42638.0,38932.0,41700.0,42560.734
2019-07-25 23:00:00,,23,3,3,7,2019,206,25,30,39276.0,36168.0,38809.0,39902.82
2019-07-26 00:00:00,,0,4,3,7,2019,207,26,30,35742.0,33177.0,35915.0,34556.914
2019-07-26 01:00:00,,1,4,3,7,2019,207,26,30,32798.0,30638.0,33414.0,31773.76
2019-07-26 02:00:00,,2,4,3,7,2019,207,26,30,30772.0,28861.0,31586.0,30693.066
2019-07-26 03:00:00,,3,4,3,7,2019,207,26,30,29279.0,27736.0,30503.0,29512.438
2019-07-26 04:00:00,,4,4,3,7,2019,207,26,30,28422.0,27117.0,29883.0,29160.66
2019-07-26 05:00:00,,5,4,3,7,2019,207,26,30,28437.0,27263.0,29952.0,29226.434
2019-07-26 06:00:00,,6,4,3,7,2019,207,26,30,29535.0,28592.0,31089.0,30311.752
2019-07-26 07:00:00,,7,4,3,7,2019,207,26,30,31386.0,30404.0,32872.0,32181.723
2019-07-26 08:00:00,,8,4,3,7,2019,207,26,30,33962.0,32795.0,34838.0,34323.438
2019-07-26 09:00:00,,9,4,3,7,2019,207,26,30,36528.0,34975.0,36630.0,37551.375
2019-07-26 10:00:00,,10,4,3,7,2019,207,26,30,39094.0,36821.0,38314.0,39249.547
2019-07-26 11:00:00,,11,4,3,7,2019,207,26,30,41832.0,38689.0,40190.0,41604.355
2019-07-26 12:00:00,,12,4,3,7,2019,207,26,30,43895.0,40383.0,41998.0,43370.688
2019-07-26 13:00:00,,13,4,3,7,2019,207,26,30,45475.0,41651.0,43669.0,45630.473
2019-07-26 14:00:00,,14,4,3,7,2019,207,26,30,46850.0,42535.0,45204.0,46733.992
2019-07-26 15:00:00,,15,4,3,7,2019,207,26,30,47401.0,42877.0,46633.0,47040.61
2019-07-26 16:00:00,,16,4,3,7,2019,207,26,30,46988.0,42664.0,47763.0,46989.63
2019-07-26 17:00:00,,17,4,3,7,2019,207,26,30,46864.0,42294.0,48615.0,46931.086
2019-07-26 18:00:00,,18,4,3,7,2019,207,26,30,45572.0,41523.0,48948.0,46231.953
2019-07-26 19:00:00,,19,4,3,7,2019,207,26,30,42950.0,40111.0,47862.0,45321.973
2019-07-26 20:00:00,,20,4,3,7,2019,207,26,30,40883.0,38814.0,45832.0,44690.844
2019-07-26 21:00:00,,21,4,3,7,2019,207,26,30,39275.0,38249.0,44228.0,43925.46
2019-07-26 22:00:00,,22,4,3,7,2019,207,26,30,37618.0,36902.0,42655.0,41785.25
2019-07-26 23:00:00,,23,4,3,7,2019,207,26,30,35038.0,34589.0,39568.0,38164.316
2019-07-27 00:00:00,,0,5,3,7,2019,208,27,30,32468.0,32078.0,36326.0,33988.652
2019-07-27 01:00:00,,1,5,3,7,2019,208,27,30,30085.0,29689.0,33438.0,31258.75
2019-07-27 02:00:00,,2,5,3,7,2019,208,27,30,28324.0,27942.0,31376.0,29683.783
2019-07-27 03:00:00,,3,5,3,7,2019,208,27,30,27069.0,26814.0,29893.0,28724.775
2019-07-27 04:00:00,,4,5,3,7,2019,208,27,30,26276.0,25947.0,28871.0,28007.83
2019-07-27 05:00:00,,5,5,3,7,2019,208,27,30,25964.0,25525.0,28384.0,27840.096
2019-07-27 06:00:00,,6,5,3,7,2019,208,27,30,26178.0,25599.0,28522.0,27872.754
2019-07-27 07:00:00,,7,5,3,7,2019,208,27,30,26570.0,25797.0,28853.0,28150.816
2019-07-27 08:00:00,,8,5,3,7,2019,208,27,30,28155.0,26546.0,30649.0,29379.271
2019-07-27 09:00:00,,9,5,3,7,2019,208,27,30,30618.0,28063.0,33455.0,31626.055
2019-07-27 10:00:00,,10,5,3,7,2019,208,27,30,32944.0,29300.0,36498.0,34239.547
2019-07-27 11:00:00,,11,5,3,7,2019,208,27,30,34997.0,30228.0,39480.0,35839.383
2019-07-27 12:00:00,,12,5,3,7,2019,208,27,30,37024.0,30586.0,41885.0,38306.336
2019-07-27 13:00:00,,13,5,3,7,2019,208,27,30,38708.0,30703.0,43403.0,38407.504
2019-07-27 14:00:00,,14,5,3,7,2019,208,27,30,40057.0,30795.0,43732.0,38615.633
2019-07-27 15:00:00,,15,5,3,7,2019,208,27,30,41303.0,30680.0,43139.0,38773.715
2019-07-27 16:00:00,,16,5,3,7,2019,208,27,30,42088.0,30730.0,42216.0,38663.348
2019-07-27 17:00:00,,17,5,3,7,2019,208,27,30,42632.0,30931.0,41560.0,38579.855
2019-07-27 18:00:00,,18,5,3,7,2019,208,27,30,42835.0,31395.0,40505.0,38338.695
2019-07-27 19:00:00,,19,5,3,7,2019,208,27,30,42174.0,31238.0,39371.0,38204.36
2019-07-27 20:00:00,,20,5,3,7,2019,208,27,30,40498.0,30688.0,38464.0,37931.957
2019-07-27 21:00:00,,21,5,3,7,2019,208,27,30,38869.0,30554.0,37955.0,37484.4
2019-07-27 22:00:00,,22,5,3,7,2019,208,27,30,37375.0,30151.0,36847.0,37092.336
2019-07-27 23:00:00,,23,5,3,7,2019,208,27,30,34687.0,28447.0,35221.0,35213.316
2019-07-28 00:00:00,,0,6,3,7,2019,209,28,30,31940.0,26373.0,33008.0,30623.19
2019-07-28 01:00:00,,1,6,3,7,2019,209,28,30,29376.0,24404.0,30733.0,29333.504
2019-07-28 02:00:00,,2,6,3,7,2019,209,28,30,27473.0,23024.0,29229.0,27647.291
2019-07-28 03:00:00,,3,6,3,7,2019,209,28,30,26103.0,22079.0,28171.0,27206.209
2019-07-28 04:00:00,,4,6,3,7,2019,209,28,30,25090.0,21486.0,27537.0,26272.877
2019-07-28 05:00:00,,5,6,3,7,2019,209,28,30,24494.0,21205.0,27253.0,26061.566
2019-07-28 06:00:00,,6,6,3,7,2019,209,28,30,24255.0,21243.0,27406.0,26007.1
2019-07-28 07:00:00,,7,6,3,7,2019,209,28,30,24161.0,21233.0,27563.0,26164.424
2019-07-28 08:00:00,,8,6,3,7,2019,209,28,30,25175.0,22304.0,28948.0,27650.275
2019-07-28 09:00:00,,9,6,3,7,2019,209,28,30,27022.0,24031.0,31475.0,28859.121
2019-07-28 10:00:00,,10,6,3,7,2019,209,28,30,29021.0,25669.0,34067.0,31006.402
2019-07-28 11:00:00,,11,6,3,7,2019,209,28,30,30917.0,27070.0,36433.0,32894.305
2019-07-28 12:00:00,,12,6,3,7,2019,209,28,30,32581.0,28260.0,38467.0,35481.992
2019-07-28 13:00:00,,13,6,3,7,2019,209,28,30,34226.0,29413.0,40212.0,37192.93
2019-07-28 14:00:00,,14,6,3,7,2019,209,28,30,35770.0,30536.0,41628.0,38246.02
2019-07-28 15:00:00,,15,6,3,7,2019,209,28,30,37250.0,31673.0,42776.0,39749.777
2019-07-28 16:00:00,,16,6,3,7,2019,209,28,30,38637.0,33074.0,43896.0,40324.73
2019-07-28 17:00:00,,17,6,3,7,2019,209,28,30,39906.0,34653.0,44741.0,42005.13
2019-07-28 18:00:00,,18,6,3,7,2019,209,28,30,40709.0,35799.0,44732.0,42695.69
2019-07-28 19:00:00,,19,6,3,7,2019,209,28,30,40517.0,36017.0,43835.0,42250.66
2019-07-28 20:00:00,,20,6,3,7,2019,209,28,30,39089.0,35024.0,42749.0,41308.72
2019-07-28 21:00:00,,21,6,3,7,2019,209,28,30,37870.0,34162.0,42201.0,40982.766
2019-07-28 22:00:00,,22,6,3,7,2019,209,28,30,36581.0,33160.0,40965.0,39789.062
2019-07-28 23:00:00,,23,6,3,7,2019,209,28,30,33747.0,30724.0,38237.0,36421.934
2019-07-29 00:00:00,,0,0,3,7,2019,210,29,31,30789.0,28047.0,35244.0,31966.377
2019-07-29 01:00:00,,1,0,3,7,2019,210,29,31,28389.0,25836.0,32681.0,29566.016
2019-07-29 02:00:00,,2,0,3,7,2019,210,29,31,26779.0,24456.0,30919.0,28110.707
2019-07-29 03:00:00,,3,0,3,7,2019,210,29,31,25675.0,23519.0,29784.0,27529.45
2019-07-29 04:00:00,,4,0,3,7,2019,210,29,31,25200.0,23152.0,29215.0,27442.988
2019-07-29 05:00:00,,5,0,3,7,2019,210,29,31,25479.0,23445.0,29454.0,27529.45
2019-07-29 06:00:00,,6,0,3,7,2019,210,29,31,26824.0,24743.0,30850.0,28291.725
2019-07-29 07:00:00,,7,0,3,7,2019,210,29,31,28676.0,26488.0,32950.0,30578.402
2019-07-29 08:00:00,,8,0,3,7,2019,210,29,31,31050.0,28768.0,35230.0,32976.69
2019-07-29 09:00:00,,9,0,3,7,2019,210,29,31,33081.0,30907.0,37043.0,34578.266
2019-07-29 10:00:00,,10,0,3,7,2019,210,29,31,34779.0,32784.0,38639.0,36713.36
2019-07-29 11:00:00,,11,0,3,7,2019,210,29,31,36060.0,34889.0,40286.0,38828.715
2019-07-29 12:00:00,,12,0,3,7,2019,210,29,31,36747.0,36830.0,41693.0,41130.04
2019-07-29 13:00:00,,13,0,3,7,2019,210,29,31,37228.0,38778.0,42614.0,42141.285
2019-07-29 14:00:00,,14,0,3,7,2019,210,29,31,37671.0,40690.0,43411.0,43740.938
2019-07-29 15:00:00,,15,0,3,7,2019,210,29,31,37624.0,42458.0,43798.0,44544.156
2019-07-29 16:00:00,,16,0,3,7,2019,210,29,31,37615.0,44008.0,43901.0,45196.28
2019-07-29 17:00:00,,17,0,3,7,2019,210,29,31,37600.0,45352.0,43916.0,45371.258
2019-07-29 18:00:00,,18,0,3,7,2019,210,29,31,37564.0,46229.0,43635.0,45445.434
2019-07-29 19:00:00,,19,0,3,7,2019,210,29,31,36901.0,45742.0,42624.0,45432.312
2019-07-29 20:00:00,,20,0,3,7,2019,210,29,31,36166.0,43992.0,41452.0,43914.87
2019-07-29 21:00:00,,21,0,3,7,2019,210,29,31,35899.0,42381.0,40979.0,43105.664
2019-07-29 22:00:00,,22,0,3,7,2019,210,29,31,34879.0,40379.0,39595.0,40413.207
2019-07-29 23:00:00,,23,0,3,7,2019,210,29,31,32303.0,36841.0,36774.0,37813.7
2019-07-30 00:00:00,,0,1,3,7,2019,211,30,31,29701.0,33342.0,33643.0,32367.523
2019-07-30 01:00:00,,1,1,3,7,2019,211,30,31,27576.0,30396.0,30964.0,30276.262
2019-07-30 02:00:00,,2,1,3,7,2019,211,30,31,26192.0,28443.0,29244.0,28672.805
2019-07-30 03:00:00,,3,1,3,7,2019,211,30,31,25356.0,27128.0,28163.0,28391.434
2019-07-30 04:00:00,,4,1,3,7,2019,211,30,31,25050.0,26409.0,27608.0,27740.55
2019-07-30 05:00:00,,5,1,3,7,2019,211,30,31,25408.0,26422.0,27887.0,28092.617
2019-07-30 06:00:00,,6,1,3,7,2019,211,30,31,26863.0,27612.0,29368.0,28883.814
2019-07-30 07:00:00,,7,1,3,7,2019,211,30,31,28913.0,29387.0,31472.0,31095.0
2019-07-30 08:00:00,,8,1,3,7,2019,211,30,31,31217.0,32051.0,33773.0,33176.117
2019-07-30 09:00:00,,9,1,3,7,2019,211,30,31,33056.0,34561.0,35726.0,35143.57
2019-07-30 10:00:00,,10,1,3,7,2019,211,30,31,34799.0,36985.0,37407.0,37679.89
2019-07-30 11:00:00,,11,1,3,7,2019,211,30,31,36507.0,39631.0,39142.0,39863.824
2019-07-30 12:00:00,,12,1,3,7,2019,211,30,31,37977.0,41981.0,40430.0,42561.156
2019-07-30 13:00:00,,13,1,3,7,2019,211,30,31,39084.0,44064.0,41547.0,44094.035
2019-07-30 14:00:00,,14,1,3,7,2019,211,30,31,39928.0,45906.0,42602.0,45142.777
2019-07-30 15:00:00,,15,1,3,7,2019,211,30,31,40464.0,47353.0,43316.0,46298.125
2019-07-30 16:00:00,,16,1,3,7,2019,211,30,31,41003.0,48361.0,43904.0,46383.508
2019-07-30 17:00:00,,17,1,3,7,2019,211,30,31,41747.0,48967.0,44170.0,46624.69
2019-07-30 18:00:00,,18,1,3,7,2019,211,30,31,42011.0,48833.0,44150.0,46624.69
2019-07-30 19:00:00,,19,1,3,7,2019,211,30,31,41299.0,47297.0,42827.0,46393.066
2019-07-30 20:00:00,,20,1,3,7,2019,211,30,31,40289.0,45090.0,41056.0,45147.344
2019-07-30 21:00:00,,21,1,3,7,2019,211,30,31,39938.0,43843.0,40151.0,44332.117
2019-07-30 22:00:00,,22,1,3,7,2019,211,30,31,38610.0,41850.0,38662.0,41996.875
2019-07-30 23:00:00,,23,1,3,7,2019,211,30,31,35950.0,38473.0,35583.0,38016.004
2019-07-31 00:00:00,,0,2,3,7,2019,212,31,31,33072.0,35126.0,32181.0,32602.404
2019-07-31 01:00:00,,1,2,3,7,2019,212,31,31,30810.0,32263.0,29462.0,30932.762
2019-07-31 02:00:00,,2,2,3,7,2019,212,31,31,29409.0,30266.0,27717.0,29505.662
2019-07-31 03:00:00,,3,2,3,7,2019,212,31,31,28576.0,28966.0,26540.0,28779.754
2019-07-31 04:00:00,,4,2,3,7,2019,212,31,31,28249.0,28243.0,25912.0,28479.195
2019-07-31 05:00:00,,5,2,3,7,2019,212,31,31,28481.0,28337.0,26030.0,28548.676
2019-07-31 06:00:00,,6,2,3,7,2019,212,31,31,30035.0,29635.0,27298.0,29508.248
2019-07-31 07:00:00,,7,2,3,7,2019,212,31,31,32365.0,31598.0,29102.0,31895.729
2019-07-31 08:00:00,,8,2,3,7,2019,212,31,31,34741.0,33971.0,31602.0,34261.598
2019-07-31 09:00:00,,9,2,3,7,2019,212,31,31,36765.0,36247.0,33578.0,36711.35
2019-07-31 10:00:00,,10,2,3,7,2019,212,31,31,38572.0,38670.0,35179.0,38568.125
2019-07-31 11:00:00,,11,2,3,7,2019,212,31,31,40316.0,41348.0,36816.0,40891.992
2019-07-31 12:00:00,,12,2,3,7,2019,212,31,31,42403.0,43857.0,38268.0,43615.164
2019-07-31 13:00:00,,13,2,3,7,2019,212,31,31,43887.0,45452.0,39467.0,44187.34
2019-07-31 14:00:00,,14,2,3,7,2019,212,31,31,45313.0,45786.0,40761.0,46262.39
2019-07-31 15:00:00,,15,2,3,7,2019,212,31,31,46430.0,45071.0,41703.0,46498.5
2019-07-31 16:00:00,,16,2,3,7,2019,212,31,31,47867.0,44083.0,42506.0,46878.113
2019-07-31 17:00:00,,17,2,3,7,2019,212,31,31,48855.0,43376.0,43073.0,47786.875
2019-07-31 18:00:00,,18,2,3,7,2019,212,31,31,49308.0,42308.0,43129.0,47495.13
2019-07-31 19:00:00,,19,2,3,7,2019,212,31,31,48428.0,40873.0,42019.0,46169.555
2019-07-31 20:00:00,,20,2,3,7,2019,212,31,31,46912.0,39352.0,40243.0,43966.043
2019-07-31 21:00:00,,21,2,3,7,2019,212,31,31,45985.0,38699.0,39183.0,43032.066
2019-07-31 22:00:00,,22,2,3,7,2019,212,31,31,44094.0,37346.0,37759.0,41947.93
2019-07-31 23:00:00,,23,2,3,7,2019,212,31,31,40666.0,34555.0,34641.0,38690.316
2019-08-01 00:00:00,,0,3,3,8,2019,213,1,31,37158.0,31646.0,31470.0,32983.418
2019-08-01 01:00:00,,1,3,3,8,2019,213,1,31,34283.0,29189.0,28809.0,31022.26
2019-08-01 02:00:00,,2,3,3,8,2019,213,1,31,32094.0,27584.0,27039.0,29017.299
2019-08-01 03:00:00,,3,3,3,8,2019,213,1,31,30543.0,26544.0,25881.0,28567.047
2019-08-01 04:00:00,,4,3,3,8,2019,213,1,31,29791.0,26012.0,25300.0,28357.238
2019-08-01 05:00:00,,5,3,3,8,2019,213,1,31,29854.0,26187.0,25412.0,28429.383
2019-08-01 06:00:00,,6,3,3,8,2019,213,1,31,31197.0,27504.0,26757.0,29069.604
2019-08-01 07:00:00,,7,3,3,8,2019,213,1,31,33182.0,29412.0,28374.0,31670.01
2019-08-01 08:00:00,,8,3,3,8,2019,213,1,31,35645.0,31836.0,30991.0,33813.984
2019-08-01 09:00:00,,9,3,3,8,2019,213,1,31,37810.0,33967.0,33248.0,36077.38
2019-08-01 10:00:00,,10,3,3,8,2019,213,1,31,39902.0,36162.0,35299.0,38620.305
2019-08-01 11:00:00,,11,3,3,8,2019,213,1,31,42189.0,38510.0,37130.0,40768.574
2019-08-01 12:00:00,,12,3,3,8,2019,213,1,31,43954.0,40807.0,38835.0,42381.977
2019-08-01 13:00:00,,13,3,3,8,2019,213,1,31,45372.0,42869.0,40173.0,44636.566
2019-08-01 14:00:00,,14,3,3,8,2019,213,1,31,46534.0,44890.0,41493.0,46247.414
2019-08-01 15:00:00,,15,3,3,8,2019,213,1,31,47154.0,46462.0,42631.0,47325.17
2019-08-01 16:00:00,,16,3,3,8,2019,213,1,31,46989.0,47318.0,43575.0,47423.676
2019-08-01 17:00:00,,17,3,3,8,2019,213,1,31,46816.0,47490.0,44267.0,47515.004
2019-08-01 18:00:00,,18,3,3,8,2019,213,1,31,46760.0,46436.0,44460.0,47515.004
2019-08-01 19:00:00,,19,3,3,8,2019,213,1,31,45641.0,44429.0,43375.0,46816.97
2019-08-01 20:00:00,,20,3,3,8,2019,213,1,31,44057.0,42256.0,41485.0,45277.5
2019-08-01 21:00:00,,21,3,3,8,2019,213,1,31,43256.0,41210.0,40249.0,43570.098
2019-08-01 22:00:00,,22,3,3,8,2019,213,1,31,41552.0,39525.0,38698.0,41361.57
2019-08-01 23:00:00,,23,3,3,8,2019,213,1,31,38500.0,36490.0,35406.0,38577.11
2019-08-02 00:00:00,,0,4,3,8,2019,214,2,31,35486.0,33539.0,32094.0,32817.39
2019-08-02 01:00:00,,1,4,3,8,2019,214,2,31,,30781.0,29503.0,32502.361
2019-08-02 02:00:00,,2,4,3,8,2019,214,2,31,,29015.0,27712.0,31943.06
2019-08-02 03:00:00,,3,4,3,8,2019,214,2,31,,27884.0,26535.0,31653.932
2019-08-02 04:00:00,,4,4,3,8,2019,214,2,31,,27223.0,25870.0,31586.646
2019-08-02 05:00:00,,5,4,3,8,2019,214,2,31,,27460.0,25961.0,31586.646
2019-08-02 06:00:00,,6,4,3,8,2019,214,2,31,,28680.0,27215.0,32381.523
2019-08-02 07:00:00,,7,4,3,8,2019,214,2,31,,30509.0,28935.0,33786.734
2019-08-02 08:00:00,,8,4,3,8,2019,214,2,31,,32971.0,31324.0,37260.914
2019-08-02 09:00:00,,9,4,3,8,2019,214,2,31,,35507.0,33695.0,39579.24
2019-08-02 10:00:00,,10,4,3,8,2019,214,2,31,,37913.0,35589.0,42128.953
2019-08-02 11:00:00,,11,4,3,8,2019,214,2,31,,40478.0,37384.0,44284.5
2019-08-02 12:00:00,,12,4,3,8,2019,214,2,31,,42909.0,39024.0,45937.62
2019-08-02 13:00:00,,13,4,3,8,2019,214,2,31,,44808.0,40431.0,47706.617
2019-08-02 14:00:00,,14,4,3,8,2019,214,2,31,,46430.0,41687.0,48677.54
2019-08-02 15:00:00,,15,4,3,8,2019,214,2,31,,47263.0,42523.0,48807.977
2019-08-02 16:00:00,,16,4,3,8,2019,214,2,31,,47780.0,42950.0,49335.69
2019-08-02 17:00:00,,17,4,3,8,2019,214,2,31,,48100.0,43121.0,49348.742
2019-08-02 18:00:00,,18,4,3,8,2019,214,2,31,,47819.0,43091.0,49348.742
2019-08-02 19:00:00,,19,4,3,8,2019,214,2,31,,46141.0,42034.0,48906.41
2019-08-02 20:00:00,,20,4,3,8,2019,214,2,31,,43606.0,40513.0,47619.617
2019-08-02 21:00:00,,21,4,3,8,2019,214,2,31,,41863.0,39840.0,46750.387
2019-08-02 22:00:00,,22,4,3,8,2019,214,2,31,,40005.0,38664.0,45288.707
2019-08-02 23:00:00,,23,4,3,8,2019,214,2,31,,37174.0,36125.0,43068.59
2019-08-03 00:00:00,,0,5,3,8,2019,215,3,31,,34310.0,33373.0,36265.023
