,prediction
2018-08-03 01:00:00,29934.256
2018-08-03 02:00:00,28660.596
2018-08-03 03:00:00,28116.69
2018-08-03 04:00:00,27726.979
2018-08-03 05:00:00,27752.912
2018-08-03 06:00:00,28711.2
2018-08-03 07:00:00,30315.342
2018-08-03 08:00:00,32897.457
2018-08-03 09:00:00,34632.05
2018-08-03 10:00:00,36960.344
2018-08-03 11:00:00,40102.87
2018-08-03 12:00:00,41285.387
2018-08-03 13:00:00,43114.33
2018-08-03 14:00:00,44163.39
2018-08-03 15:00:00,45082.516
2018-08-03 16:00:00,46108.78
2018-08-03 17:00:00,46576.09
2018-08-03 18:00:00,46121.832
2018-08-03 19:00:00,44733.79
2018-08-03 20:00:00,42711.973
2018-08-03 21:00:00,42402.277
2018-08-03 22:00:00,40737.113
2018-08-03 23:00:00,37602.887
2018-08-04 00:00:00,32246.598
2018-08-04 01:00:00,30295.146
2018-08-04 02:00:00,28820.79
2018-08-04 03:00:00,28231.238
2018-08-04 04:00:00,27451.285
2018-08-04 05:00:00,27350.04
2018-08-04 06:00:00,27666.475
2018-08-04 07:00:00,28239.951
2018-08-04 08:00:00,29066.82
2018-08-04 09:00:00,31714.195
2018-08-04 10:00:00,33511.906
2018-08-04 11:00:00,36053.42
2018-08-04 12:00:00,37975.74
2018-08-04 13:00:00,39408.863
2018-08-04 14:00:00,40741.547
2018-08-04 15:00:00,41196.75
2018-08-04 16:00:00,41570.91
2018-08-04 17:00:00,41699.734
2018-08-04 18:00:00,41699.734
2018-08-04 19:00:00,41415.99
2018-08-04 20:00:00,39774.535
2018-08-04 21:00:00,38945.367
2018-08-04 22:00:00,36308.652
2018-08-04 23:00:00,34826.62
2018-08-05 00:00:00,31005.805
2018-08-05 01:00:00,28568.709
2018-08-05 02:00:00,27431.367
2018-08-05 03:00:00,26352.465
2018-08-05 04:00:00,25912.203
2018-08-05 05:00:00,25571.227
2018-08-05 06:00:00,25384.197
2018-08-05 07:00:00,25402.764
2018-08-05 08:00:00,26506.91
2018-08-05 09:00:00,28522.357
2018-08-05 10:00:00,30423.814
2018-08-05 11:00:00,32753.895
2018-08-05 12:00:00,34610.332
2018-08-05 13:00:00,36422.51
2018-08-05 14:00:00,38086.355
2018-08-05 15:00:00,38626.777
2018-08-05 16:00:00,39062.53
2018-08-05 17:00:00,40913.766
2018-08-05 18:00:00,41632.332
2018-08-05 19:00:00,41204.35
2018-08-05 20:00:00,39816.105
2018-08-05 21:00:00,39339.195
2018-08-05 22:00:00,36904.996
2018-08-05 23:00:00,35175.47
2018-08-06 00:00:00,30795.424
2018-08-06 01:00:00,28937.947
2018-08-06 02:00:00,27791.08
2018-08-06 03:00:00,27115.775
2018-08-06 04:00:00,26912.232
2018-08-06 05:00:00,27197.76
2018-08-06 06:00:00,28233.598
2018-08-06 07:00:00,30014.291
2018-08-06 08:00:00,32645.8
2018-08-06 09:00:00,33639.004
2018-08-06 10:00:00,35992.254
2018-08-06 11:00:00,38436.332
2018-08-06 12:00:00,39873.004
2018-08-06 13:00:00,40886.688
2018-08-06 14:00:00,41400.453
2018-08-06 15:00:00,41739.855
2018-08-06 16:00:00,41762.793
2018-08-06 17:00:00,41785.473
2018-08-06 18:00:00,41749.64
2018-08-06 19:00:00,40729.74
2018-08-06 20:00:00,40729.74
2018-08-06 21:00:00,40158.766
2018-08-06 22:00:00,38300.094
2018-08-06 23:00:00,35100.12
2018-08-07 00:00:00,31082.955
2018-08-07 01:00:00,28888.389
2018-08-07 02:00:00,27742.904
2018-08-07 03:00:00,27097.459
2018-08-07 04:00:00,26676.217
2018-08-07 05:00:00,27014.725
2018-08-07 06:00:00,28511.11
2018-08-07 07:00:00,30187.525
2018-08-07 08:00:00,32387.07
2018-08-07 09:00:00,33765.926
2018-08-07 10:00:00,35681.367
2018-08-07 11:00:00,38494.844
2018-08-07 12:00:00,40143.723
2018-08-07 13:00:00,41351.992
2018-08-07 14:00:00,43558.316
2018-08-07 15:00:00,43817.13
2018-08-07 16:00:00,44481.562
2018-08-07 17:00:00,45347.953
2018-08-07 18:00:00,45491.02
2018-08-07 19:00:00,44401.656
2018-08-07 20:00:00,43076.918
2018-08-07 21:00:00,42074.613
2018-08-07 22:00:00,40503.02
2018-08-07 23:00:00,36321.55
2018-08-08 00:00:00,32592.574
2018-08-08 01:00:00,30338.09
2018-08-08 02:00:00,28749.043
2018-08-08 03:00:00,27677.418
2018-08-08 04:00:00,27480.406
2018-08-08 05:00:00,27527.465
2018-08-08 06:00:00,28789.309
2018-08-08 07:00:00,31089.098
2018-08-08 08:00:00,33139.285
2018-08-08 09:00:00,34720.83
2018-08-08 10:00:00,37004.695
2018-08-08 11:00:00,39893.78
2018-08-08 12:00:00,41942.902
2018-08-08 13:00:00,42882.816
2018-08-08 14:00:00,43856.484
2018-08-08 15:00:00,44881.363
2018-08-08 16:00:00,45576.535
2018-08-08 17:00:00,46451.19
2018-08-08 18:00:00,46451.19
2018-08-08 19:00:00,45599.215
2018-08-08 20:00:00,43910.9
2018-08-08 21:00:00,43348.69
2018-08-08 22:00:00,41963.98
2018-08-08 23:00:00,38128.973
2018-08-09 00:00:00,32517.22
2018-08-09 01:00:00,31078.312
2018-08-09 02:00:00,29443.977
2018-08-09 03:00:00,28889.479
2018-08-09 04:00:00,28275.385
2018-08-09 05:00:00,28380.236
2018-08-09 06:00:00,29332.508
2018-08-09 07:00:00,31347.154
2018-08-09 08:00:00,32496.033
2018-08-09 09:00:00,34020.46
2018-08-09 10:00:00,37514.594
2018-08-09 11:00:00,40210.707
2018-08-09 12:00:00,42061.75
2018-08-09 13:00:00,43653.72
2018-08-09 14:00:00,44149.53
2018-08-09 15:00:00,44852.55
2018-08-09 16:00:00,45387.74
2018-08-09 17:00:00,45715.598
2018-08-09 18:00:00,45507.145
2018-08-09 19:00:00,45031.56
2018-08-09 20:00:00,43683.445
2018-08-09 21:00:00,43063.99
2018-08-09 22:00:00,41721.508
2018-08-09 23:00:00,37078.977
2018-08-10 00:00:00,32036.932
2018-08-10 01:00:00,30679.266
2018-08-10 02:00:00,29872.707
2018-08-10 03:00:00,28972.133
2018-08-10 04:00:00,28778.896
2018-08-10 05:00:00,28778.896
2018-08-10 06:00:00,29689.434
2018-08-10 07:00:00,30986.854
2018-08-10 08:00:00,32790.133
2018-08-10 09:00:00,34146.383
2018-08-10 10:00:00,37803.867
2018-08-10 11:00:00,40277.72
2018-08-10 12:00:00,42325.035
2018-08-10 13:00:00,43529.844
2018-08-10 14:00:00,44403.137
2018-08-10 15:00:00,45296.344
2018-08-10 16:00:00,46406.637
2018-08-10 17:00:00,46647.82
2018-08-10 18:00:00,46488.008
2018-08-10 19:00:00,45611.63
2018-08-10 20:00:00,44544.023
2018-08-10 21:00:00,43669.727
2018-08-10 22:00:00,41896.83
2018-08-10 23:00:00,39425.65
2018-08-11 00:00:00,32519.8
2018-08-11 01:00:00,31245.4
2018-08-11 02:00:00,29942.361
2018-08-11 03:00:00,29015.307
2018-08-11 04:00:00,28493.484
2018-08-11 05:00:00,28217.715
2018-08-11 06:00:00,28600.08
2018-08-11 07:00:00,29024.514
2018-08-11 08:00:00,30221.783
2018-08-11 09:00:00,31631.21
2018-08-11 10:00:00,33822.047
2018-08-11 11:00:00,38334.08
2018-08-11 12:00:00,41439.016
2018-08-11 13:00:00,42865.64
2018-08-11 14:00:00,43944.42
2018-08-11 15:00:00,45003.156
2018-08-11 16:00:00,45357.953
2018-08-11 17:00:00,45255.773
2018-08-11 18:00:00,45305.484
2018-08-11 19:00:00,45380.633
2018-08-11 20:00:00,44316.438
2018-08-11 21:00:00,43915.215
2018-08-11 22:00:00,42013.66
2018-08-11 23:00:00,39577.88
2018-08-12 00:00:00,33819.527
2018-08-12 01:00:00,31343.27
2018-08-12 02:00:00,30651.678
2018-08-12 03:00:00,29617.588
2018-08-12 04:00:00,28821.033
2018-08-12 05:00:00,28570.104
2018-08-12 06:00:00,28523.576
2018-08-12 07:00:00,28808.396
2018-08-12 08:00:00,29496.26
2018-08-12 09:00:00,31419.982
2018-08-12 10:00:00,33236.695
2018-08-12 11:00:00,37268.79
2018-08-12 12:00:00,41591.168
2018-08-12 13:00:00,43476.99
2018-08-12 14:00:00,44727.08
2018-08-12 15:00:00,45276.32
2018-08-12 16:00:00,45297.57
2018-08-12 17:00:00,43113.84
2018-08-12 18:00:00,43024.14
2018-08-12 19:00:00,43113.84
2018-08-12 20:00:00,45239.27
2018-08-12 21:00:00,44816.938
2018-08-12 22:00:00,41940.797
2018-08-12 23:00:00,39425.555
2018-08-13 00:00:00,34314.39
2018-08-13 01:00:00,31384.125
2018-08-13 02:00:00,29536.6
2018-08-13 03:00:00,29162.469
2018-08-13 04:00:00,28634.309
2018-08-13 05:00:00,28698.035
2018-08-13 06:00:00,29519.148
2018-08-13 07:00:00,31481.496
2018-08-13 08:00:00,33536.402
2018-08-13 09:00:00,36122.035
2018-08-13 10:00:00,39432.434
2018-08-13 11:00:00,42559.74
2018-08-13 12:00:00,43716.14
2018-08-13 13:00:00,44124.57
2018-08-13 14:00:00,44853.92
2018-08-13 15:00:00,45571.293
2018-08-13 16:00:00,45656.676
2018-08-13 17:00:00,45679.355
2018-08-13 18:00:00,45679.355
2018-08-13 19:00:00,45092.42
2018-08-13 20:00:00,44564.75
2018-08-13 21:00:00,44314.43
2018-08-13 22:00:00,43145.707
2018-08-13 23:00:00,40525.89
2018-08-14 00:00:00,34543.547
2018-08-14 01:00:00,32433.42
2018-08-14 02:00:00,30322.895
2018-08-14 03:00:00,29125.11
2018-08-14 04:00:00,28853.223
2018-08-14 05:00:00,28814.062
2018-08-14 06:00:00,30135.27
2018-08-14 07:00:00,32205.078
2018-08-14 08:00:00,34313.15
2018-08-14 09:00:00,37640.14
2018-08-14 10:00:00,39695.69
2018-08-14 11:00:00,42540.668
2018-08-14 12:00:00,43581.793
2018-08-14 13:00:00,44118.62
2018-08-14 14:00:00,44525.816
2018-08-14 15:00:00,44694.04
2018-08-14 16:00:00,45069.742
2018-08-14 17:00:00,45092.42
2018-08-14 18:00:00,44920.6
2018-08-14 19:00:00,44920.6
2018-08-14 20:00:00,44857.57
2018-08-14 21:00:00,44382.12
2018-08-14 22:00:00,42885.664
2018-08-14 23:00:00,40414.453
2018-08-15 00:00:00,35123.125
2018-08-15 01:00:00,32753.527
2018-08-15 02:00:00,31059.857
2018-08-15 03:00:00,29697.092
2018-08-15 04:00:00,29273.246
2018-08-15 05:00:00,29273.246
2018-08-15 06:00:00,30642.97
2018-08-15 07:00:00,33000.973
2018-08-15 08:00:00,35063.28
2018-08-15 09:00:00,38110.277
2018-08-15 10:00:00,40407.7
2018-08-15 11:00:00,42743.484
2018-08-15 12:00:00,44567.695
2018-08-15 13:00:00,44826.625
2018-08-15 14:00:00,44547.0
2018-08-15 15:00:00,45190.04
2018-08-15 16:00:00,45501.027
2018-08-15 17:00:00,45670.094
2018-08-15 18:00:00,45670.094
2018-08-15 19:00:00,45288.473
2018-08-15 20:00:00,44669.53
2018-08-15 21:00:00,44854.297
2018-08-15 22:00:00,43453.82
2018-08-15 23:00:00,39402.188
2018-08-16 00:00:00,34876.84
2018-08-16 01:00:00,31456.291
2018-08-16 02:00:00,30088.156
2018-08-16 03:00:00,29240.137
2018-08-16 04:00:00,28388.648
2018-08-16 05:00:00,28823.41
2018-08-16 06:00:00,30315.168
2018-08-16 07:00:00,32758.734
2018-08-16 08:00:00,34770.906
2018-08-16 09:00:00,36778.23
2018-08-16 10:00:00,39075.523
2018-08-16 11:00:00,41629.973
2018-08-16 12:00:00,43917.645
2018-08-16 13:00:00,44600.152
2018-08-16 14:00:00,44723.844
2018-08-16 15:00:00,45190.04
2018-08-16 16:00:00,45358.543
2018-08-16 17:00:00,45527.61
2018-08-16 18:00:00,45502.562
2018-08-16 19:00:00,45156.21
2018-08-16 20:00:00,44632.246
2018-08-16 21:00:00,44074.293
2018-08-16 22:00:00,42391.043
2018-08-16 23:00:00,39260.93
2018-08-17 00:00:00,34247.445
2018-08-17 01:00:00,31177.236
2018-08-17 02:00:00,30529.023
2018-08-17 03:00:00,29181.344
2018-08-17 04:00:00,28605.832
2018-08-17 05:00:00,28617.164
2018-08-17 06:00:00,29845.0
2018-08-17 07:00:00,32031.3
2018-08-17 08:00:00,33986.633
2018-08-17 09:00:00,37075.195
2018-08-17 10:00:00,38816.113
2018-08-17 11:00:00,41019.082
2018-08-17 12:00:00,42875.03
2018-08-17 13:00:00,43343.01
2018-08-17 14:00:00,44808.49
2018-08-17 15:00:00,45301.17
2018-08-17 16:00:00,45796.484
2018-08-17 17:00:00,45824.305
2018-08-17 18:00:00,45602.652
2018-08-17 19:00:00,45056.43
2018-08-17 20:00:00,44116.504
2018-08-17 21:00:00,42928.0
2018-08-17 22:00:00,40458.348
2018-08-17 23:00:00,37159.85
2018-08-18 00:00:00,32233.959
2018-08-18 01:00:00,29867.64
2018-08-18 02:00:00,28382.398
2018-08-18 03:00:00,27792.344
2018-08-18 04:00:00,27104.172
2018-08-18 05:00:00,26779.871
2018-08-18 06:00:00,26783.818
2018-08-18 07:00:00,27326.166
2018-08-18 08:00:00,28788.91
2018-08-18 09:00:00,31190.445
2018-08-18 10:00:00,33762.324
2018-08-18 11:00:00,35622.316
2018-08-18 12:00:00,38079.137
2018-08-18 13:00:00,39916.812
2018-08-18 14:00:00,40736.465
2018-08-18 15:00:00,41222.85
2018-08-18 16:00:00,41015.066
2018-08-18 17:00:00,40902.348
2018-08-18 18:00:00,41261.94
2018-08-18 19:00:00,40990.492
2018-08-18 20:00:00,40510.38
2018-08-18 21:00:00,39983.508
2018-08-18 22:00:00,37689.523
2018-08-18 23:00:00,34925.28
2018-08-19 00:00:00,31446.752
2018-08-19 01:00:00,29046.727
2018-08-19 02:00:00,27434.957
2018-08-19 03:00:00,26840.809
2018-08-19 04:00:00,26077.246
2018-08-19 05:00:00,25601.215
2018-08-19 06:00:00,25770.686
2018-08-19 07:00:00,25848.447
2018-08-19 08:00:00,27064.945
2018-08-19 09:00:00,28666.73
2018-08-19 10:00:00,31431.488
2018-08-19 11:00:00,32799.613
2018-08-19 12:00:00,35667.105
2018-08-19 13:00:00,37419.883
2018-08-19 14:00:00,38528.92
2018-08-19 15:00:00,39534.19
2018-08-19 16:00:00,39867.293
2018-08-19 17:00:00,40919.49
2018-08-19 18:00:00,40575.14
2018-08-19 19:00:00,40280.668
2018-08-19 20:00:00,38951.695
2018-08-19 21:00:00,39004.91
2018-08-19 22:00:00,37261.344
2018-08-19 23:00:00,34559.805
2018-08-20 00:00:00,30337.02
2018-08-20 01:00:00,28383.455
2018-08-20 02:00:00,27292.525
2018-08-20 03:00:00,26666.576
2018-08-20 04:00:00,25990.451
2018-08-20 05:00:00,26504.326
2018-08-20 06:00:00,27569.445
2018-08-20 07:00:00,29285.959
2018-08-20 08:00:00,31824.152
2018-08-20 09:00:00,33392.844
2018-08-20 10:00:00,35954.918
2018-08-20 11:00:00,38354.176
2018-08-20 12:00:00,40183.18
2018-08-20 13:00:00,41322.383
2018-08-20 14:00:00,43522.51
2018-08-20 15:00:00,43871.402
2018-08-20 16:00:00,44128.484
2018-08-20 17:00:00,44399.94
2018-08-20 18:00:00,44555.957
2018-08-20 19:00:00,43915.004
2018-08-20 20:00:00,42425.566
2018-08-20 21:00:00,41695.395
2018-08-20 22:00:00,40181.496
2018-08-20 23:00:00,36656.684
2018-08-21 00:00:00,31699.79
2018-08-21 01:00:00,29119.945
2018-08-21 02:00:00,28201.916
2018-08-21 03:00:00,27597.209
2018-08-21 04:00:00,26953.76
2018-08-21 05:00:00,27160.615
2018-08-21 06:00:00,28273.121
2018-08-21 07:00:00,30652.523
2018-08-21 08:00:00,33035.168
2018-08-21 09:00:00,34288.94
2018-08-21 10:00:00,36168.605
2018-08-21 11:00:00,38515.25
2018-08-21 12:00:00,40341.73
2018-08-21 13:00:00,41007.88
2018-08-21 14:00:00,42636.125
2018-08-21 15:00:00,44057.344
2018-08-21 16:00:00,44654.605
2018-08-21 17:00:00,45642.652
2018-08-21 18:00:00,45109.65
2018-08-21 19:00:00,44797.22
2018-08-21 20:00:00,43109.746
2018-08-21 21:00:00,42572.195
2018-08-21 22:00:00,39422.223
2018-08-21 23:00:00,36217.26
2018-08-22 00:00:00,31275.873
2018-08-22 01:00:00,29900.414
2018-08-22 02:00:00,28289.018
2018-08-22 03:00:00,27307.264
2018-08-22 04:00:00,27112.162
2018-08-22 05:00:00,27112.162
2018-08-22 06:00:00,27675.352
2018-08-22 07:00:00,30589.168
2018-08-22 08:00:00,32047.014
2018-08-22 09:00:00,33484.258
2018-08-22 10:00:00,35307.1
2018-08-22 11:00:00,37415.184
2018-08-22 12:00:00,39272.46
2018-08-22 13:00:00,40321.812
2018-08-22 14:00:00,41672.145
2018-08-22 15:00:00,42158.7
2018-08-22 16:00:00,42623.027
2018-08-22 17:00:00,42992.266
2018-08-22 18:00:00,42878.7
2018-08-22 19:00:00,42683.645
2018-08-22 20:00:00,41249.73
2018-08-22 21:00:00,40503.523
2018-08-22 22:00:00,37723.625
2018-08-22 23:00:00,35129.562
2018-08-23 00:00:00,29940.629
2018-08-23 01:00:00,27907.87
2018-08-23 02:00:00,26850.014
2018-08-23 03:00:00,25929.06
2018-08-23 04:00:00,25591.357
2018-08-23 05:00:00,25654.525
2018-08-23 06:00:00,26947.293
2018-08-23 07:00:00,28692.65
2018-08-23 08:00:00,30850.094
2018-08-23 09:00:00,32340.604
2018-08-23 10:00:00,34247.53
2018-08-23 11:00:00,36306.01
2018-08-23 12:00:00,38346.62
2018-08-23 13:00:00,39480.516
2018-08-23 14:00:00,41060.8
2018-08-23 15:00:00,41680.55
2018-08-23 16:00:00,41765.934
2018-08-23 17:00:00,42110.586
2018-08-23 18:00:00,42110.586
2018-08-23 19:00:00,41616.61
2018-08-23 20:00:00,40750.82
2018-08-23 21:00:00,40102.168
2018-08-23 22:00:00,37749.348
2018-08-23 23:00:00,33771.95
2018-08-24 00:00:00,30632.293
2018-08-24 01:00:00,28536.023
2018-08-24 02:00:00,26727.352
2018-08-24 03:00:00,26448.98
2018-08-24 04:00:00,25889.387
2018-08-24 05:00:00,26058.492
2018-08-24 06:00:00,27085.438
2018-08-24 07:00:00,29638.002
2018-08-24 08:00:00,31530.252
2018-08-24 09:00:00,32493.637
2018-08-24 10:00:00,33537.324
2018-08-24 11:00:00,37282.965
2018-08-24 12:00:00,39189.168
2018-08-24 13:00:00,40314.418
2018-08-24 14:00:00,41234.71
2018-08-24 15:00:00,41886.16
2018-08-24 16:00:00,42107.46
2018-08-24 17:00:00,42489.734
2018-08-24 18:00:00,42467.938
2018-08-24 19:00:00,41639.973
2018-08-24 20:00:00,40646.105
2018-08-24 21:00:00,40074.387
2018-08-24 22:00:00,37081.33
2018-08-24 23:00:00,33793.41
2018-08-25 00:00:00,30717.236
2018-08-25 01:00:00,28640.172
2018-08-25 02:00:00,26703.418
2018-08-25 03:00:00,26160.023
2018-08-25 04:00:00,25298.219
2018-08-25 05:00:00,25132.652
2018-08-25 06:00:00,25174.959
2018-08-25 07:00:00,25929.682
2018-08-25 08:00:00,26913.637
2018-08-25 09:00:00,28665.695
2018-08-25 10:00:00,31383.79
2018-08-25 11:00:00,32719.184
2018-08-25 12:00:00,35215.03
2018-08-25 13:00:00,36440.5
2018-08-25 14:00:00,38057.81
2018-08-25 15:00:00,38841.105
2018-08-25 16:00:00,40537.105
2018-08-25 17:00:00,40935.133
2018-08-25 18:00:00,40935.133
2018-08-25 19:00:00,40298.984
2018-08-25 20:00:00,37738.746
2018-08-25 21:00:00,37593.008
2018-08-25 22:00:00,35384.098
2018-08-25 23:00:00,33489.836
2018-08-26 00:00:00,29905.186
2018-08-26 01:00:00,27923.662
2018-08-26 02:00:00,26519.824
2018-08-26 03:00:00,25706.379
2018-08-26 04:00:00,25221.773
2018-08-26 05:00:00,24896.934
2018-08-26 06:00:00,24900.88
2018-08-26 07:00:00,25104.896
2018-08-26 08:00:00,25832.863
2018-08-26 09:00:00,27688.334
2018-08-26 10:00:00,30155.174
2018-08-26 11:00:00,32479.008
2018-08-26 12:00:00,35082.28
2018-08-26 13:00:00,37023.96
2018-08-26 14:00:00,37899.2
2018-08-26 15:00:00,39316.074
2018-08-26 16:00:00,39535.344
2018-08-26 17:00:00,39973.934
2018-08-26 18:00:00,39973.934
2018-08-26 19:00:00,39558.023
2018-08-26 20:00:00,39068.062
2018-08-26 21:00:00,38678.84
2018-08-26 22:00:00,37025.016
2018-08-26 23:00:00,35932.695
2018-08-27 00:00:00,31240.047
2018-08-27 01:00:00,28766.229
2018-08-27 02:00:00,27593.285
2018-08-27 03:00:00,27170.65
2018-08-27 04:00:00,26661.908
2018-08-27 05:00:00,27177.88
2018-08-27 06:00:00,28011.05
2018-08-27 07:00:00,30566.12
2018-08-27 08:00:00,32794.953
2018-08-27 09:00:00,34579.15
2018-08-27 10:00:00,35755.676
2018-08-27 11:00:00,37879.32
2018-08-27 12:00:00,39609.56
2018-08-27 13:00:00,42029.945
2018-08-27 14:00:00,43025.434
2018-08-27 15:00:00,43161.82
2018-08-27 16:00:00,43740.1
2018-08-27 17:00:00,43929.246
2018-08-27 18:00:00,43929.246
2018-08-27 19:00:00,43073.715
2018-08-27 20:00:00,42645.977
2018-08-27 21:00:00,42503.18
2018-08-27 22:00:00,38494.145
2018-08-27 23:00:00,36304.49
2018-08-28 00:00:00,32426.492
2018-08-28 01:00:00,29705.934
2018-08-28 02:00:00,27806.762
2018-08-28 03:00:00,27222.295
2018-08-28 04:00:00,27006.322
2018-08-28 05:00:00,27040.037
2018-08-28 06:00:00,28126.512
2018-08-28 07:00:00,30066.885
2018-08-28 08:00:00,32435.219
2018-08-28 09:00:00,34174.875
2018-08-28 10:00:00,35466.82
2018-08-28 11:00:00,36896.3
2018-08-28 12:00:00,39299.016
2018-08-28 13:00:00,39819.82
2018-08-28 14:00:00,40844.613
2018-08-28 15:00:00,40351.13
2018-08-28 16:00:00,40418.1
2018-08-28 17:00:00,40518.37
2018-08-28 18:00:00,40518.37
2018-08-28 19:00:00,40440.78
2018-08-28 20:00:00,40265.617
2018-08-28 21:00:00,39831.156
2018-08-28 22:00:00,37910.805
2018-08-28 23:00:00,36260.02
2018-08-29 00:00:00,32079.545
2018-08-29 01:00:00,28853.818
2018-08-29 02:00:00,27561.465
2018-08-29 03:00:00,27184.88
2018-08-29 04:00:00,26710.186
2018-08-29 05:00:00,27056.494
2018-08-29 06:00:00,27874.246
2018-08-29 07:00:00,30239.88
2018-08-29 08:00:00,32724.25
2018-08-29 09:00:00,34584.47
2018-08-29 10:00:00,35829.2
2018-08-29 11:00:00,37510.547
2018-08-29 12:00:00,38938.92
2018-08-29 13:00:00,39917.098
2018-08-29 14:00:00,42482.97
2018-08-29 15:00:00,43064.87
2018-08-29 16:00:00,43989.934
2018-08-29 17:00:00,44405.633
2018-08-29 18:00:00,44308.684
2018-08-29 19:00:00,43838.074
2018-08-29 20:00:00,43549.19
2018-08-29 21:00:00,43267.035
2018-08-29 22:00:00,40358.703
2018-08-29 23:00:00,36357.965
2018-08-30 00:00:00,32558.516
2018-08-30 01:00:00,29730.654
2018-08-30 02:00:00,28046.473
2018-08-30 03:00:00,27535.496
2018-08-30 04:00:00,27500.037
2018-08-30 05:00:00,27513.861
2018-08-30 06:00:00,28414.133
2018-08-30 07:00:00,31328.88
2018-08-30 08:00:00,32940.297
2018-08-30 09:00:00,34600.6
2018-08-30 10:00:00,35672.984
2018-08-30 11:00:00,39074.363
2018-08-30 12:00:00,41241.797
2018-08-30 13:00:00,41940.42
2018-08-30 14:00:00,42828.227
2018-08-30 15:00:00,43275.598
2018-08-30 16:00:00,43708.09
2018-08-30 17:00:00,43730.77
2018-08-30 18:00:00,43730.77
2018-08-30 19:00:00,43072.676
2018-08-30 20:00:00,42365.18
2018-08-30 21:00:00,41897.52
2018-08-30 22:00:00,39605.7
2018-08-30 23:00:00,35738.617
2018-08-31 00:00:00,31583.56
2018-08-31 01:00:00,29239.086
2018-08-31 02:00:00,27423.37
2018-08-31 03:00:00,26374.943
2018-08-31 04:00:00,26152.885
2018-08-31 05:00:00,26097.111
2018-08-31 06:00:00,27142.848
2018-08-31 07:00:00,29593.072
2018-08-31 08:00:00,31252.762
2018-08-31 09:00:00,32538.682
2018-08-31 10:00:00,33409.727
2018-08-31 11:00:00,35690.797
2018-08-31 12:00:00,36886.71
2018-08-31 13:00:00,37716.055
2018-08-31 14:00:00,38297.06
2018-08-31 15:00:00,38544.34
2018-08-31 16:00:00,38595.18
2018-08-31 17:00:00,38822.836
2018-08-31 18:00:00,38617.86
2018-08-31 19:00:00,38051.273
2018-08-31 20:00:00,37435.24
2018-08-31 21:00:00,36780.36
2018-08-31 22:00:00,35410.6
2018-08-31 23:00:00,32902.766
2018-09-01 00:00:00,29235.904
2018-09-01 01:00:00,26928.6
2018-09-01 02:00:00,25994.832
2018-09-01 03:00:00,25336.45
2018-09-01 04:00:00,24641.398
2018-09-01 05:00:00,24533.348
2018-09-01 06:00:00,24595.049
2018-09-01 07:00:00,25143.295
2018-09-01 08:00:00,26122.953
2018-09-01 09:00:00,27671.354
2018-09-01 10:00:00,29079.26
2018-09-01 11:00:00,30799.543
2018-09-01 12:00:00,32230.887
2018-09-01 13:00:00,32809.93
2018-09-01 14:00:00,33218.82
2018-09-01 15:00:00,33336.547
2018-09-01 16:00:00,33567.836
2018-09-01 17:00:00,33852.254
2018-09-01 18:00:00,34365.543
2018-09-01 19:00:00,33592.223
2018-09-01 20:00:00,33502.82
2018-09-01 21:00:00,33529.516
2018-09-01 22:00:00,31932.812
2018-09-01 23:00:00,30209.193
2018-09-02 00:00:00,26996.494
2018-09-02 01:00:00,25354.553
2018-09-02 02:00:00,24328.742
2018-09-02 03:00:00,23848.344
2018-09-02 04:00:00,23554.664
2018-09-02 05:00:00,23147.809
2018-09-02 06:00:00,23190.111
2018-09-02 07:00:00,23478.006
2018-09-02 08:00:00,24302.637
2018-09-02 09:00:00,25724.12
2018-09-02 10:00:00,27728.299
2018-09-02 11:00:00,28791.387
2018-09-02 12:00:00,30021.445
2018-09-02 13:00:00,31438.418
2018-09-02 14:00:00,32446.6
2018-09-02 15:00:00,33095.477
2018-09-02 16:00:00,33899.723
2018-09-02 17:00:00,34499.273
2018-09-02 18:00:00,35309.836
2018-09-02 19:00:00,34397.176
2018-09-02 20:00:00,33901.797
2018-09-02 21:00:00,33652.07
2018-09-02 22:00:00,31867.543
2018-09-02 23:00:00,30049.78
2018-09-03 00:00:00,27351.586
2018-09-03 01:00:00,25275.574
2018-09-03 02:00:00,24275.186
2018-09-03 03:00:00,23924.404
2018-09-03 04:00:00,23630.725
2018-09-03 05:00:00,23630.725
2018-09-03 06:00:00,23934.25
2018-09-03 07:00:00,24513.6
2018-09-03 08:00:00,25220.516
2018-09-03 09:00:00,26469.736
2018-09-03 10:00:00,28628.29
2018-09-03 11:00:00,30542.318
2018-09-03 12:00:00,32662.764
2018-09-03 13:00:00,33939.68
2018-09-03 14:00:00,34711.195
2018-09-03 15:00:00,35470.33
2018-09-03 16:00:00,37008.65
2018-09-03 17:00:00,39542.88
2018-09-03 18:00:00,39975.004
2018-09-03 19:00:00,39664.207
2018-09-03 20:00:00,39269.527
2018-09-03 21:00:00,39248.2
2018-09-03 22:00:00,36178.742
2018-09-03 23:00:00,34374.06
2018-09-04 00:00:00,29659.076
2018-09-04 01:00:00,27716.633
2018-09-04 02:00:00,26506.846
2018-09-04 03:00:00,25460.197
2018-09-04 04:00:00,25262.076
2018-09-04 05:00:00,25388.314
2018-09-04 06:00:00,27393.465
2018-09-04 07:00:00,29901.076
2018-09-04 08:00:00,31730.504
2018-09-04 09:00:00,33694.684
2018-09-04 10:00:00,35660.582
2018-09-04 11:00:00,38720.22
2018-09-04 12:00:00,41471.2
2018-09-04 13:00:00,42600.0
2018-09-04 14:00:00,43713.605
2018-09-04 15:00:00,44509.68
2018-09-04 16:00:00,45181.996
2018-09-04 17:00:00,44825.184
2018-09-04 18:00:00,45306.875
2018-09-04 19:00:00,44683.145
2018-09-04 20:00:00,44254.832
2018-09-04 21:00:00,43528.09
2018-09-04 22:00:00,40938.562
2018-09-04 23:00:00,36520.527
2018-09-05 00:00:00,32486.186
2018-09-05 01:00:00,29775.334
2018-09-05 02:00:00,28252.252
2018-09-05 03:00:00,27547.826
2018-09-05 04:00:00,27412.795
2018-09-05 05:00:00,27459.572
2018-09-05 06:00:00,28462.922
2018-09-05 07:00:00,31988.947
2018-09-05 08:00:00,33750.74
2018-09-05 09:00:00,34491.684
2018-09-05 10:00:00,37131.152
2018-09-05 11:00:00,39374.543
2018-09-05 12:00:00,40808.48
2018-09-05 13:00:00,41428.848
2018-09-05 14:00:00,42197.715
2018-09-05 15:00:00,41637.973
2018-09-05 16:00:00,40962.945
2018-09-05 17:00:00,41063.215
2018-09-05 18:00:00,40638.156
2018-09-05 19:00:00,40388.746
2018-09-05 20:00:00,40325.715
2018-09-05 21:00:00,39779.12
2018-09-05 22:00:00,38159.965
2018-09-05 23:00:00,36751.63
2018-09-06 00:00:00,33018.62
2018-09-06 01:00:00,30181.639
2018-09-06 02:00:00,28363.857
2018-09-06 03:00:00,27916.893
2018-09-06 04:00:00,27325.842
2018-09-06 05:00:00,27325.842
2018-09-06 06:00:00,28715.402
2018-09-06 07:00:00,32301.12
2018-09-06 08:00:00,33907.07
2018-09-06 09:00:00,35059.6
2018-09-06 10:00:00,36314.504
2018-09-06 11:00:00,37284.97
2018-09-06 12:00:00,38572.137
2018-09-06 13:00:00,39258.016
2018-09-06 14:00:00,39679.39
2018-09-06 15:00:00,39635.992
2018-09-06 16:00:00,39542.438
2018-09-06 17:00:00,39565.117
2018-09-06 18:00:00,39565.117
2018-09-06 19:00:00,39811.5
2018-09-06 20:00:00,39459.74
2018-09-06 21:00:00,39242.277
2018-09-06 22:00:00,37971.066
2018-09-06 23:00:00,34633.16
2018-09-07 00:00:00,30571.855
2018-09-07 01:00:00,29635.748
2018-09-07 02:00:00,28080.377
2018-09-07 03:00:00,27783.508
2018-09-07 04:00:00,27251.281
2018-09-07 05:00:00,27251.281
2018-09-07 06:00:00,28170.857
2018-09-07 07:00:00,30894.68
2018-09-07 08:00:00,32051.914
2018-09-07 09:00:00,32827.66
2018-09-07 10:00:00,34742.26
2018-09-07 11:00:00,37109.516
2018-09-07 12:00:00,38167.82
2018-09-07 13:00:00,38754.906
2018-09-07 14:00:00,39436.45
2018-09-07 15:00:00,39597.973
2018-09-07 16:00:00,39418.562
2018-09-07 17:00:00,39589.895
2018-09-07 18:00:00,39589.895
2018-09-07 19:00:00,39687.625
2018-09-07 20:00:00,39353.215
2018-09-07 21:00:00,38803.656
2018-09-07 22:00:00,36828.17
2018-09-07 23:00:00,32972.777
2018-09-08 00:00:00,30310.389
2018-09-08 01:00:00,28711.229
2018-09-08 02:00:00,27680.586
2018-09-08 03:00:00,26724.863
2018-09-08 04:00:00,26104.906
2018-09-08 05:00:00,25781.61
2018-09-08 06:00:00,26069.236
2018-09-08 07:00:00,26401.635
2018-09-08 08:00:00,27619.383
2018-09-08 09:00:00,30058.389
2018-09-08 10:00:00,31095.54
2018-09-08 11:00:00,32015.918
2018-09-08 12:00:00,33216.8
2018-09-08 13:00:00,33660.67
2018-09-08 14:00:00,35262.293
2018-09-08 15:00:00,34978.094
2018-09-08 16:00:00,35045.066
2018-09-08 17:00:00,35067.746
2018-09-08 18:00:00,35067.746
2018-09-08 19:00:00,33951.176
2018-09-08 20:00:00,34546.727
2018-09-08 21:00:00,34359.18
2018-09-08 22:00:00,32582.367
2018-09-08 23:00:00,31910.918
2018-09-09 00:00:00,29137.615
2018-09-09 01:00:00,28650.63
2018-09-09 02:00:00,27584.078
2018-09-09 03:00:00,26221.496
2018-09-09 04:00:00,25731.941
2018-09-09 05:00:00,25491.773
2018-09-09 06:00:00,25510.209
2018-09-09 07:00:00,25914.818
2018-09-09 08:00:00,26747.11
2018-09-09 09:00:00,28391.09
2018-09-09 10:00:00,29311.523
2018-09-09 11:00:00,30486.3
2018-09-09 12:00:00,31989.523
2018-09-09 13:00:00,32270.996
2018-09-09 14:00:00,32527.025
2018-09-09 15:00:00,32652.223
2018-09-09 16:00:00,32593.625
2018-09-09 17:00:00,32718.46
2018-09-09 18:00:00,32920.445
2018-09-09 19:00:00,33022.094
2018-09-09 20:00:00,33257.246
2018-09-09 21:00:00,33187.125
2018-09-09 22:00:00,31786.117
2018-09-09 23:00:00,29015.662
2018-09-10 00:00:00,25913.12
2018-09-10 01:00:00,24119.115
2018-09-10 02:00:00,23087.676
2018-09-10 03:00:00,22869.67
2018-09-10 04:00:00,22635.377
2018-09-10 05:00:00,22828.25
2018-09-10 06:00:00,23847.904
2018-09-10 07:00:00,27057.432
2018-09-10 08:00:00,27988.84
2018-09-10 09:00:00,29042.244
2018-09-10 10:00:00,29649.35
2018-09-10 11:00:00,30689.043
2018-09-10 12:00:00,31248.38
2018-09-10 13:00:00,31849.088
2018-09-10 14:00:00,32822.35
2018-09-10 15:00:00,33138.9
2018-09-10 16:00:00,33465.26
2018-09-10 17:00:00,33800.336
2018-09-10 18:00:00,33916.66
2018-09-10 19:00:00,33743.906
2018-09-10 20:00:00,33649.15
2018-09-10 21:00:00,33173.07
2018-09-10 22:00:00,31409.973
2018-09-10 23:00:00,28454.535
2018-09-11 00:00:00,26464.623
2018-09-11 01:00:00,24587.902
2018-09-11 02:00:00,23304.242
2018-09-11 03:00:00,22959.434
2018-09-11 04:00:00,22648.992
2018-09-11 05:00:00,23053.332
2018-09-11 06:00:00,24457.346
2018-09-11 07:00:00,27300.193
2018-09-11 08:00:00,28592.324
2018-09-11 09:00:00,29535.201
2018-09-11 10:00:00,30454.375
2018-09-11 11:00:00,31703.883
2018-09-11 12:00:00,32661.33
2018-09-11 13:00:00,33307.805
2018-09-11 14:00:00,33890.78
2018-09-11 15:00:00,35222.062
2018-09-11 16:00:00,36667.7
2018-09-11 17:00:00,37984.316
2018-09-11 18:00:00,37984.316
2018-09-11 19:00:00,36977.42
2018-09-11 20:00:00,36979.91
2018-09-11 21:00:00,36309.906
2018-09-11 22:00:00,33221.71
2018-09-11 23:00:00,30782.36
2018-09-12 00:00:00,27028.746
2018-09-12 01:00:00,25712.46
2018-09-12 02:00:00,24586.074
2018-09-12 03:00:00,23688.799
2018-09-12 04:00:00,23351.266
2018-09-12 05:00:00,23692.277
2018-09-12 06:00:00,25403.787
2018-09-12 07:00:00,28039.004
2018-09-12 08:00:00,29585.744
2018-09-12 09:00:00,31079.898
2018-09-12 10:00:00,32095.113
2018-09-12 11:00:00,32958.57
2018-09-12 12:00:00,33889.715
2018-09-12 13:00:00,36393.53
2018-09-12 14:00:00,38043.18
2018-09-12 15:00:00,39015.57
2018-09-12 16:00:00,39572.023
2018-09-12 17:00:00,40126.582
2018-09-12 18:00:00,40591.645
2018-09-12 19:00:00,39770.305
2018-09-12 20:00:00,39591.69
2018-09-12 21:00:00,38300.348
2018-09-12 22:00:00,35070.92
2018-09-12 23:00:00,32358.037
2018-09-13 00:00:00,28851.61
2018-09-13 01:00:00,26851.523
2018-09-13 02:00:00,25522.203
2018-09-13 03:00:00,24664.453
2018-09-13 04:00:00,23983.617
2018-09-13 05:00:00,24472.664
2018-09-13 06:00:00,26148.674
2018-09-13 07:00:00,28518.54
2018-09-13 08:00:00,30085.383
2018-09-13 09:00:00,31356.166
2018-09-13 10:00:00,32347.47
2018-09-13 11:00:00,32990.77
2018-09-13 12:00:00,34219.34
2018-09-13 13:00:00,35549.543
2018-09-13 14:00:00,36921.375
2018-09-13 15:00:00,37233.51
2018-09-13 16:00:00,38173.496
2018-09-13 17:00:00,38920.54
2018-09-13 18:00:00,38888.703
2018-09-13 19:00:00,37169.41
2018-09-13 20:00:00,37172.996
2018-09-13 21:00:00,36849.64
2018-09-13 22:00:00,33933.742
2018-09-13 23:00:00,30939.322
2018-09-14 00:00:00,27832.549
2018-09-14 01:00:00,25856.5
2018-09-14 02:00:00,24297.992
2018-09-14 03:00:00,23977.871
2018-09-14 04:00:00,23580.262
2018-09-14 05:00:00,23795.621
2018-09-14 06:00:00,25258.62
2018-09-14 07:00:00,27873.05
2018-09-14 08:00:00,29228.508
2018-09-14 09:00:00,30670.299
2018-09-14 10:00:00,31818.889
2018-09-14 11:00:00,32856.184
2018-09-14 12:00:00,34686.36
2018-09-14 13:00:00,35411.83
2018-09-14 14:00:00,36574.297
2018-09-14 15:00:00,37251.69
2018-09-14 16:00:00,38550.863
2018-09-14 17:00:00,38906.816
2018-09-14 18:00:00,38265.176
2018-09-14 19:00:00,36802.24
2018-09-14 20:00:00,36203.004
2018-09-14 21:00:00,35674.03
2018-09-14 22:00:00,33123.34
2018-09-14 23:00:00,30838.479
2018-09-15 00:00:00,27480.848
2018-09-15 01:00:00,25973.924
2018-09-15 02:00:00,24305.266
2018-09-15 03:00:00,23821.598
2018-09-15 04:00:00,23025.52
2018-09-15 05:00:00,22850.043
2018-09-15 06:00:00,23499.729
2018-09-15 07:00:00,24258.506
2018-09-15 08:00:00,25422.172
2018-09-15 09:00:00,26892.81
2018-09-15 10:00:00,28620.617
2018-09-15 11:00:00,30401.035
2018-09-15 12:00:00,31961.03
2018-09-15 13:00:00,32924.605
2018-09-15 14:00:00,33642.23
2018-09-15 15:00:00,35083.176
2018-09-15 16:00:00,35244.395
2018-09-15 17:00:00,36145.3
2018-09-15 18:00:00,35980.348
2018-09-15 19:00:00,35473.12
2018-09-15 20:00:00,35364.887
2018-09-15 21:00:00,34350.547
2018-09-15 22:00:00,32500.018
2018-09-15 23:00:00,30899.965
2018-09-16 00:00:00,28053.465
2018-09-16 01:00:00,26557.945
2018-09-16 02:00:00,25453.678
2018-09-16 03:00:00,24192.979
2018-09-16 04:00:00,23663.053
2018-09-16 05:00:00,23491.768
2018-09-16 06:00:00,23791.355
2018-09-16 07:00:00,24379.246
2018-09-16 08:00:00,25061.432
2018-09-16 09:00:00,26864.207
2018-09-16 10:00:00,28043.463
2018-09-16 11:00:00,29672.387
2018-09-16 12:00:00,31056.166
2018-09-16 13:00:00,32277.576
2018-09-16 14:00:00,33296.832
2018-09-16 15:00:00,34059.99
2018-09-16 16:00:00,34469.59
2018-09-16 17:00:00,35111.77
2018-09-16 18:00:00,35307.746
2018-09-16 19:00:00,34809.184
2018-09-16 20:00:00,35153.098
2018-09-16 21:00:00,34384.805
2018-09-16 22:00:00,33313.15
2018-09-16 23:00:00,30662.676
2018-09-17 00:00:00,27881.162
2018-09-17 01:00:00,26175.676
2018-09-17 02:00:00,25166.793
2018-09-17 03:00:00,24354.121
2018-09-17 04:00:00,24213.158
2018-09-17 05:00:00,24784.79
2018-09-17 06:00:00,26619.36
2018-09-17 07:00:00,29181.338
2018-09-17 08:00:00,30972.756
2018-09-17 09:00:00,32476.814
2018-09-17 10:00:00,32989.953
2018-09-17 11:00:00,33414.96
2018-09-17 12:00:00,33691.605
2018-09-17 13:00:00,33972.758
2018-09-17 14:00:00,34147.285
2018-09-17 15:00:00,34195.125
2018-09-17 16:00:00,34280.508
2018-09-17 17:00:00,34657.44
2018-09-17 18:00:00,34679.246
2018-09-17 19:00:00,34657.44
2018-09-17 20:00:00,35015.375
2018-09-17 21:00:00,34302.465
2018-09-17 22:00:00,32989.66
2018-09-17 23:00:00,29767.549
2018-09-18 00:00:00,27364.262
2018-09-18 01:00:00,25439.072
2018-09-18 02:00:00,24318.758
2018-09-18 03:00:00,23728.633
2018-09-18 04:00:00,23464.59
2018-09-18 05:00:00,23941.59
2018-09-18 06:00:00,25734.438
2018-09-18 07:00:00,28443.209
2018-09-18 08:00:00,30458.398
2018-09-18 09:00:00,31416.79
2018-09-18 10:00:00,32209.348
2018-09-18 11:00:00,32930.727
2018-09-18 12:00:00,33700.375
2018-09-18 13:00:00,33980.836
2018-09-18 14:00:00,34798.492
2018-09-18 15:00:00,34991.215
2018-09-18 16:00:00,35057.13
2018-09-18 17:00:00,35561.977
2018-09-18 18:00:00,35668.9
2018-09-18 19:00:00,34963.375
2018-09-18 20:00:00,35263.426
2018-09-18 21:00:00,35127.695
2018-09-18 22:00:00,33730.94
2018-09-18 23:00:00,30458.498
2018-09-19 00:00:00,27632.795
2018-09-19 01:00:00,26080.693
2018-09-19 02:00:00,24554.895
2018-09-19 03:00:00,23876.07
2018-09-19 04:00:00,23656.547
2018-09-19 05:00:00,23963.11
2018-09-19 06:00:00,25688.64
2018-09-19 07:00:00,28325.63
2018-09-19 08:00:00,29446.89
2018-09-19 09:00:00,31171.58
2018-09-19 10:00:00,32114.223
2018-09-19 11:00:00,33084.65
2018-09-19 12:00:00,33580.027
2018-09-19 13:00:00,34280.996
2018-09-19 14:00:00,35202.832
2018-09-19 15:00:00,36161.43
2018-09-19 16:00:00,37281.11
2018-09-19 17:00:00,37619.68
2018-09-19 18:00:00,37619.68
2018-09-19 19:00:00,36671.652
2018-09-19 20:00:00,36760.652
2018-09-19 21:00:00,35388.37
2018-09-19 22:00:00,33343.04
2018-09-19 23:00:00,31343.309
2018-09-20 00:00:00,27808.156
2018-09-20 01:00:00,25819.709
2018-09-20 02:00:00,24125.64
2018-09-20 03:00:00,23593.422
2018-09-20 04:00:00,23204.248
2018-09-20 05:00:00,23545.766
2018-09-20 06:00:00,25241.113
2018-09-20 07:00:00,27747.127
2018-09-20 08:00:00,29234.465
2018-09-20 09:00:00,30286.064
2018-09-20 10:00:00,31813.824
2018-09-20 11:00:00,32931.605
2018-09-20 12:00:00,33956.086
2018-09-20 13:00:00,34688.152
2018-09-20 14:00:00,35947.68
2018-09-20 15:00:00,36589.773
2018-09-20 16:00:00,37522.168
2018-09-20 17:00:00,37752.53
2018-09-20 18:00:00,37752.53
2018-09-20 19:00:00,36697.836
2018-09-20 20:00:00,36914.527
2018-09-20 21:00:00,35651.363
2018-09-20 22:00:00,33787.04
2018-09-20 23:00:00,31289.254
2018-09-21 00:00:00,27666.941
2018-09-21 01:00:00,25948.03
2018-09-21 02:00:00,24388.799
2018-09-21 03:00:00,23793.578
2018-09-21 04:00:00,23417.5
2018-09-21 05:00:00,23511.676
2018-09-21 06:00:00,25168.129
2018-09-21 07:00:00,27797.205
2018-09-21 08:00:00,29372.68
2018-09-21 09:00:00,30103.95
2018-09-21 10:00:00,31647.57
2018-09-21 11:00:00,32530.123
2018-09-21 12:00:00,33472.547
2018-09-21 13:00:00,34077.31
2018-09-21 14:00:00,35004.965
2018-09-21 15:00:00,35373.445
2018-09-21 16:00:00,35773.457
2018-09-21 17:00:00,35728.777
2018-09-21 18:00:00,35616.797
2018-09-21 19:00:00,35100.047
2018-09-21 20:00:00,34960.184
2018-09-21 21:00:00,34362.266
2018-09-21 22:00:00,33218.562
2018-09-21 23:00:00,30234.287
2018-09-22 00:00:00,27377.496
2018-09-22 01:00:00,25634.78
2018-09-22 02:00:00,24346.416
2018-09-22 03:00:00,23141.05
2018-09-22 04:00:00,22875.074
2018-09-22 05:00:00,22686.52
2018-09-22 06:00:00,22949.998
2018-09-22 07:00:00,23773.092
2018-09-22 08:00:00,24931.86
2018-09-22 09:00:00,26222.795
2018-09-22 10:00:00,27584.266
2018-09-22 11:00:00,28696.283
2018-09-22 12:00:00,29425.652
2018-09-22 13:00:00,30855.258
2018-09-22 14:00:00,31149.75
2018-09-22 15:00:00,31435.541
2018-09-22 16:00:00,31518.34
2018-09-22 17:00:00,31528.594
2018-09-22 18:00:00,31576.598
2018-09-22 19:00:00,31744.957
2018-09-22 20:00:00,32028.91
2018-09-22 21:00:00,31500.281
2018-09-22 22:00:00,30226.004
2018-09-22 23:00:00,27966.523
2018-09-23 00:00:00,25652.139
2018-09-23 01:00:00,23732.22
2018-09-23 02:00:00,22895.203
2018-09-23 03:00:00,22415.84
2018-09-23 04:00:00,22246.207
2018-09-23 05:00:00,22165.5
2018-09-23 06:00:00,22169.447
2018-09-23 07:00:00,22641.613
2018-09-23 08:00:00,23189.336
2018-09-23 09:00:00,24347.918
2018-09-23 10:00:00,25983.998
2018-09-23 11:00:00,27573.21
2018-09-23 12:00:00,29950.299
2018-09-23 13:00:00,30473.541
2018-09-23 14:00:00,30668.13
2018-09-23 15:00:00,30617.068
2018-09-23 16:00:00,31009.549
2018-09-23 17:00:00,31190.586
2018-09-23 18:00:00,33165.65
2018-09-23 19:00:00,31500.55
2018-09-23 20:00:00,31679.135
2018-09-23 21:00:00,31302.598
2018-09-23 22:00:00,31131.166
2018-09-23 23:00:00,30157.006
2018-09-24 00:00:00,26510.467
2018-09-24 01:00:00,24916.18
2018-09-24 02:00:00,23668.053
2018-09-24 03:00:00,23263.838
2018-09-24 04:00:00,23172.213
2018-09-24 05:00:00,23331.342
2018-09-24 06:00:00,24870.451
2018-09-24 07:00:00,27850.34
2018-09-24 08:00:00,29413.91
2018-09-24 09:00:00,30929.822
2018-09-24 10:00:00,31977.951
2018-09-24 11:00:00,32587.973
2018-09-24 12:00:00,32747.523
2018-09-24 13:00:00,33533.484
2018-09-24 14:00:00,33865.902
2018-09-24 15:00:00,34100.0
2018-09-24 16:00:00,34181.6
2018-09-24 17:00:00,34230.625
2018-09-24 18:00:00,34195.848
2018-09-24 19:00:00,34291.133
2018-09-24 20:00:00,35146.332
2018-09-24 21:00:00,34410.145
2018-09-24 22:00:00,33716.54
2018-09-24 23:00:00,31510.684
2018-09-25 00:00:00,28066.523
2018-09-25 01:00:00,26217.777
2018-09-25 02:00:00,24795.54
2018-09-25 03:00:00,24437.918
2018-09-25 04:00:00,24202.59
2018-09-25 05:00:00,24437.918
2018-09-25 06:00:00,26109.518
2018-09-25 07:00:00,28741.096
2018-09-25 08:00:00,31134.666
2018-09-25 09:00:00,31615.15
2018-09-25 10:00:00,32649.607
2018-09-25 11:00:00,33402.965
2018-09-25 12:00:00,33977.902
2018-09-25 13:00:00,34325.59
2018-09-25 14:00:00,34773.75
2018-09-25 15:00:00,35799.27
2018-09-25 16:00:00,35414.74
2018-09-25 17:00:00,35619.383
2018-09-25 18:00:00,35619.383
2018-09-25 19:00:00,35909.48
2018-09-25 20:00:00,36449.62
2018-09-25 21:00:00,35392.707
2018-09-25 22:00:00,34058.53
2018-09-25 23:00:00,32064.725
2018-09-26 00:00:00,28364.934
2018-09-26 01:00:00,26879.512
2018-09-26 02:00:00,25567.32
2018-09-26 03:00:00,24893.34
2018-09-26 04:00:00,24802.512
2018-09-26 05:00:00,24951.09
2018-09-26 06:00:00,26622.037
2018-09-26 07:00:00,29309.041
2018-09-26 08:00:00,31658.318
2018-09-26 09:00:00,32559.81
2018-09-26 10:00:00,33316.957
2018-09-26 11:00:00,33958.62
2018-09-26 12:00:00,33813.15
2018-09-26 13:00:00,34179.77
2018-09-26 14:00:00,33753.65
2018-09-26 15:00:00,34040.906
2018-09-26 16:00:00,34108.105
2018-09-26 17:00:00,34090.277
2018-09-26 18:00:00,34132.895
2018-09-26 19:00:00,34475.438
2018-09-26 20:00:00,34991.67
2018-09-26 21:00:00,33673.89
2018-09-26 22:00:00,32653.541
2018-09-26 23:00:00,31080.234
2018-09-27 00:00:00,28339.559
2018-09-27 01:00:00,26288.855
2018-09-27 02:00:00,25084.238
2018-09-27 03:00:00,24218.744
2018-09-27 04:00:00,23891.514
2018-09-27 05:00:00,24051.354
2018-09-27 06:00:00,25896.912
2018-09-27 07:00:00,28204.506
2018-09-27 08:00:00,30569.723
2018-09-27 09:00:00,30865.145
2018-09-27 10:00:00,31538.553
2018-09-27 11:00:00,31939.977
2018-09-27 12:00:00,32058.686
2018-09-27 13:00:00,32153.799
2018-09-27 14:00:00,32295.684
2018-09-27 15:00:00,32389.367
2018-09-27 16:00:00,32474.107
2018-09-27 17:00:00,32664.848
2018-09-27 18:00:00,32499.564
2018-09-27 19:00:00,32488.502
2018-09-27 20:00:00,32877.965
2018-09-27 21:00:00,31855.21
2018-09-27 22:00:00,29842.73
2018-09-27 23:00:00,27725.072
2018-09-28 00:00:00,25095.518
2018-09-28 01:00:00,23171.719
2018-09-28 02:00:00,22350.268
2018-09-28 03:00:00,22333.174
2018-09-28 04:00:00,22306.826
2018-09-28 05:00:00,22333.174
2018-09-28 06:00:00,23241.084
2018-09-28 07:00:00,26663.734
2018-09-28 08:00:00,27884.564
2018-09-28 09:00:00,28567.797
2018-09-28 10:00:00,28926.469
2018-09-28 11:00:00,29312.027
2018-09-28 12:00:00,29422.38
2018-09-28 13:00:00,29561.77
2018-09-28 14:00:00,29827.81
2018-09-28 15:00:00,30198.37
2018-09-28 16:00:00,30267.48
2018-09-28 17:00:00,30308.72
2018-09-28 18:00:00,30497.502
2018-09-28 19:00:00,30683.008
2018-09-28 20:00:00,30683.008
2018-09-28 21:00:00,29771.393
2018-09-28 22:00:00,28538.797
2018-09-28 23:00:00,27041.402
2018-09-29 00:00:00,24483.541
2018-09-29 01:00:00,22993.555
2018-09-29 02:00:00,22411.904
2018-09-29 03:00:00,22166.906
2018-09-29 04:00:00,22153.291
2018-09-29 05:00:00,22153.291
2018-09-29 06:00:00,22242.943
2018-09-29 07:00:00,22997.096
2018-09-29 08:00:00,23865.209
2018-09-29 09:00:00,25289.562
2018-09-29 10:00:00,26381.314
2018-09-29 11:00:00,27255.008
2018-09-29 12:00:00,27655.357
2018-09-29 13:00:00,27556.3
2018-09-29 14:00:00,27329.133
2018-09-29 15:00:00,27307.385
2018-09-29 16:00:00,27373.398
2018-09-29 17:00:00,27443.73
2018-09-29 18:00:00,27654.441
2018-09-29 19:00:00,28229.871
2018-09-29 20:00:00,28474.795
2018-09-29 21:00:00,28173.49
2018-09-29 22:00:00,27097.33
2018-09-29 23:00:00,25920.197
2018-09-30 00:00:00,23335.604
2018-09-30 01:00:00,22238.486
2018-09-30 02:00:00,21636.086
2018-09-30 03:00:00,21622.47
2018-09-30 04:00:00,21622.47
2018-09-30 05:00:00,21622.47
2018-09-30 06:00:00,21626.418
2018-09-30 07:00:00,22028.111
2018-09-30 08:00:00,22663.305
2018-09-30 09:00:00,23441.418
2018-09-30 10:00:00,24434.814
2018-09-30 11:00:00,25256.682
2018-09-30 12:00:00,25788.398
2018-09-30 13:00:00,26027.629
2018-09-30 14:00:00,26129.244
2018-09-30 15:00:00,26063.695
2018-09-30 16:00:00,26337.088
2018-09-30 17:00:00,26791.441
2018-09-30 18:00:00,27179.98
2018-09-30 19:00:00,27576.81
2018-09-30 20:00:00,28527.482
2018-09-30 21:00:00,28267.309
2018-09-30 22:00:00,26807.756
2018-09-30 23:00:00,25350.525
2018-10-01 00:00:00,23090.854
2018-10-01 01:00:00,22271.355
2018-10-01 02:00:00,21783.365
2018-10-01 03:00:00,21757.018
2018-10-01 04:00:00,21757.018
2018-10-01 05:00:00,21796.98
2018-10-01 06:00:00,22987.732
2018-10-01 07:00:00,26125.277
2018-10-01 08:00:00,27559.615
2018-10-01 09:00:00,27985.637
2018-10-01 10:00:00,28269.059
2018-10-01 11:00:00,28566.027
2018-10-01 12:00:00,28864.35
2018-10-01 13:00:00,29050.303
2018-10-01 14:00:00,29311.395
2018-10-01 15:00:00,29539.047
2018-10-01 16:00:00,29818.361
2018-10-01 17:00:00,30328.871
2018-10-01 18:00:00,30377.617
2018-10-01 19:00:00,30491.037
2018-10-01 20:00:00,31677.408
2018-10-01 21:00:00,30579.479
2018-10-01 22:00:00,28598.445
2018-10-01 23:00:00,26595.57
2018-10-02 00:00:00,23953.334
2018-10-02 01:00:00,22377.818
2018-10-02 02:00:00,21796.98
2018-10-02 03:00:00,21783.365
2018-10-02 04:00:00,21757.018
2018-10-02 05:00:00,21869.066
2018-10-02 06:00:00,23058.709
2018-10-02 07:00:00,26440.242
2018-10-02 08:00:00,27626.354
2018-10-02 09:00:00,27798.309
2018-10-02 10:00:00,28237.805
2018-10-02 11:00:00,28588.945
2018-10-02 12:00:00,29001.666
2018-10-02 13:00:00,29150.363
2018-10-02 14:00:00,29315.377
2018-10-02 15:00:00,29479.7
2018-10-02 16:00:00,29684.588
2018-10-02 17:00:00,30196.11
2018-10-02 18:00:00,30396.92
2018-10-02 19:00:00,30491.67
2018-10-02 20:00:00,31495.83
2018-10-02 21:00:00,30817.348
2018-10-02 22:00:00,28596.14
2018-10-02 23:00:00,26682.975
2018-10-03 00:00:00,23937.494
2018-10-03 01:00:00,22518.254
2018-10-03 02:00:00,21796.98
2018-10-03 03:00:00,21757.018
2018-10-03 04:00:00,21757.018
2018-10-03 05:00:00,21796.98
2018-10-03 06:00:00,22761.678
2018-10-03 07:00:00,26264.754
2018-10-03 08:00:00,27530.408
2018-10-03 09:00:00,27870.805
2018-10-03 10:00:00,28055.016
2018-10-03 11:00:00,28424.455
2018-10-03 12:00:00,28740.629
2018-10-03 13:00:00,28886.145
2018-10-03 14:00:00,29631.668
2018-10-03 15:00:00,29837.68
2018-10-03 16:00:00,30237.123
2018-10-03 17:00:00,30328.855
2018-10-03 18:00:00,31005.744
2018-10-03 19:00:00,31087.945
2018-10-03 20:00:00,31993.865
2018-10-03 21:00:00,31065.307
2018-10-03 22:00:00,28562.42
2018-10-03 23:00:00,26902.74
2018-10-04 00:00:00,24395.404
2018-10-04 01:00:00,22446.238
2018-10-04 02:00:00,21796.98
2018-10-04 03:00:00,21757.018
2018-10-04 04:00:00,21757.018
2018-10-04 05:00:00,21783.365
2018-10-04 06:00:00,22872.213
2018-10-04 07:00:00,26431.988
2018-10-04 08:00:00,27554.674
2018-10-04 09:00:00,28036.05
2018-10-04 10:00:00,28283.64
2018-10-04 11:00:00,29213.932
2018-10-04 12:00:00,29547.254
2018-10-04 13:00:00,30127.832
2018-10-04 14:00:00,31220.854
2018-10-04 15:00:00,31569.113
2018-10-04 16:00:00,31824.275
2018-10-04 17:00:00,31891.127
2018-10-04 18:00:00,31913.47
2018-10-04 19:00:00,32322.791
2018-10-04 20:00:00,32799.656
2018-10-04 21:00:00,32088.195
2018-10-04 22:00:00,29865.084
2018-10-04 23:00:00,27698.121
2018-10-05 00:00:00,25077.049
2018-10-05 01:00:00,23283.414
2018-10-05 02:00:00,22352.107
2018-10-05 03:00:00,21908.34
2018-10-05 04:00:00,21788.215
2018-10-05 05:00:00,21929.842
2018-10-05 06:00:00,23408.201
2018-10-05 07:00:00,26611.219
2018-10-05 08:00:00,27831.857
2018-10-05 09:00:00,28640.879
2018-10-05 10:00:00,29360.19
2018-10-05 11:00:00,30500.408
2018-10-05 12:00:00,31187.77
2018-10-05 13:00:00,31729.46
2018-10-05 14:00:00,32135.986
2018-10-05 15:00:00,32330.227
2018-10-05 16:00:00,32480.287
2018-10-05 17:00:00,32502.963
2018-10-05 18:00:00,32473.451
2018-10-05 19:00:00,32454.56
2018-10-05 20:00:00,32475.154
2018-10-05 21:00:00,31437.867
2018-10-05 22:00:00,29284.643
2018-10-05 23:00:00,27901.453
2018-10-06 00:00:00,24983.545
2018-10-06 01:00:00,23301.766
2018-10-06 02:00:00,22371.195
2018-10-06 03:00:00,21797.781
2018-10-06 04:00:00,21634.68
2018-10-06 05:00:00,21634.68
2018-10-06 06:00:00,21762.31
2018-10-06 07:00:00,22597.193
2018-10-06 08:00:00,23462.596
2018-10-06 09:00:00,24709.855
2018-10-06 10:00:00,26003.78
2018-10-06 11:00:00,27343.107
2018-10-06 12:00:00,27691.078
2018-10-06 13:00:00,29048.527
2018-10-06 14:00:00,29556.277
2018-10-06 15:00:00,29944.514
2018-10-06 16:00:00,30352.86
2018-10-06 17:00:00,30555.203
2018-10-06 18:00:00,30520.988
2018-10-06 19:00:00,30598.3
2018-10-06 20:00:00,30729.72
2018-10-06 21:00:00,30211.674
2018-10-06 22:00:00,29017.191
2018-10-06 23:00:00,27266.338
2018-10-07 00:00:00,25057.4
2018-10-07 01:00:00,23509.975
2018-10-07 02:00:00,22652.26
2018-10-07 03:00:00,22390.582
2018-10-07 04:00:00,22342.926
2018-10-07 05:00:00,22321.406
2018-10-07 06:00:00,22394.53
2018-10-07 07:00:00,22930.762
2018-10-07 08:00:00,23809.723
2018-10-07 09:00:00,25024.871
2018-10-07 10:00:00,26831.674
2018-10-07 11:00:00,27121.533
2018-10-07 12:00:00,28730.145
2018-10-07 13:00:00,29146.506
2018-10-07 14:00:00,29812.48
2018-10-07 15:00:00,30113.146
2018-10-07 16:00:00,30179.16
2018-10-07 17:00:00,30309.002
2018-10-07 18:00:00,30309.002
2018-10-07 19:00:00,30566.186
2018-10-07 20:00:00,31043.455
2018-10-07 21:00:00,30699.033
2018-10-07 22:00:00,29830.176
2018-10-07 23:00:00,27540.568
2018-10-08 00:00:00,25631.463
2018-10-08 01:00:00,23813.336
2018-10-08 02:00:00,22964.488
2018-10-08 03:00:00,22799.398
2018-10-08 04:00:00,22719.398
2018-10-08 05:00:00,22799.398
2018-10-08 06:00:00,24243.479
2018-10-08 07:00:00,27032.855
2018-10-08 08:00:00,29270.48
2018-10-08 09:00:00,30176.89
2018-10-08 10:00:00,30670.684
2018-10-08 11:00:00,31008.367
2018-10-08 12:00:00,31096.088
2018-10-08 13:00:00,31221.535
2018-10-08 14:00:00,31432.36
2018-10-08 15:00:00,31566.443
2018-10-08 16:00:00,31650.867
2018-10-08 17:00:00,31729.697
2018-10-08 18:00:00,31543.541
2018-10-08 19:00:00,31988.824
2018-10-08 20:00:00,32317.615
2018-10-08 21:00:00,32089.064
2018-10-08 22:00:00,31172.02
2018-10-08 23:00:00,29718.238
2018-10-09 00:00:00,26213.94
2018-10-09 01:00:00,24626.494
2018-10-09 02:00:00,23288.604
2018-10-09 03:00:00,22807.285
2018-10-09 04:00:00,22635.664
2018-10-09 05:00:00,22708.46
2018-10-09 06:00:00,24342.65
2018-10-09 07:00:00,27408.66
2018-10-09 08:00:00,28946.014
2018-10-09 09:00:00,30020.781
2018-10-09 10:00:00,30558.21
2018-10-09 11:00:00,31054.596
2018-10-09 12:00:00,31369.234
2018-10-09 13:00:00,31470.879
2018-10-09 14:00:00,31635.893
2018-10-09 15:00:00,31385.102
2018-10-09 16:00:00,31583.975
2018-10-09 17:00:00,31663.43
2018-10-09 18:00:00,32069.271
2018-10-09 19:00:00,32347.082
2018-10-09 20:00:00,32691.578
2018-10-09 21:00:00,32370.232
2018-10-09 22:00:00,31056.44
2018-10-09 23:00:00,28160.979
2018-10-10 00:00:00,25586.854
2018-10-10 01:00:00,23622.21
2018-10-10 02:00:00,22721.365
2018-10-10 03:00:00,22463.84
2018-10-10 04:00:00,22160.375
2018-10-10 05:00:00,22360.52
2018-10-10 06:00:00,23806.346
2018-10-10 07:00:00,27026.16
2018-10-10 08:00:00,28675.72
2018-10-10 09:00:00,28821.281
2018-10-10 10:00:00,29196.367
2018-10-10 11:00:00,30042.246
2018-10-10 12:00:00,30508.475
2018-10-10 13:00:00,30486.209
2018-10-10 14:00:00,30725.795
2018-10-10 15:00:00,30765.908
2018-10-10 16:00:00,30831.922
2018-10-10 17:00:00,31248.357
2018-10-10 18:00:00,31446.676
2018-10-10 19:00:00,31788.78
2018-10-10 20:00:00,32158.295
2018-10-10 21:00:00,31328.16
2018-10-10 22:00:00,29221.611
2018-10-10 23:00:00,27065.096
2018-10-11 00:00:00,24528.775
2018-10-11 01:00:00,23012.836
2018-10-11 02:00:00,21924.682
2018-10-11 03:00:00,21769.227
2018-10-11 04:00:00,21769.227
2018-10-11 05:00:00,21800.459
2018-10-11 06:00:00,23488.607
2018-10-11 07:00:00,26717.45
2018-10-11 08:00:00,27933.576
2018-10-11 09:00:00,28131.906
2018-10-11 10:00:00,28899.605
2018-10-11 11:00:00,29073.559
2018-10-11 12:00:00,29146.87
2018-10-11 13:00:00,29242.75
2018-10-11 14:00:00,29502.576
2018-10-11 15:00:00,29048.848
2018-10-11 16:00:00,29065.225
2018-10-11 17:00:00,29102.133
2018-10-11 18:00:00,29295.803
2018-10-11 19:00:00,30154.523
2018-10-11 20:00:00,30760.256
2018-10-11 21:00:00,30151.377
2018-10-11 22:00:00,28276.432
2018-10-11 23:00:00,26571.373
2018-10-12 00:00:00,24061.498
2018-10-12 01:00:00,22343.812
2018-10-12 02:00:00,21788.062
2018-10-12 03:00:00,21774.447
2018-10-12 04:00:00,21748.1
2018-10-12 05:00:00,21860.148
2018-10-12 06:00:00,23153.719
2018-10-12 07:00:00,26366.928
2018-10-12 08:00:00,27864.205
2018-10-12 09:00:00,28032.027
2018-10-12 10:00:00,27960.4
2018-10-12 11:00:00,28138.121
2018-10-12 12:00:00,28079.926
2018-10-12 13:00:00,28050.707
2018-10-12 14:00:00,28108.379
2018-10-12 15:00:00,27968.123
2018-10-12 16:00:00,27894.13
2018-10-12 17:00:00,28094.082
2018-10-12 18:00:00,28373.543
2018-10-12 19:00:00,28712.213
2018-10-12 20:00:00,28853.111
2018-10-12 21:00:00,28315.326
2018-10-12 22:00:00,27302.098
2018-10-12 23:00:00,26130.598
2018-10-13 00:00:00,23933.262
2018-10-13 01:00:00,22239.4
2018-10-13 02:00:00,21774.586
2018-10-13 03:00:00,21603.016
2018-10-13 04:00:00,21603.016
2018-10-13 05:00:00,21603.016
2018-10-13 06:00:00,21938.373
2018-10-13 07:00:00,22553.895
2018-10-13 08:00:00,23753.182
2018-10-13 09:00:00,25156.477
2018-10-13 10:00:00,25770.953
2018-10-13 11:00:00,25837.26
2018-10-13 12:00:00,25798.158
2018-10-13 13:00:00,25688.447
2018-10-13 14:00:00,25545.236
2018-10-13 15:00:00,25401.244
2018-10-13 16:00:00,25467.258
2018-10-13 17:00:00,25866.932
2018-10-13 18:00:00,26366.668
2018-10-13 19:00:00,27185.947
2018-10-13 20:00:00,27719.715
2018-10-13 21:00:00,27333.344
2018-10-13 22:00:00,26479.566
2018-10-13 23:00:00,25351.52
2018-10-14 00:00:00,23499.523
2018-10-14 01:00:00,22265.533
2018-10-14 02:00:00,21844.652
2018-10-14 03:00:00,21775.76
2018-10-14 04:00:00,21775.76
2018-10-14 05:00:00,21775.76
2018-10-14 06:00:00,22014.123
2018-10-14 07:00:00,22728.953
2018-10-14 08:00:00,23270.139
2018-10-14 09:00:00,24299.047
2018-10-14 10:00:00,25065.898
2018-10-14 11:00:00,25434.033
2018-10-14 12:00:00,25572.545
2018-10-14 13:00:00,25881.168
2018-10-14 14:00:00,25989.715
2018-10-14 15:00:00,26047.97
2018-10-14 16:00:00,26283.078
2018-10-14 17:00:00,26624.32
2018-10-14 18:00:00,27345.9
2018-10-14 19:00:00,28526.352
2018-10-14 20:00:00,29212.428
2018-10-14 21:00:00,28770.324
2018-10-14 22:00:00,27409.148
2018-10-14 23:00:00,25826.53
2018-10-15 00:00:00,24474.572
2018-10-15 01:00:00,22951.766
2018-10-15 02:00:00,22620.887
2018-10-15 03:00:00,22563.666
2018-10-15 04:00:00,22663.58
2018-10-15 05:00:00,22698.943
2018-10-15 06:00:00,24042.953
2018-10-15 07:00:00,26936.953
2018-10-15 08:00:00,28898.387
2018-10-15 09:00:00,28984.135
2018-10-15 10:00:00,29157.883
2018-10-15 11:00:00,29326.9
2018-10-15 12:00:00,28828.47
2018-10-15 13:00:00,28910.873
2018-10-15 14:00:00,29039.576
2018-10-15 15:00:00,29288.84
2018-10-15 16:00:00,29337.621
2018-10-15 17:00:00,29468.271
2018-10-15 18:00:00,29918.584
2018-10-15 19:00:00,30901.48
2018-10-15 20:00:00,31684.154
2018-10-15 21:00:00,30615.346
2018-10-15 22:00:00,28740.768
2018-10-15 23:00:00,27136.303
2018-10-16 00:00:00,24710.299
2018-10-16 01:00:00,23232.896
2018-10-16 02:00:00,22755.354
2018-10-16 03:00:00,22264.553
2018-10-16 04:00:00,22205.459
2018-10-16 05:00:00,22699.936
2018-10-16 06:00:00,24113.613
2018-10-16 07:00:00,27301.766
2018-10-16 08:00:00,28968.71
2018-10-16 09:00:00,29023.123
2018-10-16 10:00:00,28598.738
2018-10-16 11:00:00,28711.58
2018-10-16 12:00:00,28735.824
2018-10-16 13:00:00,29039.88
2018-10-16 14:00:00,29819.373
2018-10-16 15:00:00,30095.768
2018-10-16 16:00:00,30194.2
2018-10-16 17:00:00,30314.877
2018-10-16 18:00:00,30529.896
2018-10-16 19:00:00,31486.828
2018-10-16 20:00:00,31720.75
2018-10-16 21:00:00,31041.303
2018-10-16 22:00:00,29106.209
2018-10-16 23:00:00,26974.984
2018-10-17 00:00:00,24859.928
2018-10-17 01:00:00,23094.406
2018-10-17 02:00:00,22392.078
2018-10-17 03:00:00,21987.758
2018-10-17 04:00:00,21959.191
2018-10-17 05:00:00,22204.3
2018-10-17 06:00:00,24141.395
2018-10-17 07:00:00,27192.771
2018-10-17 08:00:00,28431.945
2018-10-17 09:00:00,28720.768
2018-10-17 10:00:00,28896.69
2018-10-17 11:00:00,29181.098
2018-10-17 12:00:00,29795.555
2018-10-17 13:00:00,30085.943
2018-10-17 14:00:00,30496.146
2018-10-17 15:00:00,30562.604
2018-10-17 16:00:00,30787.777
2018-10-17 17:00:00,30869.965
2018-10-17 18:00:00,30869.965
2018-10-17 19:00:00,31834.965
2018-10-17 20:00:00,31887.842
2018-10-17 21:00:00,30828.076
2018-10-17 22:00:00,29247.154
2018-10-17 23:00:00,26909.945
2018-10-18 00:00:00,24834.4
2018-10-18 01:00:00,22914.393
2018-10-18 02:00:00,21998.652
2018-10-18 03:00:00,21945.576
2018-10-18 04:00:00,21928.686
2018-10-18 05:00:00,21959.191
2018-10-18 06:00:00,23618.926
2018-10-18 07:00:00,26749.822
2018-10-18 08:00:00,28045.713
2018-10-18 09:00:00,28243.5
2018-10-18 10:00:00,28517.408
2018-10-18 11:00:00,28690.71
2018-10-18 12:00:00,28965.703
2018-10-18 13:00:00,29148.596
2018-10-18 14:00:00,29816.344
2018-10-18 15:00:00,30249.625
2018-10-18 16:00:00,30474.799
2018-10-18 17:00:00,30497.475
2018-10-18 18:00:00,30541.406
2018-10-18 19:00:00,31496.615
2018-10-18 20:00:00,31547.773
2018-10-18 21:00:00,30421.14
2018-10-18 22:00:00,28749.885
2018-10-18 23:00:00,26856.434
2018-10-19 00:00:00,24675.373
2018-10-19 01:00:00,22821.96
2018-10-19 02:00:00,22196.902
2018-10-19 03:00:00,21993.13
2018-10-19 04:00:00,21964.564
2018-10-19 05:00:00,21993.13
2018-10-19 06:00:00,23116.691
2018-10-19 07:00:00,26476.26
2018-10-19 08:00:00,27821.764
2018-10-19 09:00:00,28439.848
2018-10-19 10:00:00,28711.729
2018-10-19 11:00:00,28937.79
2018-10-19 12:00:00,29157.418
2018-10-19 13:00:00,29133.766
2018-10-19 14:00:00,29525.637
2018-10-19 15:00:00,29157.203
2018-10-19 16:00:00,29382.377
2018-10-19 17:00:00,29430.236
2018-10-19 18:00:00,29677.115
2018-10-19 19:00:00,29736.521
2018-10-19 20:00:00,29399.645
2018-10-19 21:00:00,28808.883
2018-10-19 22:00:00,27495.406
2018-10-19 23:00:00,26172.34
2018-10-20 00:00:00,23495.41
2018-10-20 01:00:00,22401.445
2018-10-20 02:00:00,21750.154
2018-10-20 03:00:00,21603.016
2018-10-20 04:00:00,21603.016
2018-10-20 05:00:00,21603.016
2018-10-20 06:00:00,21826.223
2018-10-20 07:00:00,22683.941
2018-10-20 08:00:00,23450.717
2018-10-20 09:00:00,24928.531
2018-10-20 10:00:00,25584.863
2018-10-20 11:00:00,25847.771
2018-10-20 12:00:00,25851.104
2018-10-20 13:00:00,25783.46
2018-10-20 14:00:00,25603.488
2018-10-20 15:00:00,25268.729
2018-10-20 16:00:00,25437.39
2018-10-20 17:00:00,25697.39
2018-10-20 18:00:00,26313.219
2018-10-20 19:00:00,27154.03
2018-10-20 20:00:00,27287.35
2018-10-20 21:00:00,26841.928
2018-10-20 22:00:00,25973.195
2018-10-20 23:00:00,24616.197
2018-10-21 00:00:00,23195.695
2018-10-21 01:00:00,22158.025
2018-10-21 02:00:00,21664.453
2018-10-21 03:00:00,21603.016
2018-10-21 04:00:00,21603.016
2018-10-21 05:00:00,21603.016
2018-10-21 06:00:00,21606.963
2018-10-21 07:00:00,22131.281
2018-10-21 08:00:00,22738.508
2018-10-21 09:00:00,23520.867
2018-10-21 10:00:00,24037.355
2018-10-21 11:00:00,24776.205
2018-10-21 12:00:00,24978.209
2018-10-21 13:00:00,25003.701
2018-10-21 14:00:00,25118.273
2018-10-21 15:00:00,25079.322
2018-10-21 16:00:00,25295.64
2018-10-21 17:00:00,25741.266
2018-10-21 18:00:00,26331.33
2018-10-21 19:00:00,27530.45
2018-10-21 20:00:00,27891.781
2018-10-21 21:00:00,27293.156
2018-10-21 22:00:00,26193.059
2018-10-21 23:00:00,24474.447
2018-10-22 00:00:00,22730.092
2018-10-22 01:00:00,22070.219
2018-10-22 02:00:00,21729.111
2018-10-22 03:00:00,21729.111
2018-10-22 04:00:00,21729.111
2018-10-22 05:00:00,21901.855
2018-10-22 06:00:00,23136.008
2018-10-22 07:00:00,26486.979
2018-10-22 08:00:00,28052.5
2018-10-22 09:00:00,28262.615
2018-10-22 10:00:00,28246.316
2018-10-22 11:00:00,28543.502
2018-10-22 12:00:00,28689.27
2018-10-22 13:00:00,28738.057
2018-10-22 14:00:00,28810.611
2018-10-22 15:00:00,28845.316
2018-10-22 16:00:00,28838.936
2018-10-22 17:00:00,29014.697
2018-10-22 18:00:00,29473.629
2018-10-22 19:00:00,31092.727
2018-10-22 20:00:00,31243.373
2018-10-22 21:00:00,30329.207
2018-10-22 22:00:00,28736.416
2018-10-22 23:00:00,26744.45
2018-10-23 00:00:00,24753.303
2018-10-23 01:00:00,23374.297
2018-10-23 02:00:00,22378.434
2018-10-23 03:00:00,22196.566
2018-10-23 04:00:00,22196.566
2018-10-23 05:00:00,22803.844
2018-10-23 06:00:00,24605.035
2018-10-23 07:00:00,27478.71
2018-10-23 08:00:00,29738.195
2018-10-23 09:00:00,29621.928
2018-10-23 10:00:00,29740.594
2018-10-23 11:00:00,29476.56
2018-10-23 12:00:00,29447.607
2018-10-23 13:00:00,29173.928
2018-10-23 14:00:00,29183.344
2018-10-23 15:00:00,29204.842
2018-10-23 16:00:00,29270.855
2018-10-23 17:00:00,29330.29
2018-10-23 18:00:00,29828.207
2018-10-23 19:00:00,31326.66
2018-10-23 20:00:00,31504.56
2018-10-23 21:00:00,30620.686
2018-10-23 22:00:00,28584.832
2018-10-23 23:00:00,27019.38
2018-10-24 00:00:00,24841.545
2018-10-24 01:00:00,23281.36
2018-10-24 02:00:00,22384.314
2018-10-24 03:00:00,22193.406
2018-10-24 04:00:00,22157.781
2018-10-24 05:00:00,22618.607
2018-10-24 06:00:00,24230.77
2018-10-24 07:00:00,27180.572
2018-10-24 08:00:00,29156.309
2018-10-24 09:00:00,28989.307
2018-10-24 10:00:00,29079.11
2018-10-24 11:00:00,29040.896
2018-10-24 12:00:00,28948.205
2018-10-24 13:00:00,28741.078
2018-10-24 14:00:00,28836.016
2018-10-24 15:00:00,28882.406
2018-10-24 16:00:00,28948.42
2018-10-24 17:00:00,29281.354
2018-10-24 18:00:00,29744.125
2018-10-24 19:00:00,31086.203
2018-10-24 20:00:00,31233.982
2018-10-24 21:00:00,30202.297
2018-10-24 22:00:00,28375.246
2018-10-24 23:00:00,26620.238
2018-10-25 00:00:00,24383.635
2018-10-25 01:00:00,23170.96
2018-10-25 02:00:00,22207.896
2018-10-25 03:00:00,22118.32
2018-10-25 04:00:00,21959.191
2018-10-25 05:00:00,22157.781
2018-10-25 06:00:00,23664.832
2018-10-25 07:00:00,26919.795
2018-10-25 08:00:00,28556.162
2018-10-25 09:00:00,28743.111
2018-10-25 10:00:00,28883.582
2018-10-25 11:00:00,29240.951
2018-10-25 12:00:00,29034.78
2018-10-25 13:00:00,28934.002
2018-10-25 14:00:00,28987.354
2018-10-25 15:00:00,28816.09
2018-10-25 16:00:00,28882.104
2018-10-25 17:00:00,29271.111
2018-10-25 18:00:00,29574.967
2018-10-25 19:00:00,30740.373
2018-10-25 20:00:00,31068.885
2018-10-25 21:00:00,29947.559
2018-10-25 22:00:00,28356.945
2018-10-25 23:00:00,26620.893
2018-10-26 00:00:00,24528.236
2018-10-26 01:00:00,22673.023
2018-10-26 02:00:00,22123.896
2018-10-26 03:00:00,21847.244
2018-10-26 04:00:00,21847.244
2018-10-26 05:00:00,22211.764
2018-10-26 06:00:00,24132.195
2018-10-26 07:00:00,27264.998
2018-10-26 08:00:00,28878.934
2018-10-26 09:00:00,28950.4
2018-10-26 10:00:00,28417.299
2018-10-26 11:00:00,28306.32
2018-10-26 12:00:00,28221.727
2018-10-26 13:00:00,27912.945
2018-10-26 14:00:00,27806.059
2018-10-26 15:00:00,27642.207
2018-10-26 16:00:00,27670.955
2018-10-26 17:00:00,27959.43
2018-10-26 18:00:00,28471.162
2018-10-26 19:00:00,29289.758
2018-10-26 20:00:00,29289.758
2018-10-26 21:00:00,28705.727
2018-10-26 22:00:00,27985.582
2018-10-26 23:00:00,26505.104
2018-10-27 00:00:00,24537.855
2018-10-27 01:00:00,23294.623
2018-10-27 02:00:00,22317.74
2018-10-27 03:00:00,22141.322
2018-10-27 04:00:00,22098.262
2018-10-27 05:00:00,22306.846
2018-10-27 06:00:00,22962.836
2018-10-27 07:00:00,23708.986
2018-10-27 08:00:00,25393.346
2018-10-27 09:00:00,26072.113
2018-10-27 10:00:00,26275.094
2018-10-27 11:00:00,26260.447
2018-10-27 12:00:00,25917.506
2018-10-27 13:00:00,25628.246
2018-10-27 14:00:00,25453.797
2018-10-27 15:00:00,25309.13
2018-10-27 16:00:00,25501.059
2018-10-27 17:00:00,25827.438
2018-10-27 18:00:00,26325.559
2018-10-27 19:00:00,27192.885
2018-10-27 20:00:00,27184.518
2018-10-27 21:00:00,26799.137
2018-10-27 22:00:00,25954.707
2018-10-27 23:00:00,24878.97
2018-10-28 00:00:00,23207.867
2018-10-28 01:00:00,22211.328
2018-10-28 02:00:00,21603.016
2018-10-28 03:00:00,21603.016
2018-10-28 04:00:00,21603.016
2018-10-28 05:00:00,21603.016
2018-10-28 06:00:00,21606.963
2018-10-28 07:00:00,22122.469
2018-10-28 08:00:00,22667.02
2018-10-28 09:00:00,23589.312
2018-10-28 10:00:00,24778.438
2018-10-28 11:00:00,25354.041
2018-10-28 12:00:00,25645.518
2018-10-28 13:00:00,25737.354
2018-10-28 14:00:00,25886.654
2018-10-28 15:00:00,26037.695
2018-10-28 16:00:00,26589.32
2018-10-28 17:00:00,26928.002
2018-10-28 18:00:00,27868.23
2018-10-28 19:00:00,28277.682
2018-10-28 20:00:00,28246.217
2018-10-28 21:00:00,27540.918
2018-10-28 22:00:00,26364.037
2018-10-28 23:00:00,24772.8
2018-10-29 00:00:00,22843.053
2018-10-29 01:00:00,21983.18
2018-10-29 02:00:00,21729.111
2018-10-29 03:00:00,21729.111
2018-10-29 04:00:00,21729.111
2018-10-29 05:00:00,21814.812
2018-10-29 06:00:00,23222.168
2018-10-29 07:00:00,26580.486
2018-10-29 08:00:00,27891.744
2018-10-29 09:00:00,28061.594
2018-10-29 10:00:00,28200.875
2018-10-29 11:00:00,28257.885
2018-10-29 12:00:00,28109.225
2018-10-29 13:00:00,27879.285
2018-10-29 14:00:00,27896.43
2018-10-29 15:00:00,27921.967
2018-10-29 16:00:00,27987.98
2018-10-29 17:00:00,28389.938
2018-10-29 18:00:00,29627.926
2018-10-29 19:00:00,30486.275
2018-10-29 20:00:00,30413.672
2018-10-29 21:00:00,29607.145
2018-10-29 22:00:00,28280.613
2018-10-29 23:00:00,26547.482
2018-10-30 00:00:00,24383.334
2018-10-30 01:00:00,22704.766
2018-10-30 02:00:00,22211.375
2018-10-30 03:00:00,22164.836
2018-10-30 04:00:00,22164.836
2018-10-30 05:00:00,22438.52
2018-10-30 06:00:00,25141.324
2018-10-30 07:00:00,27884.775
2018-10-30 08:00:00,29488.406
2018-10-30 09:00:00,29289.475
2018-10-30 10:00:00,28739.947
2018-10-30 11:00:00,28485.93
2018-10-30 12:00:00,28302.77
2018-10-30 13:00:00,28255.076
2018-10-30 14:00:00,28272.22
2018-10-30 15:00:00,28297.754
2018-10-30 16:00:00,28457.74
2018-10-30 17:00:00,28724.754
2018-10-30 18:00:00,29807.914
2018-10-30 19:00:00,31014.86
2018-10-30 20:00:00,30745.998
2018-10-30 21:00:00,29828.986
2018-10-30 22:00:00,28280.613
2018-10-30 23:00:00,26686.506
2018-10-31 00:00:00,24517.803
2018-10-31 01:00:00,23019.793
2018-10-31 02:00:00,22229.135
2018-10-31 03:00:00,21955.037
2018-10-31 04:00:00,21955.037
2018-10-31 05:00:00,22406.527
2018-10-31 06:00:00,24474.574
2018-10-31 07:00:00,27330.025
2018-10-31 08:00:00,28986.092
2018-10-31 09:00:00,28981.312
2018-10-31 10:00:00,29024.635
2018-10-31 11:00:00,28996.426
2018-10-31 12:00:00,28753.676
2018-10-31 13:00:00,28751.006
2018-10-31 14:00:00,28921.352
2018-10-31 15:00:00,29185.426
2018-10-31 16:00:00,29251.44
2018-10-31 17:00:00,29492.059
2018-10-31 18:00:00,30388.904
2018-10-31 19:00:00,31337.486
2018-10-31 20:00:00,31007.998
2018-10-31 21:00:00,30027.305
2018-10-31 22:00:00,28074.795
2018-10-31 23:00:00,26561.31
2018-11-01 00:00:00,24415.154
2018-11-01 01:00:00,22449.047
2018-11-01 02:00:00,21844.639
2018-11-01 03:00:00,21729.111
2018-11-01 04:00:00,21729.111
2018-11-01 05:00:00,21844.639
2018-11-01 06:00:00,23521.898
2018-11-01 07:00:00,26703.111
2018-11-01 08:00:00,28405.705
2018-11-01 09:00:00,28299.398
2018-11-01 10:00:00,28447.484
2018-11-01 11:00:00,28776.459
2018-11-01 12:00:00,28778.576
2018-11-01 13:00:00,28847.719
2018-11-01 14:00:00,28992.293
2018-11-01 15:00:00,29050.549
2018-11-01 16:00:00,29116.562
2018-11-01 17:00:00,30137.307
2018-11-01 18:00:00,30648.893
2018-11-01 19:00:00,31209.39
2018-11-01 20:00:00,30960.15
2018-11-01 21:00:00,30092.559
2018-11-01 22:00:00,28079.342
2018-11-01 23:00:00,26394.89
2018-11-02 00:00:00,24211.78
2018-11-02 01:00:00,22530.8
2018-11-02 02:00:00,21993.707
2018-11-02 03:00:00,21833.8
2018-11-02 04:00:00,21761.715
2018-11-02 05:00:00,21947.191
2018-11-02 06:00:00,23164.238
2018-11-02 07:00:00,26426.6
2018-11-02 08:00:00,27819.889
2018-11-02 09:00:00,28239.893
2018-11-02 10:00:00,28345.945
2018-11-02 11:00:00,28943.404
2018-11-02 12:00:00,28860.912
2018-11-02 13:00:00,28633.932
2018-11-02 14:00:00,29051.248
2018-11-02 15:00:00,28916.21
2018-11-02 16:00:00,28902.775
2018-11-02 17:00:00,29014.445
2018-11-02 18:00:00,30120.58
2018-11-02 19:00:00,30407.63
2018-11-02 20:00:00,30061.115
2018-11-02 21:00:00,28716.102
2018-11-02 22:00:00,27624.023
2018-11-02 23:00:00,26248.338
2018-11-03 00:00:00,23851.547
2018-11-03 01:00:00,22482.74
2018-11-03 02:00:00,22034.855
2018-11-03 03:00:00,21761.682
2018-11-03 04:00:00,21761.682
2018-11-03 05:00:00,21862.111
2018-11-03 06:00:00,21911.516
2018-11-03 07:00:00,22845.957
2018-11-03 08:00:00,24180.135
2018-11-03 09:00:00,25319.48
2018-11-03 10:00:00,26077.59
2018-11-03 11:00:00,26167.24
2018-11-03 12:00:00,25959.635
2018-11-03 13:00:00,25638.348
2018-11-03 14:00:00,25349.406
2018-11-03 15:00:00,25386.139
2018-11-03 16:00:00,25452.152
2018-11-03 17:00:00,25786.62
2018-11-03 18:00:00,26882.148
2018-11-03 19:00:00,27611.297
2018-11-03 20:00:00,27268.787
2018-11-03 21:00:00,26995.328
2018-11-03 22:00:00,26126.656
2018-11-03 23:00:00,24808.164
2018-11-04 00:00:00,22963.797
2018-11-04 01:00:00,22158.025
2018-11-04 02:00:00,21688.885
2018-11-04 03:00:00,21603.016
2018-11-04 04:00:00,21603.016
2018-11-04 05:00:00,21603.016
2018-11-04 06:00:00,21692.832
2018-11-04 07:00:00,22363.28
2018-11-04 08:00:00,22970.682
2018-11-04 09:00:00,24294.875
2018-11-04 10:00:00,24550.727
2018-11-04 11:00:00,24771.58
2018-11-04 12:00:00,24805.951
2018-11-04 13:00:00,24929.121
2018-11-04 14:00:00,24957.672
2018-11-04 15:00:00,25015.928
2018-11-04 16:00:00,25213.14
2018-11-04 17:00:00,26604.117
2018-11-04 18:00:00,28050.477
2018-11-04 19:00:00,28343.818
2018-11-04 20:00:00,27972.953
2018-11-04 21:00:00,27516.79
2018-11-04 22:00:00,26408.064
2018-11-04 23:00:00,25072.74
2018-11-05 00:00:00,23246.135
2018-11-05 01:00:00,22893.725
2018-11-05 02:00:00,22327.963
2018-11-05 03:00:00,22327.963
2018-11-05 04:00:00,22366.318
2018-11-05 05:00:00,22911.62
2018-11-05 06:00:00,24762.434
2018-11-05 07:00:00,27624.43
2018-11-05 08:00:00,29180.605
2018-11-05 09:00:00,29466.56
2018-11-05 10:00:00,28764.816
2018-11-05 11:00:00,28763.275
2018-11-05 12:00:00,28515.459
2018-11-05 13:00:00,28352.812
2018-11-05 14:00:00,28720.488
2018-11-05 15:00:00,28537.994
2018-11-05 16:00:00,28851.416
2018-11-05 17:00:00,30155.871
2018-11-05 18:00:00,31670.996
2018-11-05 19:00:00,31517.99
2018-11-05 20:00:00,31295.697
2018-11-05 21:00:00,30056.389
2018-11-05 22:00:00,28203.484
2018-11-05 23:00:00,26582.795
2018-11-06 00:00:00,24588.658
2018-11-06 01:00:00,23078.316
2018-11-06 02:00:00,22438.594
2018-11-06 03:00:00,22392.078
2018-11-06 04:00:00,22392.078
2018-11-06 05:00:00,22786.867
2018-11-06 06:00:00,25047.96
2018-11-06 07:00:00,27953.69
2018-11-06 08:00:00,28745.242
2018-11-06 09:00:00,29328.322
2018-11-06 10:00:00,29212.445
2018-11-06 11:00:00,29527.518
2018-11-06 12:00:00,29381.314
2018-11-06 13:00:00,29267.848
2018-11-06 14:00:00,29362.785
2018-11-06 15:00:00,29464.125
2018-11-06 16:00:00,29530.139
2018-11-06 17:00:00,31341.209
2018-11-06 18:00:00,32428.744
2018-11-06 19:00:00,32130.791
2018-11-06 20:00:00,31680.85
2018-11-06 21:00:00,31005.691
2018-11-06 22:00:00,28732.945
2018-11-06 23:00:00,26901.188
2018-11-07 00:00:00,24740.623
2018-11-07 01:00:00,23385.805
2018-11-07 02:00:00,22845.31
2018-11-07 03:00:00,22605.787
2018-11-07 04:00:00,22505.357
2018-11-07 05:00:00,22912.09
2018-11-07 06:00:00,24824.578
2018-11-07 07:00:00,27536.451
2018-11-07 08:00:00,28868.56
2018-11-07 09:00:00,29119.203
2018-11-07 10:00:00,29258.492
2018-11-07 11:00:00,29385.842
2018-11-07 12:00:00,29169.666
2018-11-07 13:00:00,29129.033
2018-11-07 14:00:00,29149.4
2018-11-07 15:00:00,29207.656
2018-11-07 16:00:00,29292.234
2018-11-07 17:00:00,30279.658
2018-11-07 18:00:00,32039.256
2018-11-07 19:00:00,32001.502
2018-11-07 20:00:00,31629.846
2018-11-07 21:00:00,30548.648
2018-11-07 22:00:00,28912.67
2018-11-07 23:00:00,27102.248
2018-11-08 00:00:00,24992.201
2018-11-08 01:00:00,23608.617
2018-11-08 02:00:00,22895.4
2018-11-08 03:00:00,22798.795
2018-11-08 04:00:00,22827.361
2018-11-08 05:00:00,23368.262
2018-11-08 06:00:00,25317.297
2018-11-08 07:00:00,28112.209
2018-11-08 08:00:00,29414.773
2018-11-08 09:00:00,29409.729
2018-11-08 10:00:00,29362.52
2018-11-08 11:00:00,29506.127
2018-11-08 12:00:00,29256.584
2018-11-08 13:00:00,29048.936
2018-11-08 14:00:00,29117.904
2018-11-08 15:00:00,29065.125
2018-11-08 16:00:00,29105.771
2018-11-08 17:00:00,30204.408
2018-11-08 18:00:00,31845.69
2018-11-08 19:00:00,31955.404
2018-11-08 20:00:00,31291.057
2018-11-08 21:00:00,30577.748
2018-11-08 22:00:00,28668.793
2018-11-08 23:00:00,26980.922
2018-11-09 00:00:00,24832.502
2018-11-09 01:00:00,23866.941
2018-11-09 02:00:00,22481.867
2018-11-09 03:00:00,22311.53
2018-11-09 04:00:00,22265.01
2018-11-09 05:00:00,22907.656
2018-11-09 06:00:00,24715.309
2018-11-09 07:00:00,27348.643
2018-11-09 08:00:00,28528.186
2018-11-09 09:00:00,28675.352
2018-11-09 10:00:00,28740.064
2018-11-09 11:00:00,28911.73
2018-11-09 12:00:00,28799.25
2018-11-09 13:00:00,28724.973
2018-11-09 14:00:00,28687.443
2018-11-09 15:00:00,28754.273
2018-11-09 16:00:00,29050.9
2018-11-09 17:00:00,30631.312
2018-11-09 18:00:00,32043.479
2018-11-09 19:00:00,31982.814
2018-11-09 20:00:00,31846.771
2018-11-09 21:00:00,31434.188
2018-11-09 22:00:00,30337.78
2018-11-09 23:00:00,28170.979
2018-11-10 00:00:00,26630.758
2018-11-10 01:00:00,25590.771
2018-11-10 02:00:00,24827.129
2018-11-10 03:00:00,24542.246
2018-11-10 04:00:00,24515.285
2018-11-10 05:00:00,24887.617
2018-11-10 06:00:00,25935.97
2018-11-10 07:00:00,26434.69
2018-11-10 08:00:00,28289.92
2018-11-10 09:00:00,28684.57
2018-11-10 10:00:00,28049.055
2018-11-10 11:00:00,27884.053
2018-11-10 12:00:00,27614.295
2018-11-10 13:00:00,26860.6
2018-11-10 14:00:00,26717.773
2018-11-10 15:00:00,26727.99
2018-11-10 16:00:00,27288.184
2018-11-10 17:00:00,28252.453
2018-11-10 18:00:00,30556.576
2018-11-10 19:00:00,30602.037
2018-11-10 20:00:00,30511.67
2018-11-10 21:00:00,30107.361
2018-11-10 22:00:00,28957.191
2018-11-10 23:00:00,27806.512
2018-11-11 00:00:00,26395.062
2018-11-11 01:00:00,25328.51
2018-11-11 02:00:00,24726.562
2018-11-11 03:00:00,24542.277
2018-11-11 04:00:00,24308.715
2018-11-11 05:00:00,24542.277
2018-11-11 06:00:00,25086.322
2018-11-11 07:00:00,26126.033
2018-11-11 08:00:00,26541.158
2018-11-11 09:00:00,27230.148
2018-11-11 10:00:00,27228.516
2018-11-11 11:00:00,26598.998
2018-11-11 12:00:00,26518.014
2018-11-11 13:00:00,26139.688
2018-11-11 14:00:00,25907.168
2018-11-11 15:00:00,25965.424
2018-11-11 16:00:00,26546.078
2018-11-11 17:00:00,27840.838
2018-11-11 18:00:00,30254.121
2018-11-11 19:00:00,30254.121
2018-11-11 20:00:00,30234.723
2018-11-11 21:00:00,28975.584
2018-11-11 22:00:00,27939.793
2018-11-11 23:00:00,26808.684
2018-11-12 00:00:00,25136.537
2018-11-12 01:00:00,23704.55
2018-11-12 02:00:00,23133.209
2018-11-12 03:00:00,23039.037
2018-11-12 04:00:00,23188.248
2018-11-12 05:00:00,23931.188
2018-11-12 06:00:00,26355.195
2018-11-12 07:00:00,29081.205
2018-11-12 08:00:00,30897.037
2018-11-12 09:00:00,30835.44
2018-11-12 10:00:00,30506.082
2018-11-12 11:00:00,30498.164
2018-11-12 12:00:00,30300.305
2018-11-12 13:00:00,30169.715
2018-11-12 14:00:00,29607.564
2018-11-12 15:00:00,29439.467
2018-11-12 16:00:00,29522.713
2018-11-12 17:00:00,31090.652
2018-11-12 18:00:00,32659.838
2018-11-12 19:00:00,32584.174
2018-11-12 20:00:00,32242.19
2018-11-12 21:00:00,31230.29
2018-11-12 22:00:00,29439.861
2018-11-12 23:00:00,27776.223
2018-11-13 00:00:00,25479.986
2018-11-13 01:00:00,24260.172
2018-11-13 02:00:00,23328.234
2018-11-13 03:00:00,23123.25
2018-11-13 04:00:00,23288.773
2018-11-13 05:00:00,23683.145
2018-11-13 06:00:00,26138.254
2018-11-13 07:00:00,28789.867
2018-11-13 08:00:00,30364.955
2018-11-13 09:00:00,30404.908
2018-11-13 10:00:00,30227.297
2018-11-13 11:00:00,29591.9
2018-11-13 12:00:00,29273.281
2018-11-13 13:00:00,29165.613
2018-11-13 14:00:00,29260.55
2018-11-13 15:00:00,29297.416
2018-11-13 16:00:00,29419.463
2018-11-13 17:00:00,31015.838
2018-11-13 18:00:00,32714.076
2018-11-13 19:00:00,32714.076
2018-11-13 20:00:00,32397.896
2018-11-13 21:00:00,31571.684
2018-11-13 22:00:00,29516.982
2018-11-13 23:00:00,27795.68
2018-11-14 00:00:00,26005.596
2018-11-14 01:00:00,24500.398
2018-11-14 02:00:00,23914.352
2018-11-14 03:00:00,23438.059
2018-11-14 04:00:00,23438.059
2018-11-14 05:00:00,24663.754
2018-11-14 06:00:00,26502.707
2018-11-14 07:00:00,29626.225
2018-11-14 08:00:00,30811.877
2018-11-14 09:00:00,30469.408
2018-11-14 10:00:00,29564.203
2018-11-14 11:00:00,29421.24
2018-11-14 12:00:00,29225.568
2018-11-14 13:00:00,29250.176
2018-11-14 14:00:00,29345.113
2018-11-14 15:00:00,29403.37
2018-11-14 16:00:00,29628.6
2018-11-14 17:00:00,30990.754
2018-11-14 18:00:00,32313.893
2018-11-14 19:00:00,32254.783
2018-11-14 20:00:00,31982.01
2018-11-14 21:00:00,30886.334
2018-11-14 22:00:00,28934.06
2018-11-14 23:00:00,27097.002
2018-11-15 00:00:00,24866.533
2018-11-15 01:00:00,23513.348
2018-11-15 02:00:00,22570.416
2018-11-15 03:00:00,22390.975
2018-11-15 04:00:00,22303.936
2018-11-15 05:00:00,22887.916
2018-11-15 06:00:00,25029.988
2018-11-15 07:00:00,27672.104
2018-11-15 08:00:00,29277.717
2018-11-15 09:00:00,29057.174
2018-11-15 10:00:00,29136.203
2018-11-15 11:00:00,29056.791
2018-11-15 12:00:00,28970.236
2018-11-15 13:00:00,28757.955
2018-11-15 14:00:00,28852.893
2018-11-15 15:00:00,28728.531
2018-11-15 16:00:00,29706.219
2018-11-15 17:00:00,30425.61
2018-11-15 18:00:00,32093.932
2018-11-15 19:00:00,32053.354
2018-11-15 20:00:00,31800.088
2018-11-15 21:00:00,30996.402
2018-11-15 22:00:00,29183.373
2018-11-15 23:00:00,27269.117
2018-11-16 00:00:00,25398.943
2018-11-16 01:00:00,23858.82
2018-11-16 02:00:00,23058.025
2018-11-16 03:00:00,22698.115
2018-11-16 04:00:00,22719.635
2018-11-16 05:00:00,23498.432
2018-11-16 06:00:00,25638.184
2018-11-16 07:00:00,28198.002
2018-11-16 08:00:00,30040.832
2018-11-16 09:00:00,29429.445
2018-11-16 10:00:00,29159.451
2018-11-16 11:00:00,28984.438
2018-11-16 12:00:00,28869.293
2018-11-16 13:00:00,28233.047
2018-11-16 14:00:00,28278.348
2018-11-16 15:00:00,28321.611
2018-11-16 16:00:00,28925.852
2018-11-16 17:00:00,29533.035
2018-11-16 18:00:00,31543.164
2018-11-16 19:00:00,31489.146
2018-11-16 20:00:00,31188.959
2018-11-16 21:00:00,30484.156
2018-11-16 22:00:00,28850.771
2018-11-16 23:00:00,27997.73
2018-11-17 00:00:00,25805.078
2018-11-17 01:00:00,24721.549
2018-11-17 02:00:00,23847.98
2018-11-17 03:00:00,23632.188
2018-11-17 04:00:00,23632.188
2018-11-17 05:00:00,23812.613
2018-11-17 06:00:00,24602.33
2018-11-17 07:00:00,25879.783
2018-11-17 08:00:00,26637.865
2018-11-17 09:00:00,27573.523
2018-11-17 10:00:00,27553.184
2018-11-17 11:00:00,27517.47
2018-11-17 12:00:00,27412.229
2018-11-17 13:00:00,27341.195
2018-11-17 14:00:00,26669.734
2018-11-17 15:00:00,26727.99
2018-11-17 16:00:00,27011.125
2018-11-17 17:00:00,28061.154
2018-11-17 18:00:00,29345.0
2018-11-17 19:00:00,29301.916
2018-11-17 20:00:00,28905.016
2018-11-17 21:00:00,28030.014
2018-11-17 22:00:00,27161.818
2018-11-17 23:00:00,26370.62
2018-11-18 00:00:00,24646.816
2018-11-18 01:00:00,23223.943
2018-11-18 02:00:00,22341.23
2018-11-18 03:00:00,22097.484
2018-11-18 04:00:00,22010.445
2018-11-18 05:00:00,22276.746
2018-11-18 06:00:00,22585.29
2018-11-18 07:00:00,23716.967
2018-11-18 08:00:00,24656.604
2018-11-18 09:00:00,25887.21
2018-11-18 10:00:00,26391.316
2018-11-18 11:00:00,26882.611
2018-11-18 12:00:00,26989.787
2018-11-18 13:00:00,27054.348
2018-11-18 14:00:00,27171.262
2018-11-18 15:00:00,27510.072
2018-11-18 16:00:00,28054.166
2018-11-18 17:00:00,29282.83
2018-11-18 18:00:00,31307.098
2018-11-18 19:00:00,31307.098
2018-11-18 20:00:00,31228.273
2018-11-18 21:00:00,30855.395
2018-11-18 22:00:00,29534.945
2018-11-18 23:00:00,27908.057
2018-11-19 00:00:00,26484.092
2018-11-19 01:00:00,25724.938
2018-11-19 02:00:00,24932.43
2018-11-19 03:00:00,24588.887
2018-11-19 04:00:00,24932.43
2018-11-19 05:00:00,25799.898
2018-11-19 06:00:00,27526.398
2018-11-19 07:00:00,30514.268
2018-11-19 08:00:00,31938.016
2018-11-19 09:00:00,32034.574
2018-11-19 10:00:00,31618.805
2018-11-19 11:00:00,31478.932
2018-11-19 12:00:00,31271.502
2018-11-19 13:00:00,30986.154
2018-11-19 14:00:00,30949.371
2018-11-19 15:00:00,31007.627
2018-11-19 16:00:00,31323.164
2018-11-19 17:00:00,32408.418
2018-11-19 18:00:00,34620.59
2018-11-19 19:00:00,34802.664
2018-11-19 20:00:00,34502.438
2018-11-19 21:00:00,33840.477
2018-11-19 22:00:00,31947.4
2018-11-19 23:00:00,30524.344
2018-11-20 00:00:00,27696.38
2018-11-20 01:00:00,26789.2
2018-11-20 02:00:00,26037.117
2018-11-20 03:00:00,25841.059
2018-11-20 04:00:00,25841.059
2018-11-20 05:00:00,26393.871
2018-11-20 06:00:00,27937.576
2018-11-20 07:00:00,31028.459
2018-11-20 08:00:00,32285.715
2018-11-20 09:00:00,32039.355
2018-11-20 10:00:00,31392.29
2018-11-20 11:00:00,30998.928
2018-11-20 12:00:00,30865.295
2018-11-20 13:00:00,30529.84
2018-11-20 14:00:00,30347.465
2018-11-20 15:00:00,30405.72
2018-11-20 16:00:00,30868.412
2018-11-20 17:00:00,31590.215
2018-11-20 18:00:00,33539.277
2018-11-20 19:00:00,33578.55
2018-11-20 20:00:00,33021.98
2018-11-20 21:00:00,31851.188
2018-11-20 22:00:00,31071.236
2018-11-20 23:00:00,28919.361
2018-11-21 00:00:00,27099.283
2018-11-21 01:00:00,25895.89
2018-11-21 02:00:00,25238.562
2018-11-21 03:00:00,24938.395
2018-11-21 04:00:00,24990.7
2018-11-21 05:00:00,25608.285
2018-11-21 06:00:00,27304.01
2018-11-21 07:00:00,30146.387
2018-11-21 08:00:00,31310.588
2018-11-21 09:00:00,31447.227
2018-11-21 10:00:00,31243.473
2018-11-21 11:00:00,30984.72
2018-11-21 12:00:00,30551.076
2018-11-21 13:00:00,29759.977
2018-11-21 14:00:00,29737.824
2018-11-21 15:00:00,29659.678
2018-11-21 16:00:00,29815.463
2018-11-21 17:00:00,31282.295
2018-11-21 18:00:00,32684.08
2018-11-21 19:00:00,32550.928
2018-11-21 20:00:00,32209.236
2018-11-21 21:00:00,31744.047
2018-11-21 22:00:00,30351.26
2018-11-21 23:00:00,28658.117
2018-11-22 00:00:00,26703.092
2018-11-22 01:00:00,25299.734
2018-11-22 02:00:00,24320.027
2018-11-22 03:00:00,24004.492
2018-11-22 04:00:00,24096.113
2018-11-22 05:00:00,24176.11
2018-11-22 06:00:00,25270.738
2018-11-22 07:00:00,26603.072
2018-11-22 08:00:00,27222.87
2018-11-22 09:00:00,28278.105
2018-11-22 10:00:00,28627.514
2018-11-22 11:00:00,28812.39
2018-11-22 12:00:00,28613.648
2018-11-22 13:00:00,28009.959
2018-11-22 14:00:00,27459.336
2018-11-22 15:00:00,27194.709
2018-11-22 16:00:00,26943.588
2018-11-22 17:00:00,27160.896
2018-11-22 18:00:00,27674.05
2018-11-22 19:00:00,27592.408
2018-11-22 20:00:00,27547.049
2018-11-22 21:00:00,27526.586
2018-11-22 22:00:00,27064.713
2018-11-22 23:00:00,25989.752
2018-11-23 00:00:00,24963.326
2018-11-23 01:00:00,23493.512
2018-11-23 02:00:00,23150.615
2018-11-23 03:00:00,22991.486
2018-11-23 04:00:00,23063.576
2018-11-23 05:00:00,23681.729
2018-11-23 06:00:00,25066.164
2018-11-23 07:00:00,26885.799
2018-11-23 08:00:00,27482.111
2018-11-23 09:00:00,27852.594
2018-11-23 10:00:00,27553.838
2018-11-23 11:00:00,27541.387
2018-11-23 12:00:00,27296.7
2018-11-23 13:00:00,27246.8
2018-11-23 14:00:00,27130.041
2018-11-23 15:00:00,27108.883
2018-11-23 16:00:00,27393.613
2018-11-23 17:00:00,28230.592
2018-11-23 18:00:00,29906.344
2018-11-23 19:00:00,29603.938
2018-11-23 20:00:00,29380.273
2018-11-23 21:00:00,28861.047
2018-11-23 22:00:00,27564.39
2018-11-23 23:00:00,26552.582
2018-11-24 00:00:00,24628.04
2018-11-24 01:00:00,23119.469
2018-11-24 02:00:00,22648.545
2018-11-24 03:00:00,22570.383
2018-11-24 04:00:00,22570.383
2018-11-24 05:00:00,22618.043
2018-11-24 06:00:00,22886.227
2018-11-24 07:00:00,24344.795
2018-11-24 08:00:00,25326.975
2018-11-24 09:00:00,26013.371
2018-11-24 10:00:00,26625.316
2018-11-24 11:00:00,26670.74
2018-11-24 12:00:00,26544.283
2018-11-24 13:00:00,26518.684
2018-11-24 14:00:00,26459.152
2018-11-24 15:00:00,26457.45
2018-11-24 16:00:00,26751.5
2018-11-24 17:00:00,27745.32
2018-11-24 18:00:00,28775.92
2018-11-24 19:00:00,28762.97
2018-11-24 20:00:00,28638.932
2018-11-24 21:00:00,28053.088
2018-11-24 22:00:00,27347.209
2018-11-24 23:00:00,26461.133
2018-11-25 00:00:00,25004.078
2018-11-25 01:00:00,23090.346
2018-11-25 02:00:00,22436.771
2018-11-25 03:00:00,22162.516
2018-11-25 04:00:00,22162.516
2018-11-25 05:00:00,22351.066
2018-11-25 06:00:00,22566.957
2018-11-25 07:00:00,23937.357
2018-11-25 08:00:00,24972.193
2018-11-25 09:00:00,25806.066
2018-11-25 10:00:00,26219.695
2018-11-25 11:00:00,26392.982
2018-11-25 12:00:00,26357.459
2018-11-25 13:00:00,26400.633
2018-11-25 14:00:00,26525.264
2018-11-25 15:00:00,26672.691
2018-11-25 16:00:00,26989.965
2018-11-25 17:00:00,28257.045
2018-11-25 18:00:00,30834.81
2018-11-25 19:00:00,31024.68
2018-11-25 20:00:00,30952.08
2018-11-25 21:00:00,30556.512
2018-11-25 22:00:00,29039.89
2018-11-25 23:00:00,27547.488
2018-11-26 00:00:00,26256.604
2018-11-26 01:00:00,24881.207
2018-11-26 02:00:00,24259.117
2018-11-26 03:00:00,24211.46
2018-11-26 04:00:00,24445.965
2018-11-26 05:00:00,25270.422
2018-11-26 06:00:00,26897.82
2018-11-26 07:00:00,30282.258
2018-11-26 08:00:00,31259.041
2018-11-26 09:00:00,31178.418
2018-11-26 10:00:00,30950.723
2018-11-26 11:00:00,30685.064
2018-11-26 12:00:00,30099.94
2018-11-26 13:00:00,29800.14
2018-11-26 14:00:00,29603.457
2018-11-26 15:00:00,29661.713
2018-11-26 16:00:00,30126.23
2018-11-26 17:00:00,31587.27
2018-11-26 18:00:00,33290.754
2018-11-26 19:00:00,33338.188
2018-11-26 20:00:00,32872.242
2018-11-26 21:00:00,32107.781
2018-11-26 22:00:00,30812.447
2018-11-26 23:00:00,28222.402
2018-11-27 00:00:00,26478.775
2018-11-27 01:00:00,24946.566
2018-11-27 02:00:00,24004.492
2018-11-27 03:00:00,23715.297
2018-11-27 04:00:00,23715.297
2018-11-27 05:00:00,24176.11
2018-11-27 06:00:00,26271.988
2018-11-27 07:00:00,29460.4
2018-11-27 08:00:00,31022.62
2018-11-27 09:00:00,31001.877
2018-11-27 10:00:00,30769.906
2018-11-27 11:00:00,30869.717
2018-11-27 12:00:00,30807.424
2018-11-27 13:00:00,30146.518
2018-11-27 14:00:00,30191.93
2018-11-27 15:00:00,30092.504
2018-11-27 16:00:00,30386.05
2018-11-27 17:00:00,31523.797
2018-11-27 18:00:00,32836.426
2018-11-27 19:00:00,32783.164
2018-11-27 20:00:00,32224.197
2018-11-27 21:00:00,31650.89
2018-11-27 22:00:00,29915.154
2018-11-27 23:00:00,27637.154
2018-11-28 00:00:00,25455.268
2018-11-28 01:00:00,23809.566
2018-11-28 02:00:00,23262.34
2018-11-28 03:00:00,22711.25
2018-11-28 04:00:00,22610.82
2018-11-28 05:00:00,23459.977
2018-11-28 06:00:00,25371.664
2018-11-28 07:00:00,27983.018
2018-11-28 08:00:00,29819.414
2018-11-28 09:00:00,29987.154
2018-11-28 10:00:00,30079.352
2018-11-28 11:00:00,29752.475
2018-11-28 12:00:00,29727.299
2018-11-28 13:00:00,29617.404
2018-11-28 14:00:00,29712.342
2018-11-28 15:00:00,29748.258
2018-11-28 16:00:00,29989.678
2018-11-28 17:00:00,31326.676
2018-11-28 18:00:00,32340.88
2018-11-28 19:00:00,32355.904
2018-11-28 20:00:00,32044.873
2018-11-28 21:00:00,31227.234
2018-11-28 22:00:00,29438.871
2018-11-28 23:00:00,27672.771
2018-11-29 00:00:00,25580.936
2018-11-29 01:00:00,23912.215
2018-11-29 02:00:00,23146.055
2018-11-29 03:00:00,22935.805
2018-11-29 04:00:00,23021.82
2018-11-29 05:00:00,23767.457
2018-11-29 06:00:00,25698.082
2018-11-29 07:00:00,28490.352
2018-11-29 08:00:00,30778.709
2018-11-29 09:00:00,30783.967
2018-11-29 10:00:00,30281.945
2018-11-29 11:00:00,30023.6
2018-11-29 12:00:00,29818.584
2018-11-29 13:00:00,29749.887
2018-11-29 14:00:00,29704.422
2018-11-29 15:00:00,29321.068
2018-11-29 16:00:00,30412.533
2018-11-29 17:00:00,31483.688
2018-11-29 18:00:00,33085.086
2018-11-29 19:00:00,33211.223
2018-11-29 20:00:00,32832.434
2018-11-29 21:00:00,32035.996
2018-11-29 22:00:00,30743.336
2018-11-29 23:00:00,28395.24
2018-11-30 00:00:00,26546.12
2018-11-30 01:00:00,25120.832
2018-11-30 02:00:00,24293.39
2018-11-30 03:00:00,23909.145
2018-11-30 04:00:00,24057.902
2018-11-30 05:00:00,24957.297
2018-11-30 06:00:00,26573.684
2018-11-30 07:00:00,29678.59
2018-11-30 08:00:00,31013.723
2018-11-30 09:00:00,31020.088
2018-11-30 10:00:00,30367.191
2018-11-30 11:00:00,30187.248
2018-11-30 12:00:00,28991.053
2018-11-30 13:00:00,28695.742
2018-11-30 14:00:00,28705.162
2018-11-30 15:00:00,28763.418
2018-11-30 16:00:00,29160.924
2018-11-30 17:00:00,31103.324
2018-11-30 18:00:00,32660.37
2018-11-30 19:00:00,32454.623
2018-11-30 20:00:00,32250.783
2018-11-30 21:00:00,31659.324
2018-11-30 22:00:00,30787.98
2018-11-30 23:00:00,29128.828
2018-12-01 00:00:00,27054.277
2018-12-01 01:00:00,25804.064
2018-12-01 02:00:00,25057.656
2018-12-01 03:00:00,24835.914
2018-12-01 04:00:00,24835.914
2018-12-01 05:00:00,24931.746
2018-12-01 06:00:00,25680.768
2018-12-01 07:00:00,26948.42
2018-12-01 08:00:00,27922.348
2018-12-01 09:00:00,28413.447
2018-12-01 10:00:00,28461.479
2018-12-01 11:00:00,27907.123
2018-12-01 12:00:00,27636.15
2018-12-01 13:00:00,27230.576
2018-12-01 14:00:00,27082.309
2018-12-01 15:00:00,27076.656
2018-12-01 16:00:00,27454.344
2018-12-01 17:00:00,28975.54
2018-12-01 18:00:00,30964.018
2018-12-01 19:00:00,31024.68
2018-12-01 20:00:00,30895.473
2018-12-01 21:00:00,30392.977
2018-12-01 22:00:00,29823.182
2018-12-01 23:00:00,28090.193
2018-12-02 00:00:00,26856.66
2018-12-02 01:00:00,25440.951
2018-12-02 02:00:00,24744.29
2018-12-02 03:00:00,24453.09
2018-12-02 04:00:00,24405.434
2018-12-02 05:00:00,24593.984
2018-12-02 06:00:00,24866.678
2018-12-02 07:00:00,25962.916
2018-12-02 08:00:00,26770.451
2018-12-02 09:00:00,27273.361
2018-12-02 10:00:00,27373.691
2018-12-02 11:00:00,27396.447
2018-12-02 12:00:00,27054.193
2018-12-02 13:00:00,26973.762
2018-12-02 14:00:00,26942.494
2018-12-02 15:00:00,27000.75
2018-12-02 16:00:00,27344.514
2018-12-02 17:00:00,28826.951
2018-12-02 18:00:00,31369.406
2018-12-02 19:00:00,31764.197
2018-12-02 20:00:00,31675.639
2018-12-02 21:00:00,31392.438
2018-12-02 22:00:00,30030.172
2018-12-02 23:00:00,28120.432
2018-12-03 00:00:00,26617.385
2018-12-03 01:00:00,25423.77
2018-12-03 02:00:00,24921.312
2018-12-03 03:00:00,24685.82
2018-12-03 04:00:00,24921.312
2018-12-03 05:00:00,25691.668
2018-12-03 06:00:00,27426.984
2018-12-03 07:00:00,30706.635
2018-12-03 08:00:00,32465.709
2018-12-03 09:00:00,32344.066
2018-12-03 10:00:00,31786.828
2018-12-03 11:00:00,31324.611
2018-12-03 12:00:00,30729.22
2018-12-03 13:00:00,30043.252
2018-12-03 14:00:00,29828.201
2018-12-03 15:00:00,29886.457
2018-12-03 16:00:00,30642.498
2018-12-03 17:00:00,32006.92
2018-12-03 18:00:00,34155.867
2018-12-03 19:00:00,34155.867
2018-12-03 20:00:00,33737.113
2018-12-03 21:00:00,32952.516
2018-12-03 22:00:00,31592.264
2018-12-03 23:00:00,29369.412
2018-12-04 00:00:00,26938.178
2018-12-04 01:00:00,25791.3
2018-12-04 02:00:00,25094.336
2018-12-04 03:00:00,24729.766
2018-12-04 04:00:00,24956.05
2018-12-04 05:00:00,25455.012
2018-12-04 06:00:00,27172.793
2018-12-04 07:00:00,30289.674
2018-12-04 08:00:00,31365.973
2018-12-04 09:00:00,31406.95
2018-12-04 10:00:00,31391.684
2018-12-04 11:00:00,31285.682
2018-12-04 12:00:00,31141.455
2018-12-04 13:00:00,30920.059
2018-12-04 14:00:00,30872.598
2018-12-04 15:00:00,31107.64
2018-12-04 16:00:00,31498.953
2018-12-04 17:00:00,33008.477
2018-12-04 18:00:00,34337.38
2018-12-04 19:00:00,34514.438
2018-12-04 20:00:00,33934.69
2018-12-04 21:00:00,32793.535
2018-12-04 22:00:00,31336.67
2018-12-04 23:00:00,29110.613
2018-12-05 00:00:00,26897.814
2018-12-05 01:00:00,25434.395
2018-12-05 02:00:00,24607.887
2018-12-05 03:00:00,24241.164
2018-12-05 04:00:00,24241.164
2018-12-05 05:00:00,25056.363
2018-12-05 06:00:00,26808.205
2018-12-05 07:00:00,30273.812
2018-12-05 08:00:00,31846.994
2018-12-05 09:00:00,31764.566
2018-12-05 10:00:00,31794.5
2018-12-05 11:00:00,31501.29
2018-12-05 12:00:00,31285.738
2018-12-05 13:00:00,31060.084
2018-12-05 14:00:00,30886.16
2018-12-05 15:00:00,31084.867
2018-12-05 16:00:00,31480.37
2018-12-05 17:00:00,32813.137
2018-12-05 18:00:00,35099.254
2018-12-05 19:00:00,35159.086
2018-12-05 20:00:00,34311.645
2018-12-05 21:00:00,33641.723
2018-12-05 22:00:00,32281.035
2018-12-05 23:00:00,29911.203
2018-12-06 00:00:00,26862.494
2018-12-06 01:00:00,25526.25
2018-12-06 02:00:00,24823.629
2018-12-06 03:00:00,24654.59
2018-12-06 04:00:00,24654.59
2018-12-06 05:00:00,25078.906
2018-12-06 06:00:00,26700.914
2018-12-06 07:00:00,30161.365
2018-12-06 08:00:00,31810.441
2018-12-06 09:00:00,31640.654
2018-12-06 10:00:00,31467.158
2018-12-06 11:00:00,30843.484
2018-12-06 12:00:00,30530.473
2018-12-06 13:00:00,30391.947
2018-12-06 14:00:00,30435.832
2018-12-06 15:00:00,30261.244
2018-12-06 16:00:00,30646.092
2018-12-06 17:00:00,32155.809
2018-12-06 18:00:00,34407.934
2018-12-06 19:00:00,34384.027
2018-12-06 20:00:00,33898.78
2018-12-06 21:00:00,33589.39
2018-12-06 22:00:00,32509.389
2018-12-06 23:00:00,30193.262
2018-12-07 00:00:00,27084.688
2018-12-07 01:00:00,26054.053
2018-12-07 02:00:00,25659.227
2018-12-07 03:00:00,25425.254
2018-12-07 04:00:00,25487.938
2018-12-07 05:00:00,25876.674
2018-12-07 06:00:00,27455.04
2018-12-07 07:00:00,31127.14
2018-12-07 08:00:00,32422.465
2018-12-07 09:00:00,32372.037
2018-12-07 10:00:00,32406.822
2018-12-07 11:00:00,32019.434
2018-12-07 12:00:00,31823.57
2018-12-07 13:00:00,31774.926
2018-12-07 14:00:00,31861.717
2018-12-07 15:00:00,32063.527
2018-12-07 16:00:00,32249.865
2018-12-07 17:00:00,33014.727
2018-12-07 18:00:00,34642.45
2018-12-07 19:00:00,34428.95
2018-12-07 20:00:00,33851.383
2018-12-07 21:00:00,33030.055
2018-12-07 22:00:00,32439.264
2018-12-07 23:00:00,30807.262
2018-12-08 00:00:00,27564.564
2018-12-08 01:00:00,26263.297
2018-12-08 02:00:00,25606.412
2018-12-08 03:00:00,25151.701
2018-12-08 04:00:00,24851.387
2018-12-08 05:00:00,25151.701
2018-12-08 06:00:00,25855.469
2018-12-08 07:00:00,26883.512
2018-12-08 08:00:00,28045.182
2018-12-08 09:00:00,29186.584
2018-12-08 10:00:00,30579.566
2018-12-08 11:00:00,30809.096
2018-12-08 12:00:00,30672.45
2018-12-08 13:00:00,30729.127
2018-12-08 14:00:00,30567.03
2018-12-08 15:00:00,30570.973
2018-12-08 16:00:00,30951.404
2018-12-08 17:00:00,31905.941
2018-12-08 18:00:00,32871.004
2018-12-08 19:00:00,32930.49
2018-12-08 20:00:00,32811.207
2018-12-08 21:00:00,32315.326
2018-12-08 22:00:00,31919.738
2018-12-08 23:00:00,30566.379
2018-12-09 00:00:00,27707.775
2018-12-09 01:00:00,26423.863
2018-12-09 02:00:00,25627.363
2018-12-09 03:00:00,25303.889
2018-12-09 04:00:00,25234.408
2018-12-09 05:00:00,25303.889
2018-12-09 06:00:00,25617.695
2018-12-09 07:00:00,26692.818
2018-12-09 08:00:00,27751.727
2018-12-09 09:00:00,28443.295
2018-12-09 10:00:00,29871.902
2018-12-09 11:00:00,29443.309
2018-12-09 12:00:00,29096.395
2018-12-09 13:00:00,29170.48
2018-12-09 14:00:00,29130.178
2018-12-09 15:00:00,29188.434
2018-12-09 16:00:00,29395.15
2018-12-09 17:00:00,31850.967
2018-12-09 18:00:00,32903.137
2018-12-09 19:00:00,32903.137
2018-12-09 20:00:00,32903.137
2018-12-09 21:00:00,32377.53
2018-12-09 22:00:00,31535.24
2018-12-09 23:00:00,29066.18
2018-12-10 00:00:00,26899.969
2018-12-10 01:00:00,25454.158
2018-12-10 02:00:00,24510.746
2018-12-10 03:00:00,24273.098
2018-12-10 04:00:00,24380.57
2018-12-10 05:00:00,24912.271
2018-12-10 06:00:00,26889.414
2018-12-10 07:00:00,30079.541
2018-12-10 08:00:00,31575.412
2018-12-10 09:00:00,31819.89
2018-12-10 10:00:00,32027.398
2018-12-10 11:00:00,31836.596
2018-12-10 12:00:00,31629.518
2018-12-10 13:00:00,31555.215
2018-12-10 14:00:00,31365.701
2018-12-10 15:00:00,31043.803
2018-12-10 16:00:00,31381.467
2018-12-10 17:00:00,32756.965
2018-12-10 18:00:00,34595.31
2018-12-10 19:00:00,34769.47
2018-12-10 20:00:00,34307.164
2018-12-10 21:00:00,33672.027
2018-12-10 22:00:00,32152.508
2018-12-10 23:00:00,30139.736
2018-12-11 00:00:00,26940.32
2018-12-11 01:00:00,25785.695
2018-12-11 02:00:00,24564.47
2018-12-11 03:00:00,24286.713
2018-12-11 04:00:00,24057.168
2018-12-11 05:00:00,24937.916
2018-12-11 06:00:00,26820.781
2018-12-11 07:00:00,30221.092
2018-12-11 08:00:00,31935.195
2018-12-11 09:00:00,32027.037
2018-12-11 10:00:00,31749.838
2018-12-11 11:00:00,31798.578
2018-12-11 12:00:00,31488.95
2018-12-11 13:00:00,31090.715
2018-12-11 14:00:00,31035.58
2018-12-11 15:00:00,31222.812
2018-12-11 16:00:00,31849.842
2018-12-11 17:00:00,32945.734
2018-12-11 18:00:00,34927.168
2018-12-11 19:00:00,34927.168
2018-12-11 20:00:00,34615.598
2018-12-11 21:00:00,33978.016
2018-12-11 22:00:00,32655.885
2018-12-11 23:00:00,30983.475
2018-12-12 00:00:00,28310.127
2018-12-12 01:00:00,27093.111
2018-12-12 02:00:00,25866.098
2018-12-12 03:00:00,25796.242
2018-12-12 04:00:00,26656.912
2018-12-12 05:00:00,27273.326
2018-12-12 06:00:00,28824.158
2018-12-12 07:00:00,32194.908
2018-12-12 08:00:00,33485.19
2018-12-12 09:00:00,33355.08
2018-12-12 10:00:00,33053.113
2018-12-12 11:00:00,32380.896
2018-12-12 12:00:00,31751.982
2018-12-12 13:00:00,31729.172
2018-12-12 14:00:00,31830.531
2018-12-12 15:00:00,31888.787
2018-12-12 16:00:00,32628.898
2018-12-12 17:00:00,34251.85
2018-12-12 18:00:00,36155.84
2018-12-12 19:00:00,36284.016
2018-12-12 20:00:00,35793.473
2018-12-12 21:00:00,35550.816
2018-12-12 22:00:00,33497.99
2018-12-12 23:00:00,31551.87
2018-12-13 00:00:00,28566.959
2018-12-13 01:00:00,26909.523
2018-12-13 02:00:00,26674.46
2018-12-13 03:00:00,26161.156
2018-12-13 04:00:00,26415.66
2018-12-13 05:00:00,26807.182
2018-12-13 06:00:00,28866.65
2018-12-13 07:00:00,31688.586
2018-12-13 08:00:00,32853.168
2018-12-13 09:00:00,33068.613
2018-12-13 10:00:00,33316.867
2018-12-13 11:00:00,33565.01
2018-12-13 12:00:00,33263.58
2018-12-13 13:00:00,33337.656
2018-12-13 14:00:00,33424.426
2018-12-13 15:00:00,33350.66
2018-12-13 16:00:00,33816.055
2018-12-13 17:00:00,34913.645
2018-12-13 18:00:00,38210.55
2018-12-13 19:00:00,37514.69
2018-12-13 20:00:00,37204.04
2018-12-13 21:00:00,35596.566
2018-12-13 22:00:00,33746.23
2018-12-13 23:00:00,32277.219
2018-12-14 00:00:00,30602.055
2018-12-14 01:00:00,29611.277
2018-12-14 02:00:00,28215.51
2018-12-14 03:00:00,28040.252
2018-12-14 04:00:00,28125.428
2018-12-14 05:00:00,29361.945
2018-12-14 06:00:00,31136.854
2018-12-14 07:00:00,33078.09
2018-12-14 08:00:00,34672.81
2018-12-14 09:00:00,34849.33
2018-12-14 10:00:00,34647.902
2018-12-14 11:00:00,34762.375
2018-12-14 12:00:00,34125.74
2018-12-14 13:00:00,33718.156
2018-12-14 14:00:00,33824.066
2018-12-14 15:00:00,33889.79
2018-12-14 16:00:00,33952.93
2018-12-14 17:00:00,36431.15
2018-12-14 18:00:00,37866.06
2018-12-14 19:00:00,37608.08
2018-12-14 20:00:00,37292.336
2018-12-14 21:00:00,36527.23
2018-12-14 22:00:00,34413.69
2018-12-14 23:00:00,32729.143
2018-12-15 00:00:00,30321.059
2018-12-15 01:00:00,29007.785
2018-12-15 02:00:00,28254.688
2018-12-15 03:00:00,27113.842
2018-12-15 04:00:00,26848.018
2018-12-15 05:00:00,27094.102
2018-12-15 06:00:00,28399.096
2018-12-15 07:00:00,29950.639
2018-12-15 08:00:00,30919.729
2018-12-15 09:00:00,31662.404
2018-12-15 10:00:00,32333.83
2018-12-15 11:00:00,32146.373
2018-12-15 12:00:00,32225.44
2018-12-15 13:00:00,31971.729
2018-12-15 14:00:00,31824.434
2018-12-15 15:00:00,31483.545
2018-12-15 16:00:00,31391.195
2018-12-15 17:00:00,32672.2
2018-12-15 18:00:00,33826.44
2018-12-15 19:00:00,33853.59
2018-12-15 20:00:00,33500.81
2018-12-15 21:00:00,32902.71
2018-12-15 22:00:00,32064.21
2018-12-15 23:00:00,31018.8
2018-12-16 00:00:00,28303.84
2018-12-16 01:00:00,26821.234
2018-12-16 02:00:00,26074.287
2018-12-16 03:00:00,25824.627
2018-12-16 04:00:00,25524.705
2018-12-16 05:00:00,25658.096
2018-12-16 06:00:00,25892.79
2018-12-16 07:00:00,26865.73
2018-12-16 08:00:00,27872.682
2018-12-16 09:00:00,28712.602
2018-12-16 10:00:00,28827.303
2018-12-16 11:00:00,28565.94
2018-12-16 12:00:00,28549.332
2018-12-16 13:00:00,28463.543
2018-12-16 14:00:00,28524.9
2018-12-16 15:00:00,28898.836
2018-12-16 16:00:00,29169.701
2018-12-16 17:00:00,31316.473
2018-12-16 18:00:00,32864.37
2018-12-16 19:00:00,33334.223
2018-12-16 20:00:00,33305.74
2018-12-16 21:00:00,32766.71
2018-12-16 22:00:00,31650.93
2018-12-16 23:00:00,30379.354
2018-12-17 00:00:00,27657.309
2018-12-17 01:00:00,26482.336
2018-12-17 02:00:00,25807.71
2018-12-17 03:00:00,25629.738
2018-12-17 04:00:00,25629.738
2018-12-17 05:00:00,26224.357
2018-12-17 06:00:00,28423.953
2018-12-17 07:00:00,31564.69
2018-12-17 08:00:00,33054.305
2018-12-17 09:00:00,33226.953
2018-12-17 10:00:00,33034.95
2018-12-17 11:00:00,32642.955
2018-12-17 12:00:00,32203.889
2018-12-17 13:00:00,31278.959
2018-12-17 14:00:00,31365.75
2018-12-17 15:00:00,31547.041
2018-12-17 16:00:00,31787.004
2018-12-17 17:00:00,33692.125
2018-12-17 18:00:00,35674.277
2018-12-17 19:00:00,35548.14
2018-12-17 20:00:00,35475.953
2018-12-17 21:00:00,34964.17
2018-12-17 22:00:00,32692.492
2018-12-17 23:00:00,30712.068
2018-12-18 00:00:00,28286.545
2018-12-18 01:00:00,26271.756
2018-12-18 02:00:00,25867.217
2018-12-18 03:00:00,25161.69
2018-12-18 04:00:00,25549.916
2018-12-18 05:00:00,26603.633
2018-12-18 06:00:00,28018.805
2018-12-18 07:00:00,29990.809
2018-12-18 08:00:00,32442.557
2018-12-18 09:00:00,32510.525
2018-12-18 10:00:00,32334.64
2018-12-18 11:00:00,31413.752
2018-12-18 12:00:00,31429.256
2018-12-18 13:00:00,31229.611
2018-12-18 14:00:00,31141.459
2018-12-18 15:00:00,31190.17
2018-12-18 16:00:00,31420.385
2018-12-18 17:00:00,32015.084
2018-12-18 18:00:00,35034.293
2018-12-18 19:00:00,35155.582
2018-12-18 20:00:00,34670.047
2018-12-18 21:00:00,33796.05
2018-12-18 22:00:00,32140.7
2018-12-18 23:00:00,30569.938
2018-12-19 00:00:00,27885.154
2018-12-19 01:00:00,26167.69
2018-12-19 02:00:00,24845.78
2018-12-19 03:00:00,24517.64
2018-12-19 04:00:00,24597.406
2018-12-19 05:00:00,25525.357
2018-12-19 06:00:00,27492.342
2018-12-19 07:00:00,29229.396
2018-12-19 08:00:00,31956.936
2018-12-19 09:00:00,32144.16
2018-12-19 10:00:00,32096.867
2018-12-19 11:00:00,32252.139
2018-12-19 12:00:00,32184.244
2018-12-19 13:00:00,31115.459
2018-12-19 14:00:00,31202.25
2018-12-19 15:00:00,31114.63
2018-12-19 16:00:00,31337.262
2018-12-19 17:00:00,32835.977
2018-12-19 18:00:00,34714.016
2018-12-19 19:00:00,34525.99
2018-12-19 20:00:00,34243.258
2018-12-19 21:00:00,33323.96
2018-12-19 22:00:00,32590.871
2018-12-19 23:00:00,31026.65
2018-12-20 00:00:00,27820.281
2018-12-20 01:00:00,26553.271
2018-12-20 02:00:00,25698.732
2018-12-20 03:00:00,25489.352
2018-12-20 04:00:00,25234.852
2018-12-20 05:00:00,25721.492
2018-12-20 06:00:00,26854.553
2018-12-20 07:00:00,30905.404
2018-12-20 08:00:00,32327.316
2018-12-20 09:00:00,32157.838
2018-12-20 10:00:00,32008.658
2018-12-20 11:00:00,31656.918
2018-12-20 12:00:00,31285.967
2018-12-20 13:00:00,30005.867
2018-12-20 14:00:00,29940.896
2018-12-20 15:00:00,29967.688
2018-12-20 16:00:00,30658.195
2018-12-20 17:00:00,32402.072
2018-12-20 18:00:00,33650.14
2018-12-20 19:00:00,33540.645
2018-12-20 20:00:00,33434.562
2018-12-20 21:00:00,33220.523
2018-12-20 22:00:00,32181.385
2018-12-20 23:00:00,30362.414
2018-12-21 00:00:00,27299.18
2018-12-21 01:00:00,25990.64
2018-12-21 02:00:00,24905.729
2018-12-21 03:00:00,24783.777
2018-12-21 04:00:00,24822.633
2018-12-21 05:00:00,25253.84
2018-12-21 06:00:00,26399.504
2018-12-21 07:00:00,29246.97
2018-12-21 08:00:00,31523.785
2018-12-21 09:00:00,31747.604
2018-12-21 10:00:00,31780.367
2018-12-21 11:00:00,31221.344
2018-12-21 12:00:00,30386.723
2018-12-21 13:00:00,29782.55
2018-12-21 14:00:00,28938.496
2018-12-21 15:00:00,28721.5
2018-12-21 16:00:00,28865.805
2018-12-21 17:00:00,31356.707
2018-12-21 18:00:00,32947.62
2018-12-21 19:00:00,32824.938
2018-12-21 20:00:00,31990.926
2018-12-21 21:00:00,31525.93
2018-12-21 22:00:00,29507.049
2018-12-21 23:00:00,28344.838
2018-12-22 00:00:00,25952.428
2018-12-22 01:00:00,24129.56
2018-12-22 02:00:00,23402.928
2018-12-22 03:00:00,22986.912
2018-12-22 04:00:00,22625.06
2018-12-22 05:00:00,22755.611
2018-12-22 06:00:00,23321.984
2018-12-22 07:00:00,24202.482
2018-12-22 08:00:00,25428.63
2018-12-22 09:00:00,26673.162
2018-12-22 10:00:00,28013.977
2018-12-22 11:00:00,28461.992
2018-12-22 12:00:00,28599.61
2018-12-22 13:00:00,28678.15
2018-12-22 14:00:00,28368.34
2018-12-22 15:00:00,27671.486
2018-12-22 16:00:00,27750.61
2018-12-22 17:00:00,28943.896
2018-12-22 18:00:00,30083.832
2018-12-22 19:00:00,30083.832
2018-12-22 20:00:00,29447.207
2018-12-22 21:00:00,29070.17
2018-12-22 22:00:00,28285.932
2018-12-22 23:00:00,27237.68
2018-12-23 00:00:00,25495.025
2018-12-23 01:00:00,24095.875
2018-12-23 02:00:00,23074.297
2018-12-23 03:00:00,22472.178
2018-12-23 04:00:00,22339.256
2018-12-23 05:00:00,22472.178
2018-12-23 06:00:00,23188.496
2018-12-23 07:00:00,24231.283
2018-12-23 08:00:00,25230.29
2018-12-23 09:00:00,26175.807
2018-12-23 10:00:00,26567.844
2018-12-23 11:00:00,26773.012
2018-12-23 12:00:00,26811.82
2018-12-23 13:00:00,26815.285
2018-12-23 14:00:00,26705.6
2018-12-23 15:00:00,26795.848
2018-12-23 16:00:00,27377.78
2018-12-23 17:00:00,27889.309
2018-12-23 18:00:00,29968.268
2018-12-23 19:00:00,29191.379
2018-12-23 20:00:00,29130.395
2018-12-23 21:00:00,29221.312
2018-12-23 22:00:00,28578.172
2018-12-23 23:00:00,27589.383
2018-12-24 00:00:00,26345.61
2018-12-24 01:00:00,24824.088
2018-12-24 02:00:00,24004.59
2018-12-24 03:00:00,23704.078
2018-12-24 04:00:00,23743.465
2018-12-24 05:00:00,24128.475
2018-12-24 06:00:00,25286.682
2018-12-24 07:00:00,26993.953
2018-12-24 08:00:00,28056.25
2018-12-24 09:00:00,29005.07
2018-12-24 10:00:00,30178.406
2018-12-24 11:00:00,30907.16
2018-12-24 12:00:00,30959.992
2018-12-24 13:00:00,30976.941
2018-12-24 14:00:00,30946.127
2018-12-24 15:00:00,30865.57
2018-12-24 16:00:00,31050.031
2018-12-24 17:00:00,32005.8
2018-12-24 18:00:00,33669.7
2018-12-24 19:00:00,33669.7
2018-12-24 20:00:00,33304.305
2018-12-24 21:00:00,32697.498
2018-12-24 22:00:00,31699.842
2018-12-24 23:00:00,30388.422
2018-12-25 00:00:00,27387.059
2018-12-25 01:00:00,26246.62
2018-12-25 02:00:00,25421.541
2018-12-25 03:00:00,24942.78
2018-12-25 04:00:00,24887.744
2018-12-25 05:00:00,25593.678
2018-12-25 06:00:00,26316.58
2018-12-25 07:00:00,28874.045
2018-12-25 08:00:00,30369.875
2018-12-25 09:00:00,30960.523
2018-12-25 10:00:00,31340.59
2018-12-25 11:00:00,31498.492
2018-12-25 12:00:00,31482.328
2018-12-25 13:00:00,31282.002
2018-12-25 14:00:00,31109.227
2018-12-25 15:00:00,31220.346
2018-12-25 16:00:00,31427.727
2018-12-25 17:00:00,32032.357
2018-12-25 18:00:00,34020.89
2018-12-25 19:00:00,34246.88
2018-12-25 20:00:00,33696.63
2018-12-25 21:00:00,32846.008
2018-12-25 22:00:00,31520.174
2018-12-25 23:00:00,30275.129
2018-12-26 00:00:00,27701.318
2018-12-26 01:00:00,25892.492
2018-12-26 02:00:00,25723.049
2018-12-26 03:00:00,25526.318
2018-12-26 04:00:00,25513.947
2018-12-26 05:00:00,25770.12
2018-12-26 06:00:00,27649.63
2018-12-26 07:00:00,29744.807
2018-12-26 08:00:00,30820.35
2018-12-26 09:00:00,31513.441
2018-12-26 10:00:00,31768.348
2018-12-26 11:00:00,32173.035
2018-12-26 12:00:00,32225.867
2018-12-26 13:00:00,32143.434
2018-12-26 14:00:00,31932.13
2018-12-26 15:00:00,31944.125
2018-12-26 16:00:00,32215.62
2018-12-26 17:00:00,33681.6
2018-12-26 18:00:00,35656.094
2018-12-26 19:00:00,35016.188
2018-12-26 20:00:00,35048.97
2018-12-26 21:00:00,34835.29
2018-12-26 22:00:00,33654.34
2018-12-26 23:00:00,31248.62
2018-12-27 00:00:00,29036.95
2018-12-27 01:00:00,28489.156
2018-12-27 02:00:00,28090.623
2018-12-27 03:00:00,27828.662
2018-12-27 04:00:00,27814.172
2018-12-27 05:00:00,27994.186
2018-12-27 06:00:00,28961.047
2018-12-27 07:00:00,30230.338
2018-12-27 08:00:00,32533.963
2018-12-27 09:00:00,33411.445
2018-12-27 10:00:00,33551.523
2018-12-27 11:00:00,33573.426
2018-12-27 12:00:00,33607.613
2018-12-27 13:00:00,33344.773
2018-12-27 14:00:00,32911.17
2018-12-27 15:00:00,32647.252
2018-12-27 16:00:00,32704.988
2018-12-27 17:00:00,34254.41
2018-12-27 18:00:00,35065.242
2018-12-27 19:00:00,34835.195
2018-12-27 20:00:00,34687.562
2018-12-27 21:00:00,34028.99
2018-12-27 22:00:00,33360.1
2018-12-27 23:00:00,31733.123
2018-12-28 00:00:00,29145.951
2018-12-28 01:00:00,28620.87
2018-12-28 02:00:00,28447.73
2018-12-28 03:00:00,28161.809
2018-12-28 04:00:00,28126.512
2018-12-28 05:00:00,28412.434
2018-12-28 06:00:00,29006.26
2018-12-28 07:00:00,30182.777
2018-12-28 08:00:00,31845.885
2018-12-28 09:00:00,32585.613
2018-12-28 10:00:00,32772.992
2018-12-28 11:00:00,33007.504
2018-12-28 12:00:00,33091.21
2018-12-28 13:00:00,32874.0
2018-12-28 14:00:00,32158.445
2018-12-28 15:00:00,31951.107
2018-12-28 16:00:00,32301.125
2018-12-28 17:00:00,33993.22
2018-12-28 18:00:00,34933.38
2018-12-28 19:00:00,34889.605
2018-12-28 20:00:00,35124.62
2018-12-28 21:00:00,34753.668
2018-12-28 22:00:00,33813.21
2018-12-28 23:00:00,31570.664
2018-12-29 00:00:00,29577.908
2018-12-29 01:00:00,28730.574
2018-12-29 02:00:00,28447.744
2018-12-29 03:00:00,27861.18
2018-12-29 04:00:00,27882.717
2018-12-29 05:00:00,27995.793
2018-12-29 06:00:00,28566.98
2018-12-29 07:00:00,29165.463
2018-12-29 08:00:00,29996.826
2018-12-29 09:00:00,30773.205
2018-12-29 10:00:00,30929.72
2018-12-29 11:00:00,31353.9
2018-12-29 12:00:00,30482.715
2018-12-29 13:00:00,30548.39
2018-12-29 14:00:00,30653.605
2018-12-29 15:00:00,30711.564
2018-12-29 16:00:00,30942.947
2018-12-29 17:00:00,31823.293
2018-12-29 18:00:00,33881.105
2018-12-29 19:00:00,34111.16
2018-12-29 20:00:00,33718.477
2018-12-29 21:00:00,32762.213
2018-12-29 22:00:00,31222.26
2018-12-29 23:00:00,30589.137
2018-12-30 00:00:00,28869.467
2018-12-30 01:00:00,28296.602
2018-12-30 02:00:00,27886.262
2018-12-30 03:00:00,27877.691
2018-12-30 04:00:00,27810.406
2018-12-30 05:00:00,28067.041
2018-12-30 06:00:00,28016.377
2018-12-30 07:00:00,28778.275
2018-12-30 08:00:00,29238.998
2018-12-30 09:00:00,29472.943
2018-12-30 10:00:00,29529.215
2018-12-30 11:00:00,29579.535
2018-12-30 12:00:00,29669.113
2018-12-30 13:00:00,29558.793
2018-12-30 14:00:00,29740.543
2018-12-30 15:00:00,29798.799
2018-12-30 16:00:00,30067.938
2018-12-30 17:00:00,30854.281
2018-12-30 18:00:00,31681.826
2018-12-30 19:00:00,32048.172
2018-12-30 20:00:00,31916.242
2018-12-30 21:00:00,31563.717
2018-12-30 22:00:00,31504.559
2018-12-30 23:00:00,30271.271
2018-12-31 00:00:00,29142.584
2018-12-31 01:00:00,28368.777
2018-12-31 02:00:00,28150.143
2018-12-31 03:00:00,28139.31
2018-12-31 04:00:00,28206.596
2018-12-31 05:00:00,28274.56
2018-12-31 06:00:00,29072.662
2018-12-31 07:00:00,31642.46
2018-12-31 08:00:00,32551.102
2018-12-31 09:00:00,32677.797
2018-12-31 10:00:00,32811.08
2018-12-31 11:00:00,33704.223
2018-12-31 12:00:00,33699.22
2018-12-31 13:00:00,33275.69
2018-12-31 14:00:00,33362.46
2018-12-31 15:00:00,33420.715
2018-12-31 16:00:00,34119.1
2018-12-31 17:00:00,35414.86
2018-12-31 18:00:00,37566.285
2018-12-31 19:00:00,37555.65
2018-12-31 20:00:00,37278.06
2018-12-31 21:00:00,36975.51
2018-12-31 22:00:00,35215.445
2018-12-31 23:00:00,32804.508
2019-01-01 00:00:00,29324.588
2019-01-01 01:00:00,28417.684
2019-01-01 02:00:00,27934.94
2019-01-01 03:00:00,27934.94
2019-01-01 04:00:00,28214.846
2019-01-01 05:00:00,28418.312
2019-01-01 06:00:00,30133.928
2019-01-01 07:00:00,31951.121
2019-01-01 08:00:00,34185.047
2019-01-01 09:00:00,34435.113
2019-01-01 10:00:00,34384.91
2019-01-01 11:00:00,34347.66
2019-01-01 12:00:00,34402.137
2019-01-01 13:00:00,33941.207
2019-01-01 14:00:00,33667.105
2019-01-01 15:00:00,33876.668
2019-01-01 16:00:00,34476.668
2019-01-01 17:00:00,35901.71
2019-01-01 18:00:00,37245.25
2019-01-01 19:00:00,37245.25
2019-01-01 20:00:00,37021.68
2019-01-01 21:00:00,36979.355
2019-01-01 22:00:00,35137.395
2019-01-01 23:00:00,32880.188
2019-01-02 00:00:00,29076.924
2019-01-02 01:00:00,28125.191
2019-01-02 02:00:00,27795.744
2019-01-02 03:00:00,27795.744
2019-01-02 04:00:00,27947.99
2019-01-02 05:00:00,28283.021
2019-01-02 06:00:00,29587.047
2019-01-02 07:00:00,32215.941
2019-01-02 08:00:00,33638.527
2019-01-02 09:00:00,33478.883
2019-01-02 10:00:00,33237.67
2019-01-02 11:00:00,32917.082
2019-01-02 12:00:00,32059.357
2019-01-02 13:00:00,31052.328
2019-01-02 14:00:00,31254.068
2019-01-02 15:00:00,32080.234
2019-01-02 16:00:00,32277.627
2019-01-02 17:00:00,33742.668
2019-01-02 18:00:00,36571.0
2019-01-02 19:00:00,36661.65
2019-01-02 20:00:00,36567.492
2019-01-02 21:00:00,36557.914
2019-01-02 22:00:00,35250.973
2019-01-02 23:00:00,32107.756
2019-01-03 00:00:00,31425.822
2019-01-03 01:00:00,30716.195
2019-01-03 02:00:00,30161.172
2019-01-03 03:00:00,29964.746
2019-01-03 04:00:00,30236.062
2019-01-03 05:00:00,30584.818
2019-01-03 06:00:00,32117.725
2019-01-03 07:00:00,36108.875
2019-01-03 08:00:00,37146.035
2019-01-03 09:00:00,37518.92
2019-01-03 10:00:00,37649.24
2019-01-03 11:00:00,37630.34
2019-01-03 12:00:00,37502.402
2019-01-03 13:00:00,36950.58
2019-01-03 14:00:00,36657.773
2019-01-03 15:00:00,36592.008
2019-01-03 16:00:00,36736.85
2019-01-03 17:00:00,37655.906
2019-01-03 18:00:00,39195.094
2019-01-03 19:00:00,39195.094
2019-01-03 20:00:00,38994.14
2019-01-03 21:00:00,38715.742
2019-01-03 22:00:00,37189.16
2019-01-03 23:00:00,34965.195
2019-01-04 00:00:00,32135.383
2019-01-04 01:00:00,30749.793
2019-01-04 02:00:00,30472.072
2019-01-04 03:00:00,30479.58
2019-01-04 04:00:00,30479.58
2019-01-04 05:00:00,30593.135
2019-01-04 06:00:00,32362.75
2019-01-04 07:00:00,35949.31
2019-01-04 08:00:00,37442.633
2019-01-04 09:00:00,37475.01
2019-01-04 10:00:00,37571.594
2019-01-04 11:00:00,36990.21
2019-01-04 12:00:00,36978.145
2019-01-04 13:00:00,36935.914
2019-01-04 14:00:00,36581.133
2019-01-04 15:00:00,36344.656
2019-01-04 16:00:00,36642.445
2019-01-04 17:00:00,37668.55
2019-01-04 18:00:00,39877.426
2019-01-04 19:00:00,39564.684
2019-01-04 20:00:00,39266.285
2019-01-04 21:00:00,38147.895
2019-01-04 22:00:00,36557.977
2019-01-04 23:00:00,35111.34
2019-01-05 00:00:00,32539.328
2019-01-05 01:00:00,30936.588
2019-01-05 02:00:00,30574.887
2019-01-05 03:00:00,30523.885
2019-01-05 04:00:00,30500.758
2019-01-05 05:00:00,30574.887
2019-01-05 06:00:00,31196.645
2019-01-05 07:00:00,32352.842
2019-01-05 08:00:00,33429.805
2019-01-05 09:00:00,34000.105
2019-01-05 10:00:00,34433.066
2019-01-05 11:00:00,34445.44
2019-01-05 12:00:00,34500.793
2019-01-05 13:00:00,34758.71
2019-01-05 14:00:00,35008.96
2019-01-05 15:00:00,34851.71
2019-01-05 16:00:00,34802.664
2019-01-05 17:00:00,35039.07
2019-01-05 18:00:00,35547.543
2019-01-05 19:00:00,35547.543
2019-01-05 20:00:00,35097.418
2019-01-05 21:00:00,35098.8
2019-01-05 22:00:00,34720.51
2019-01-05 23:00:00,34250.867
2019-01-06 00:00:00,32372.81
2019-01-06 01:00:00,31215.969
2019-01-06 02:00:00,31741.547
2019-01-06 03:00:00,31572.879
2019-01-06 04:00:00,31572.879
2019-01-06 05:00:00,31684.762
2019-01-06 06:00:00,31653.906
2019-01-06 07:00:00,32405.951
2019-01-06 08:00:00,32866.94
2019-01-06 09:00:00,33243.152
2019-01-06 10:00:00,33163.477
2019-01-06 11:00:00,33444.67
2019-01-06 12:00:00,33860.742
2019-01-06 13:00:00,33724.47
2019-01-06 14:00:00,33484.715
2019-01-06 15:00:00,33548.145
2019-01-06 16:00:00,34117.7
2019-01-06 17:00:00,34090.414
2019-01-06 18:00:00,34423.758
2019-01-06 19:00:00,34872.953
2019-01-06 20:00:00,34713.78
2019-01-06 21:00:00,34522.918
2019-01-06 22:00:00,33625.348
2019-01-06 23:00:00,33501.31
2019-01-07 00:00:00,32036.295
2019-01-07 01:00:00,31817.795
2019-01-07 02:00:00,31228.049
2019-01-07 03:00:00,31206.248
2019-01-07 04:00:00,31449.674
2019-01-07 05:00:00,31505.057
2019-01-07 06:00:00,32821.105
2019-01-07 07:00:00,36540.402
2019-01-07 08:00:00,37292.332
2019-01-07 09:00:00,36859.453
2019-01-07 10:00:00,37007.99
2019-01-07 11:00:00,37196.895
2019-01-07 12:00:00,36644.887
2019-01-07 13:00:00,36668.94
2019-01-07 14:00:00,36563.52
2019-01-07 15:00:00,36579.188
2019-01-07 16:00:00,36831.617
2019-01-07 17:00:00,37226.688
2019-01-07 18:00:00,38204.734
2019-01-07 19:00:00,38204.734
2019-01-07 20:00:00,38098.484
2019-01-07 21:00:00,37871.21
2019-01-07 22:00:00,36291.08
2019-01-07 23:00:00,34627.406
2019-01-08 00:00:00,31756.86
2019-01-08 01:00:00,30733.748
2019-01-08 02:00:00,29638.371
2019-01-08 03:00:00,29614.14
2019-01-08 04:00:00,29630.746
2019-01-08 05:00:00,30534.873
2019-01-08 06:00:00,32490.549
2019-01-08 07:00:00,35525.363
2019-01-08 08:00:00,36553.035
2019-01-08 09:00:00,36073.426
2019-01-08 10:00:00,35887.383
2019-01-08 11:00:00,35639.78
2019-01-08 12:00:00,35421.582
2019-01-08 13:00:00,35059.625
2019-01-08 14:00:00,35087.688
2019-01-08 15:00:00,34971.95
2019-01-08 16:00:00,34933.05
2019-01-08 17:00:00,35854.6
2019-01-08 18:00:00,37059.137
2019-01-08 19:00:00,37180.918
2019-01-08 20:00:00,36925.316
2019-01-08 21:00:00,36746.688
2019-01-08 22:00:00,35675.504
2019-01-08 23:00:00,32941.266
2019-01-09 00:00:00,29969.234
2019-01-09 01:00:00,29071.69
2019-01-09 02:00:00,28773.809
2019-01-09 03:00:00,28571.945
2019-01-09 04:00:00,28644.547
2019-01-09 05:00:00,29428.87
2019-01-09 06:00:00,31080.412
2019-01-09 07:00:00,34785.523
2019-01-09 08:00:00,35641.094
2019-01-09 09:00:00,35190.914
2019-01-09 10:00:00,35201.316
2019-01-09 11:00:00,34781.633
2019-01-09 12:00:00,33957.527
2019-01-09 13:00:00,33625.234
2019-01-09 14:00:00,33556.207
2019-01-09 15:00:00,33273.996
2019-01-09 16:00:00,33904.277
2019-01-09 17:00:00,35257.17
2019-01-09 18:00:00,36274.363
2019-01-09 19:00:00,36274.363
2019-01-09 20:00:00,36167.984
2019-01-09 21:00:00,36001.58
2019-01-09 22:00:00,34434.19
2019-01-09 23:00:00,32192.836
2019-01-10 00:00:00,29296.115
2019-01-10 01:00:00,27865.08
2019-01-10 02:00:00,27044.031
2019-01-10 03:00:00,26544.305
2019-01-10 04:00:00,26544.305
2019-01-10 05:00:00,27093.09
2019-01-10 06:00:00,28870.344
2019-01-10 07:00:00,31854.12
2019-01-10 08:00:00,33703.02
2019-01-10 09:00:00,33691.637
2019-01-10 10:00:00,32558.656
2019-01-10 11:00:00,32449.379
2019-01-10 12:00:00,32108.494
2019-01-10 13:00:00,31669.756
2019-01-10 14:00:00,31408.54
2019-01-10 15:00:00,31180.621
2019-01-10 16:00:00,31183.703
2019-01-10 17:00:00,31927.225
2019-01-10 18:00:00,33872.203
2019-01-10 19:00:00,34023.117
2019-01-10 20:00:00,33679.098
2019-01-10 21:00:00,32852.652
2019-01-10 22:00:00,31288.867
2019-01-10 23:00:00,29081.232
2019-01-11 00:00:00,26962.883
2019-01-11 01:00:00,25990.715
2019-01-11 02:00:00,25148.363
2019-01-11 03:00:00,24690.707
2019-01-11 04:00:00,24599.387
2019-01-11 05:00:00,25616.418
2019-01-11 06:00:00,26351.031
2019-01-11 07:00:00,29865.066
2019-01-11 08:00:00,31299.107
2019-01-11 09:00:00,31336.043
2019-01-11 10:00:00,31169.57
2019-01-11 11:00:00,31088.395
2019-01-11 12:00:00,30885.486
2019-01-11 13:00:00,30732.947
2019-01-11 14:00:00,30771.766
2019-01-11 15:00:00,30720.832
2019-01-11 16:00:00,30760.648
2019-01-11 17:00:00,31609.502
2019-01-11 18:00:00,33048.465
2019-01-11 19:00:00,32639.408
2019-01-11 20:00:00,32180.053
2019-01-11 21:00:00,31678.307
2019-01-11 22:00:00,30582.906
2019-01-11 23:00:00,29004.562
2019-01-12 00:00:00,27039.527
2019-01-12 01:00:00,26165.576
2019-01-12 02:00:00,25228.473
2019-01-12 03:00:00,24904.77
2019-01-12 04:00:00,24704.793
2019-01-12 05:00:00,24944.686
2019-01-12 06:00:00,25830.617
2019-01-12 07:00:00,26809.934
2019-01-12 08:00:00,28039.123
2019-01-12 09:00:00,29387.729
2019-01-12 10:00:00,30014.676
2019-01-12 11:00:00,31111.504
2019-01-12 12:00:00,30917.822
2019-01-12 13:00:00,30827.434
2019-01-12 14:00:00,30906.65
2019-01-12 15:00:00,30969.385
2019-01-12 16:00:00,31726.75
2019-01-12 17:00:00,32340.404
2019-01-12 18:00:00,33515.383
2019-01-12 19:00:00,33552.96
2019-01-12 20:00:00,33221.67
2019-01-12 21:00:00,32962.133
2019-01-12 22:00:00,32397.906
2019-01-12 23:00:00,31177.629
2019-01-13 00:00:00,29578.914
2019-01-13 01:00:00,29271.756
2019-01-13 02:00:00,28796.445
2019-01-13 03:00:00,28421.648
2019-01-13 04:00:00,28638.984
2019-01-13 05:00:00,29095.502
2019-01-13 06:00:00,29241.254
2019-01-13 07:00:00,29851.344
2019-01-13 08:00:00,30528.76
2019-01-13 09:00:00,30802.78
2019-01-13 10:00:00,31139.244
2019-01-13 11:00:00,31400.588
2019-01-13 12:00:00,31442.412
2019-01-13 13:00:00,31706.328
2019-01-13 14:00:00,31790.44
2019-01-13 15:00:00,31712.191
2019-01-13 16:00:00,31944.17
2019-01-13 17:00:00,32842.19
2019-01-13 18:00:00,34645.273
2019-01-13 19:00:00,34949.87
2019-01-13 20:00:00,34976.836
2019-01-13 21:00:00,34655.47
2019-01-13 22:00:00,33251.69
2019-01-13 23:00:00,31619.049
2019-01-14 00:00:00,30166.838
2019-01-14 01:00:00,29536.879
2019-01-14 02:00:00,29232.412
2019-01-14 03:00:00,29232.412
2019-01-14 04:00:00,29292.104
2019-01-14 05:00:00,29857.164
2019-01-14 06:00:00,31437.977
2019-01-14 07:00:00,34719.598
2019-01-14 08:00:00,35843.81
2019-01-14 09:00:00,36308.32
2019-01-14 10:00:00,36251.613
2019-01-14 11:00:00,35964.168
2019-01-14 12:00:00,36210.918
2019-01-14 13:00:00,35946.01
2019-01-14 14:00:00,35318.215
2019-01-14 15:00:00,35521.97
2019-01-14 16:00:00,35833.9
2019-01-14 17:00:00,36489.273
2019-01-14 18:00:00,37392.33
2019-01-14 19:00:00,37837.36
2019-01-14 20:00:00,37215.29
2019-01-14 21:00:00,36989.86
2019-01-14 22:00:00,35722.9
2019-01-14 23:00:00,33594.383
2019-01-15 00:00:00,31108.23
2019-01-15 01:00:00,30093.938
2019-01-15 02:00:00,29107.482
2019-01-15 03:00:00,28989.209
2019-01-15 04:00:00,29147.59
2019-01-15 05:00:00,29894.111
2019-01-15 06:00:00,31767.59
2019-01-15 07:00:00,34350.094
2019-01-15 08:00:00,35886.5
2019-01-15 09:00:00,35665.53
2019-01-15 10:00:00,35399.074
2019-01-15 11:00:00,35561.09
2019-01-15 12:00:00,35331.453
2019-01-15 13:00:00,35050.574
2019-01-15 14:00:00,35095.37
2019-01-15 15:00:00,35097.074
2019-01-15 16:00:00,35163.297
2019-01-15 17:00:00,35849.934
2019-01-15 18:00:00,36909.145
2019-01-15 19:00:00,37354.176
2019-01-15 20:00:00,36873.125
2019-01-15 21:00:00,36290.977
2019-01-15 22:00:00,34788.855
2019-01-15 23:00:00,32846.94
2019-01-16 00:00:00,30071.572
2019-01-16 01:00:00,28998.156
2019-01-16 02:00:00,28336.805
2019-01-16 03:00:00,28276.133
2019-01-16 04:00:00,28336.805
2019-01-16 05:00:00,28779.484
2019-01-16 06:00:00,30634.453
2019-01-16 07:00:00,33345.305
2019-01-16 08:00:00,35033.766
2019-01-16 09:00:00,35101.492
2019-01-16 10:00:00,35137.848
2019-01-16 11:00:00,34992.242
2019-01-16 12:00:00,34577.37
2019-01-16 13:00:00,34500.38
2019-01-16 14:00:00,34582.26
2019-01-16 15:00:00,34628.703
2019-01-16 16:00:00,34650.188
2019-01-16 17:00:00,35868.156
2019-01-16 18:00:00,36939.72
2019-01-16 19:00:00,37098.18
2019-01-16 20:00:00,36768.727
2019-01-16 21:00:00,36729.066
2019-01-16 22:00:00,35032.074
2019-01-16 23:00:00,32972.58
2019-01-17 00:00:00,30777.695
2019-01-17 01:00:00,29161.717
2019-01-17 02:00:00,28856.43
2019-01-17 03:00:00,28856.43
2019-01-17 04:00:00,28856.43
2019-01-17 05:00:00,29280.008
2019-01-17 06:00:00,31433.947
2019-01-17 07:00:00,33352.273
2019-01-17 08:00:00,35659.156
2019-01-17 09:00:00,35089.797
2019-01-17 10:00:00,34465.05
2019-01-17 11:00:00,34107.25
2019-01-17 12:00:00,33420.54
2019-01-17 13:00:00,33346.312
2019-01-17 14:00:00,33350.41
2019-01-17 15:00:00,33090.918
2019-01-17 16:00:00,33231.332
2019-01-17 17:00:00,34356.914
2019-01-17 18:00:00,36157.484
2019-01-17 19:00:00,36494.676
2019-01-17 20:00:00,36365.21
2019-01-17 21:00:00,36142.9
2019-01-17 22:00:00,34682.043
2019-01-17 23:00:00,32930.574
2019-01-18 00:00:00,30371.39
2019-01-18 01:00:00,28957.275
2019-01-18 02:00:00,28549.824
2019-01-18 03:00:00,28445.684
2019-01-18 04:00:00,28652.469
2019-01-18 05:00:00,29492.912
2019-01-18 06:00:00,31288.848
2019-01-18 07:00:00,34398.03
2019-01-18 08:00:00,35349.73
2019-01-18 09:00:00,35345.6
2019-01-18 10:00:00,35140.73
2019-01-18 11:00:00,34923.914
2019-01-18 12:00:00,34547.04
2019-01-18 13:00:00,34312.1
2019-01-18 14:00:00,34309.48
2019-01-18 15:00:00,34200.227
2019-01-18 16:00:00,34187.004
2019-01-18 17:00:00,34843.97
2019-01-18 18:00:00,35931.59
2019-01-18 19:00:00,35899.652
2019-01-18 20:00:00,35992.195
2019-01-18 21:00:00,34905.055
2019-01-18 22:00:00,33485.707
2019-01-18 23:00:00,32202.258
2019-01-19 00:00:00,29603.572
2019-01-19 01:00:00,28454.07
2019-01-19 02:00:00,27796.498
2019-01-19 03:00:00,27565.525
2019-01-19 04:00:00,27335.66
2019-01-19 05:00:00,27600.428
2019-01-19 06:00:00,28059.723
2019-01-19 07:00:00,28767.838
2019-01-19 08:00:00,30225.533
2019-01-19 09:00:00,31358.35
2019-01-19 10:00:00,31152.703
2019-01-19 11:00:00,31260.352
2019-01-19 12:00:00,31179.607
2019-01-19 13:00:00,31078.812
2019-01-19 14:00:00,31078.707
2019-01-19 15:00:00,30848.934
2019-01-19 16:00:00,30933.209
2019-01-19 17:00:00,31303.463
2019-01-19 18:00:00,31924.693
2019-01-19 19:00:00,33091.285
2019-01-19 20:00:00,32291.912
2019-01-19 21:00:00,31570.709
2019-01-19 22:00:00,31240.863
2019-01-19 23:00:00,29984.766
2019-01-20 00:00:00,28021.098
2019-01-20 01:00:00,26599.074
2019-01-20 02:00:00,26246.85
2019-01-20 03:00:00,25796.375
2019-01-20 04:00:00,25770.736
2019-01-20 05:00:00,25849.824
2019-01-20 06:00:00,26452.945
2019-01-20 07:00:00,27325.27
2019-01-20 08:00:00,28420.504
2019-01-20 09:00:00,29091.193
2019-01-20 10:00:00,29449.473
2019-01-20 11:00:00,29824.535
2019-01-20 12:00:00,29518.197
2019-01-20 13:00:00,29648.93
2019-01-20 14:00:00,29421.18
2019-01-20 15:00:00,29333.588
2019-01-20 16:00:00,29577.504
2019-01-20 17:00:00,30602.016
2019-01-20 18:00:00,31762.99
2019-01-20 19:00:00,33194.23
2019-01-20 20:00:00,31898.854
2019-01-20 21:00:00,31670.898
2019-01-20 22:00:00,30992.031
2019-01-20 23:00:00,29315.04
2019-01-21 00:00:00,26887.645
2019-01-21 01:00:00,26002.467
2019-01-21 02:00:00,25750.959
2019-01-21 03:00:00,25729.44
2019-01-21 04:00:00,25914.67
2019-01-21 05:00:00,26224.977
2019-01-21 06:00:00,28484.842
2019-01-21 07:00:00,30911.334
2019-01-21 08:00:00,33186.605
2019-01-21 09:00:00,33441.45
2019-01-21 10:00:00,33425.29
2019-01-21 11:00:00,32477.88
2019-01-21 12:00:00,32376.164
2019-01-21 13:00:00,32418.86
2019-01-21 14:00:00,32242.084
2019-01-21 15:00:00,31946.607
2019-01-21 16:00:00,32053.744
2019-01-21 17:00:00,32773.133
2019-01-21 18:00:00,35282.05
2019-01-21 19:00:00,35605.08
2019-01-21 20:00:00,35339.707
2019-01-21 21:00:00,34513.8
2019-01-21 22:00:00,32650.1
2019-01-21 23:00:00,30623.977
2019-01-22 00:00:00,27993.848
2019-01-22 01:00:00,26878.643
2019-01-22 02:00:00,26555.635
2019-01-22 03:00:00,26486.408
2019-01-22 04:00:00,26462.002
2019-01-22 05:00:00,26632.072
2019-01-22 06:00:00,28007.197
2019-01-22 07:00:00,31266.238
2019-01-22 08:00:00,32465.65
2019-01-22 09:00:00,32630.195
2019-01-22 10:00:00,32489.734
2019-01-22 11:00:00,32252.34
2019-01-22 12:00:00,31835.3
2019-01-22 13:00:00,31712.492
2019-01-22 14:00:00,31703.67
2019-01-22 15:00:00,31707.498
2019-01-22 16:00:00,31757.158
2019-01-22 17:00:00,31787.594
2019-01-22 18:00:00,34251.816
2019-01-22 19:00:00,34636.668
2019-01-22 20:00:00,34234.3
2019-01-22 21:00:00,33327.21
2019-01-22 22:00:00,31743.627
2019-01-22 23:00:00,29840.688
2019-01-23 00:00:00,27532.74
2019-01-23 01:00:00,26382.248
2019-01-23 02:00:00,25901.404
2019-01-23 03:00:00,25912.705
2019-01-23 04:00:00,25936.248
2019-01-23 05:00:00,26146.154
2019-01-23 06:00:00,27720.686
2019-01-23 07:00:00,30413.482
2019-01-23 08:00:00,32462.547
2019-01-23 09:00:00,32461.22
2019-01-23 10:00:00,32305.006
2019-01-23 11:00:00,32003.197
2019-01-23 12:00:00,31550.34
2019-01-23 13:00:00,31431.082
2019-01-23 14:00:00,31330.053
2019-01-23 15:00:00,31381.338
2019-01-23 16:00:00,31606.729
2019-01-23 17:00:00,32426.965
2019-01-23 18:00:00,34293.746
2019-01-23 19:00:00,35154.906
2019-01-23 20:00:00,35122.637
2019-01-23 21:00:00,34494.043
2019-01-23 22:00:00,32956.816
2019-01-23 23:00:00,31302.986
2019-01-24 00:00:00,28218.934
2019-01-24 01:00:00,27467.258
2019-01-24 02:00:00,26842.348
2019-01-24 03:00:00,26745.438
2019-01-24 04:00:00,26952.434
2019-01-24 05:00:00,27579.477
2019-01-24 06:00:00,29542.086
2019-01-24 07:00:00,32679.418
2019-01-24 08:00:00,34007.43
2019-01-24 09:00:00,34056.766
2019-01-24 10:00:00,33470.69
2019-01-24 11:00:00,32853.004
2019-01-24 12:00:00,31843.393
2019-01-24 13:00:00,31825.924
2019-01-24 14:00:00,31567.102
2019-01-24 15:00:00,31613.54
2019-01-24 16:00:00,31765.545
2019-01-24 17:00:00,32844.082
2019-01-24 18:00:00,35020.844
2019-01-24 19:00:00,35480.14
2019-01-24 20:00:00,35199.242
2019-01-24 21:00:00,35378.664
2019-01-24 22:00:00,33414.074
2019-01-24 23:00:00,31473.229
2019-01-25 00:00:00,28835.766
2019-01-25 01:00:00,27522.283
2019-01-25 02:00:00,27154.355
2019-01-25 03:00:00,27139.367
2019-01-25 04:00:00,27154.355
2019-01-25 05:00:00,28038.455
2019-01-25 06:00:00,29785.605
2019-01-25 07:00:00,32928.445
2019-01-25 08:00:00,34859.4
2019-01-25 09:00:00,34656.12
2019-01-25 10:00:00,34067.5
2019-01-25 11:00:00,33282.87
2019-01-25 12:00:00,32561.393
2019-01-25 13:00:00,32337.357
2019-01-25 14:00:00,32087.477
2019-01-25 15:00:00,31920.414
2019-01-25 16:00:00,32007.613
2019-01-25 17:00:00,33328.71
2019-01-25 18:00:00,35088.383
2019-01-25 19:00:00,35692.344
2019-01-25 20:00:00,34904.38
2019-01-25 21:00:00,34439.125
2019-01-25 22:00:00,33432.426
2019-01-25 23:00:00,31541.857
2019-01-26 00:00:00,29247.73
2019-01-26 01:00:00,28255.8
2019-01-26 02:00:00,27394.13
2019-01-26 03:00:00,27352.545
2019-01-26 04:00:00,27280.434
2019-01-26 05:00:00,27382.012
2019-01-26 06:00:00,28179.707
2019-01-26 07:00:00,29266.723
2019-01-26 08:00:00,30539.766
2019-01-26 09:00:00,31134.408
2019-01-26 10:00:00,30786.406
2019-01-26 11:00:00,30733.621
2019-01-26 12:00:00,30595.61
2019-01-26 13:00:00,30048.703
2019-01-26 14:00:00,29164.809
2019-01-26 15:00:00,29058.871
2019-01-26 16:00:00,29072.693
2019-01-26 17:00:00,29661.137
2019-01-26 18:00:00,31255.713
2019-01-26 19:00:00,31724.9
2019-01-26 20:00:00,31507.469
2019-01-26 21:00:00,31247.973
2019-01-26 22:00:00,30386.88
2019-01-26 23:00:00,28961.3
2019-01-27 00:00:00,27363.4
2019-01-27 01:00:00,26857.371
2019-01-27 02:00:00,25693.684
2019-01-27 03:00:00,25369.822
2019-01-27 04:00:00,25304.414
2019-01-27 05:00:00,25378.934
2019-01-27 06:00:00,25643.111
2019-01-27 07:00:00,26913.045
2019-01-27 08:00:00,27380.72
2019-01-27 09:00:00,27638.564
2019-01-27 10:00:00,28525.92
2019-01-27 11:00:00,28634.107
2019-01-27 12:00:00,28488.059
2019-01-27 13:00:00,28389.295
2019-01-27 14:00:00,28316.178
2019-01-27 15:00:00,28302.37
2019-01-27 16:00:00,28481.9
2019-01-27 17:00:00,29421.438
2019-01-27 18:00:00,31045.322
2019-01-27 19:00:00,31744.254
2019-01-27 20:00:00,31533.295
2019-01-27 21:00:00,31265.725
2019-01-27 22:00:00,30239.217
2019-01-27 23:00:00,28776.826
2019-01-28 00:00:00,26974.492
2019-01-28 01:00:00,26107.207
2019-01-28 02:00:00,25450.852
2019-01-28 03:00:00,25415.488
2019-01-28 04:00:00,25535.258
2019-01-28 05:00:00,26307.984
2019-01-28 06:00:00,27608.875
2019-01-28 07:00:00,30243.348
2019-01-28 08:00:00,32469.537
2019-01-28 09:00:00,32597.236
2019-01-28 10:00:00,32408.504
2019-01-28 11:00:00,31854.172
2019-01-28 12:00:00,32008.389
2019-01-28 13:00:00,31992.787
2019-01-28 14:00:00,32127.398
2019-01-28 15:00:00,32294.457
2019-01-28 16:00:00,32350.242
2019-01-28 17:00:00,33027.184
2019-01-28 18:00:00,34655.094
2019-01-28 19:00:00,35438.504
2019-01-28 20:00:00,34814.8
2019-01-28 21:00:00,34351.89
2019-01-28 22:00:00,32919.273
2019-01-28 23:00:00,30882.25
2019-01-29 00:00:00,28017.736
2019-01-29 01:00:00,27326.24
2019-01-29 02:00:00,26972.44
2019-01-29 03:00:00,26972.44
2019-01-29 04:00:00,27051.748
2019-01-29 05:00:00,27204.482
2019-01-29 06:00:00,28982.162
2019-01-29 07:00:00,32129.184
2019-01-29 08:00:00,34068.875
2019-01-29 09:00:00,34253.32
2019-01-29 10:00:00,33803.926
2019-01-29 11:00:00,33551.125
2019-01-29 12:00:00,33081.508
2019-01-29 13:00:00,33013.74
2019-01-29 14:00:00,32887.24
2019-01-29 15:00:00,33030.402
2019-01-29 16:00:00,32958.234
2019-01-29 17:00:00,33001.043
2019-01-29 18:00:00,35361.688
2019-01-29 19:00:00,36274.54
2019-01-29 20:00:00,35964.227
2019-01-29 21:00:00,35672.742
2019-01-29 22:00:00,33355.086
2019-01-29 23:00:00,31547.99
2019-01-30 00:00:00,29442.63
2019-01-30 01:00:00,28834.3
2019-01-30 02:00:00,28492.967
2019-01-30 03:00:00,28431.225
2019-01-30 04:00:00,28544.299
2019-01-30 05:00:00,28994.123
2019-01-30 06:00:00,29755.46
2019-01-30 07:00:00,33093.68
2019-01-30 08:00:00,34616.13
2019-01-30 09:00:00,34465.152
2019-01-30 10:00:00,33828.445
2019-01-30 11:00:00,33567.703
2019-01-30 12:00:00,33241.63
2019-01-30 13:00:00,32838.613
2019-01-30 14:00:00,32756.803
2019-01-30 15:00:00,32746.1
2019-01-30 16:00:00,32740.865
2019-01-30 17:00:00,33580.855
2019-01-30 18:00:00,34966.836
2019-01-30 19:00:00,35856.04
2019-01-30 20:00:00,35201.5
2019-01-30 21:00:00,33547.27
2019-01-30 22:00:00,32732.873
2019-01-30 23:00:00,30995.447
2019-01-31 00:00:00,28585.443
2019-01-31 01:00:00,27010.828
2019-01-31 02:00:00,26669.977
2019-01-31 03:00:00,26303.406
2019-01-31 04:00:00,26379.941
2019-01-31 05:00:00,26896.422
2019-01-31 06:00:00,28738.908
2019-01-31 07:00:00,31174.66
2019-01-31 08:00:00,32425.424
2019-01-31 09:00:00,32292.922
2019-01-31 10:00:00,32158.605
2019-01-31 11:00:00,32147.125
2019-01-31 12:00:00,32067.154
2019-01-31 13:00:00,32129.178
2019-01-31 14:00:00,31855.738
2019-01-31 15:00:00,31810.383
2019-01-31 16:00:00,31795.951
2019-01-31 17:00:00,32557.396
2019-01-31 18:00:00,33586.285
2019-01-31 19:00:00,34416.277
2019-01-31 20:00:00,33937.266
2019-01-31 21:00:00,33541.13
2019-01-31 22:00:00,32082.895
2019-01-31 23:00:00,30400.773
2019-02-01 00:00:00,27896.93
2019-02-01 01:00:00,27162.566
2019-02-01 02:00:00,26906.627
2019-02-01 03:00:00,26885.24
2019-02-01 04:00:00,26906.627
2019-02-01 05:00:00,27099.523
2019-02-01 06:00:00,28951.326
2019-02-01 07:00:00,31968.018
2019-02-01 08:00:00,34198.586
2019-02-01 09:00:00,34574.395
2019-02-01 10:00:00,34514.992
2019-02-01 11:00:00,34481.914
2019-02-01 12:00:00,34123.6
2019-02-01 13:00:00,33797.336
2019-02-01 14:00:00,33427.74
2019-02-01 15:00:00,33227.445
2019-02-01 16:00:00,33325.793
2019-02-01 17:00:00,34327.055
2019-02-01 18:00:00,36556.01
2019-02-01 19:00:00,37016.24
2019-02-01 20:00:00,36861.316
2019-02-01 21:00:00,36229.074
2019-02-01 22:00:00,35266.96
2019-02-01 23:00:00,32867.895
2019-02-02 00:00:00,30269.256
2019-02-02 01:00:00,29516.98
2019-02-02 02:00:00,29245.312
2019-02-02 03:00:00,29009.0
2019-02-02 04:00:00,29009.0
2019-02-02 05:00:00,29344.42
2019-02-02 06:00:00,29725.123
2019-02-02 07:00:00,31297.188
2019-02-02 08:00:00,32257.076
2019-02-02 09:00:00,33138.453
2019-02-02 10:00:00,32716.572
2019-02-02 11:00:00,32245.777
2019-02-02 12:00:00,31841.115
2019-02-02 13:00:00,31532.566
2019-02-02 14:00:00,30858.316
2019-02-02 15:00:00,30419.836
2019-02-02 16:00:00,30558.986
2019-02-02 17:00:00,31662.97
2019-02-02 18:00:00,33134.605
2019-02-02 19:00:00,34248.137
2019-02-02 20:00:00,33915.863
2019-02-02 21:00:00,33462.207
2019-02-02 22:00:00,32816.87
2019-02-02 23:00:00,31623.873
2019-02-03 00:00:00,29100.416
2019-02-03 01:00:00,27958.17
2019-02-03 02:00:00,27347.766
2019-02-03 03:00:00,26929.05
2019-02-03 04:00:00,26889.69
2019-02-03 05:00:00,27295.883
2019-02-03 06:00:00,27545.084
2019-02-03 07:00:00,28566.135
2019-02-03 08:00:00,29857.963
2019-02-03 09:00:00,30871.244
2019-02-03 10:00:00,31116.533
2019-02-03 11:00:00,31351.945
2019-02-03 12:00:00,31286.602
2019-02-03 13:00:00,31169.8
2019-02-03 14:00:00,31276.66
2019-02-03 15:00:00,31195.98
2019-02-03 16:00:00,31230.195
2019-02-03 17:00:00,31896.236
2019-02-03 18:00:00,33126.348
2019-02-03 19:00:00,33270.484
2019-02-03 20:00:00,32484.998
2019-02-03 21:00:00,32120.541
2019-02-03 22:00:00,31465.312
2019-02-03 23:00:00,29783.938
2019-02-04 00:00:00,27840.334
2019-02-04 01:00:00,26736.955
2019-02-04 02:00:00,26337.256
2019-02-04 03:00:00,26264.432
2019-02-04 04:00:00,26337.256
2019-02-04 05:00:00,26593.346
2019-02-04 06:00:00,28379.408
2019-02-04 07:00:00,31827.135
2019-02-04 08:00:00,33921.586
2019-02-04 09:00:00,33984.465
2019-02-04 10:00:00,33231.445
2019-02-04 11:00:00,32763.795
2019-02-04 12:00:00,32238.965
2019-02-04 13:00:00,31949.316
2019-02-04 14:00:00,31891.549
2019-02-04 15:00:00,31812.025
2019-02-04 16:00:00,32017.768
2019-02-04 17:00:00,32852.863
2019-02-04 18:00:00,34631.734
2019-02-04 19:00:00,35720.87
2019-02-04 20:00:00,35761.36
2019-02-04 21:00:00,35035.754
2019-02-04 22:00:00,33502.715
2019-02-04 23:00:00,31518.3
2019-02-05 00:00:00,28586.818
2019-02-05 01:00:00,27661.842
2019-02-05 02:00:00,26574.316
2019-02-05 03:00:00,26490.857
2019-02-05 04:00:00,26453.205
2019-02-05 05:00:00,27492.963
2019-02-05 06:00:00,29298.596
2019-02-05 07:00:00,32117.871
2019-02-05 08:00:00,34070.582
2019-02-05 09:00:00,33977.617
2019-02-05 10:00:00,34122.883
2019-02-05 11:00:00,34212.715
2019-02-05 12:00:00,33767.805
2019-02-05 13:00:00,33465.055
2019-02-05 14:00:00,33546.938
2019-02-05 15:00:00,32968.24
2019-02-05 16:00:00,32958.73
2019-02-05 17:00:00,33880.777
2019-02-05 18:00:00,35152.242
2019-02-05 19:00:00,35855.445
2019-02-05 20:00:00,35882.41
2019-02-05 21:00:00,35072.266
2019-02-05 22:00:00,33387.19
2019-02-05 23:00:00,31556.465
2019-02-06 00:00:00,28557.814
2019-02-06 01:00:00,27140.174
2019-02-06 02:00:00,26878.256
2019-02-06 03:00:00,26725.166
2019-02-06 04:00:00,26757.51
2019-02-06 05:00:00,27017.78
2019-02-06 06:00:00,28787.361
2019-02-06 07:00:00,32046.344
2019-02-06 08:00:00,32929.473
2019-02-06 09:00:00,33090.09
2019-02-06 10:00:00,33236.25
2019-02-06 11:00:00,33355.53
2019-02-06 12:00:00,33150.367
2019-02-06 13:00:00,33167.7
2019-02-06 14:00:00,33221.098
2019-02-06 15:00:00,33267.54
2019-02-06 16:00:00,33316.293
2019-02-06 17:00:00,33788.46
2019-02-06 18:00:00,34392.832
2019-02-06 19:00:00,35058.527
2019-02-06 20:00:00,35017.22
2019-02-06 21:00:00,34272.32
2019-02-06 22:00:00,33236.066
2019-02-06 23:00:00,31618.314
2019-02-07 00:00:00,28512.66
2019-02-07 01:00:00,27820.533
2019-02-07 02:00:00,27544.732
2019-02-07 03:00:00,27532.791
2019-02-07 04:00:00,27656.553
2019-02-07 05:00:00,28021.27
2019-02-07 06:00:00,30412.922
2019-02-07 07:00:00,33127.96
2019-02-07 08:00:00,34465.566
2019-02-07 09:00:00,35161.61
2019-02-07 10:00:00,35015.098
2019-02-07 11:00:00,34765.652
2019-02-07 12:00:00,34878.816
2019-02-07 13:00:00,34822.652
2019-02-07 14:00:00,34515.41
2019-02-07 15:00:00,34273.664
2019-02-07 16:00:00,34437.46
2019-02-07 17:00:00,35447.117
2019-02-07 18:00:00,36916.227
2019-02-07 19:00:00,37653.176
2019-02-07 20:00:00,37566.047
2019-02-07 21:00:00,36812.656
2019-02-07 22:00:00,35878.824
2019-02-07 23:00:00,34506.75
2019-02-08 00:00:00,31883.22
2019-02-08 01:00:00,30474.822
2019-02-08 02:00:00,30234.186
2019-02-08 03:00:00,29999.01
2019-02-08 04:00:00,30205.07
2019-02-08 05:00:00,30543.725
2019-02-08 06:00:00,32902.145
2019-02-08 07:00:00,35392.055
2019-02-08 08:00:00,36122.504
2019-02-08 09:00:00,36162.94
2019-02-08 10:00:00,35894.363
2019-02-08 11:00:00,35795.406
2019-02-08 12:00:00,34988.074
2019-02-08 13:00:00,34662.984
2019-02-08 14:00:00,34282.14
2019-02-08 15:00:00,34216.78
2019-02-08 16:00:00,34521.36
2019-02-08 17:00:00,35409.06
2019-02-08 18:00:00,36329.047
2019-02-08 19:00:00,36590.062
2019-02-08 20:00:00,36290.05
2019-02-08 21:00:00,35475.24
2019-02-08 22:00:00,34388.758
2019-02-08 23:00:00,33014.492
2019-02-09 00:00:00,30353.4
2019-02-09 01:00:00,29135.768
2019-02-09 02:00:00,28197.602
2019-02-09 03:00:00,27975.887
2019-02-09 04:00:00,27758.08
2019-02-09 05:00:00,28460.717
2019-02-09 06:00:00,29028.96
2019-02-09 07:00:00,30135.293
2019-02-09 08:00:00,30697.94
2019-02-09 09:00:00,31711.041
2019-02-09 10:00:00,31897.48
2019-02-09 11:00:00,31707.293
2019-02-09 12:00:00,31532.564
2019-02-09 13:00:00,31591.074
2019-02-09 14:00:00,31388.002
2019-02-09 15:00:00,31434.441
2019-02-09 16:00:00,31006.254
2019-02-09 17:00:00,31586.064
2019-02-09 18:00:00,33035.125
2019-02-09 19:00:00,33897.438
2019-02-09 20:00:00,32764.27
2019-02-09 21:00:00,31707.94
2019-02-09 22:00:00,30850.11
2019-02-09 23:00:00,30516.951
2019-02-10 00:00:00,28990.496
2019-02-10 01:00:00,28435.154
2019-02-10 02:00:00,28074.42
2019-02-10 03:00:00,27904.348
2019-02-10 04:00:00,27836.33
2019-02-10 05:00:00,27904.348
2019-02-10 06:00:00,28056.848
2019-02-10 07:00:00,28400.252
2019-02-10 08:00:00,28803.25
2019-02-10 09:00:00,29921.22
2019-02-10 10:00:00,30753.47
2019-02-10 11:00:00,31047.084
2019-02-10 12:00:00,31583.465
2019-02-10 13:00:00,31805.848
2019-02-10 14:00:00,31428.584
2019-02-10 15:00:00,31378.205
2019-02-10 16:00:00,31381.29
2019-02-10 17:00:00,32333.102
2019-02-10 18:00:00,33030.36
2019-02-10 19:00:00,33520.723
2019-02-10 20:00:00,33436.336
2019-02-10 21:00:00,32586.492
2019-02-10 22:00:00,31593.773
2019-02-10 23:00:00,30446.135
2019-02-11 00:00:00,28940.21
2019-02-11 01:00:00,28082.52
2019-02-11 02:00:00,27428.418
2019-02-11 03:00:00,27421.25
2019-02-11 04:00:00,27560.496
2019-02-11 05:00:00,28286.617
2019-02-11 06:00:00,29474.928
2019-02-11 07:00:00,32004.19
2019-02-11 08:00:00,32897.547
2019-02-11 09:00:00,34188.508
2019-02-11 10:00:00,34205.098
2019-02-11 11:00:00,34302.434
2019-02-11 12:00:00,34548.02
2019-02-11 13:00:00,34582.31
2019-02-11 14:00:00,33565.05
2019-02-11 15:00:00,33286.734
2019-02-11 16:00:00,33306.105
2019-02-11 17:00:00,33697.31
2019-02-11 18:00:00,35440.355
2019-02-11 19:00:00,36653.207
2019-02-11 20:00:00,36177.22
2019-02-11 21:00:00,35624.258
2019-02-11 22:00:00,34421.164
2019-02-11 23:00:00,32425.021
2019-02-12 00:00:00,29628.283
2019-02-12 01:00:00,28431.207
2019-02-12 02:00:00,27992.1
2019-02-12 03:00:00,27404.44
2019-02-12 04:00:00,27414.04
2019-02-12 05:00:00,28263.691
2019-02-12 06:00:00,29742.973
2019-02-12 07:00:00,32891.08
2019-02-12 08:00:00,34527.89
2019-02-12 09:00:00,34034.684
2019-02-12 10:00:00,33755.453
2019-02-12 11:00:00,33433.5
2019-02-12 12:00:00,32864.832
2019-02-12 13:00:00,32547.5
2019-02-12 14:00:00,32066.31
2019-02-12 15:00:00,31682.244
2019-02-12 16:00:00,31868.459
2019-02-12 17:00:00,32405.645
2019-02-12 18:00:00,34076.797
2019-02-12 19:00:00,35711.44
2019-02-12 20:00:00,35606.715
2019-02-12 21:00:00,34181.543
2019-02-12 22:00:00,32961.652
2019-02-12 23:00:00,31292.406
2019-02-13 00:00:00,27950.164
2019-02-13 01:00:00,27111.795
2019-02-13 02:00:00,26419.072
2019-02-13 03:00:00,26254.28
2019-02-13 04:00:00,26419.072
2019-02-13 05:00:00,26922.182
2019-02-13 06:00:00,29013.115
2019-02-13 07:00:00,32117.178
2019-02-13 08:00:00,33603.21
2019-02-13 09:00:00,33081.613
2019-02-13 10:00:00,32621.182
2019-02-13 11:00:00,32788.95
2019-02-13 12:00:00,31852.05
2019-02-13 13:00:00,31534.727
2019-02-13 14:00:00,31390.053
2019-02-13 15:00:00,31379.354
2019-02-13 16:00:00,31568.783
2019-02-13 17:00:00,32340.79
2019-02-13 18:00:00,34098.457
2019-02-13 19:00:00,34876.41
2019-02-13 20:00:00,34740.223
2019-02-13 21:00:00,34522.39
2019-02-13 22:00:00,32312.6
2019-02-13 23:00:00,30484.4
2019-02-14 00:00:00,28097.54
2019-02-14 01:00:00,26799.025
2019-02-14 02:00:00,26385.42
2019-02-14 03:00:00,26359.607
2019-02-14 04:00:00,26338.088
2019-02-14 05:00:00,26651.426
2019-02-14 06:00:00,28709.826
2019-02-14 07:00:00,32008.98
2019-02-14 08:00:00,32664.879
2019-02-14 09:00:00,32689.742
2019-02-14 10:00:00,32407.734
2019-02-14 11:00:00,32156.498
2019-02-14 12:00:00,31744.238
2019-02-14 13:00:00,31809.08
2019-02-14 14:00:00,31788.883
2019-02-14 15:00:00,31443.475
2019-02-14 16:00:00,31519.744
2019-02-14 17:00:00,31973.559
2019-02-14 18:00:00,33463.695
2019-02-14 19:00:00,34756.176
2019-02-14 20:00:00,34032.61
2019-02-14 21:00:00,33953.996
2019-02-14 22:00:00,33175.098
2019-02-14 23:00:00,31944.818
2019-02-15 00:00:00,28935.389
2019-02-15 01:00:00,27542.254
2019-02-15 02:00:00,27112.875
2019-02-15 03:00:00,26872.602
2019-02-15 04:00:00,27219.238
2019-02-15 05:00:00,27639.889
2019-02-15 06:00:00,30461.332
2019-02-15 07:00:00,32432.055
2019-02-15 08:00:00,33100.22
2019-02-15 09:00:00,32895.688
2019-02-15 10:00:00,32984.797
2019-02-15 11:00:00,32502.064
2019-02-15 12:00:00,32422.89
2019-02-15 13:00:00,32041.875
2019-02-15 14:00:00,31819.475
2019-02-15 15:00:00,31465.67
2019-02-15 16:00:00,31307.045
2019-02-15 17:00:00,31743.092
2019-02-15 18:00:00,32689.494
2019-02-15 19:00:00,33792.004
2019-02-15 20:00:00,33258.1
2019-02-15 21:00:00,32976.45
2019-02-15 22:00:00,31776.117
2019-02-15 23:00:00,30147.896
2019-02-16 00:00:00,27920.326
2019-02-16 01:00:00,26954.518
2019-02-16 02:00:00,26169.693
2019-02-16 03:00:00,26062.316
2019-02-16 04:00:00,26031.287
2019-02-16 05:00:00,26320.496
2019-02-16 06:00:00,26825.453
2019-02-16 07:00:00,27837.33
2019-02-16 08:00:00,28797.828
2019-02-16 09:00:00,29147.871
2019-02-16 10:00:00,28870.514
2019-02-16 11:00:00,28732.037
2019-02-16 12:00:00,27779.268
2019-02-16 13:00:00,27850.832
2019-02-16 14:00:00,28079.908
2019-02-16 15:00:00,28053.998
2019-02-16 16:00:00,28062.484
2019-02-16 17:00:00,29249.074
2019-02-16 18:00:00,30534.354
2019-02-16 19:00:00,31030.996
2019-02-16 20:00:00,31023.924
2019-02-16 21:00:00,30574.26
2019-02-16 22:00:00,29821.248
2019-02-16 23:00:00,27863.787
2019-02-17 00:00:00,26410.094
2019-02-17 01:00:00,24886.35
2019-02-17 02:00:00,24294.594
2019-02-17 03:00:00,23833.227
2019-02-17 04:00:00,23705.95
2019-02-17 05:00:00,24281.105
2019-02-17 06:00:00,24450.914
2019-02-17 07:00:00,25260.328
2019-02-17 08:00:00,26191.207
2019-02-17 09:00:00,27107.75
2019-02-17 10:00:00,27310.725
2019-02-17 11:00:00,26903.412
2019-02-17 12:00:00,26943.488
2019-02-17 13:00:00,26766.465
2019-02-17 14:00:00,26446.25
2019-02-17 15:00:00,26334.139
2019-02-17 16:00:00,26516.146
2019-02-17 17:00:00,27148.562
2019-02-17 18:00:00,28564.426
2019-02-17 19:00:00,30065.213
2019-02-17 20:00:00,30095.31
2019-02-17 21:00:00,29272.36
2019-02-17 22:00:00,28346.566
2019-02-17 23:00:00,27704.744
2019-02-18 00:00:00,26112.367
2019-02-18 01:00:00,24874.73
2019-02-18 02:00:00,24348.848
2019-02-18 03:00:00,24371.79
2019-02-18 04:00:00,24348.848
2019-02-18 05:00:00,25117.727
2019-02-18 06:00:00,26328.168
2019-02-18 07:00:00,28597.156
2019-02-18 08:00:00,30483.102
2019-02-18 09:00:00,30572.066
2019-02-18 10:00:00,30496.523
2019-02-18 11:00:00,30590.121
2019-02-18 12:00:00,30210.22
2019-02-18 13:00:00,30304.623
2019-02-18 14:00:00,30322.855
2019-02-18 15:00:00,30093.992
2019-02-18 16:00:00,30097.078
2019-02-18 17:00:00,30515.832
2019-02-18 18:00:00,31758.39
2019-02-18 19:00:00,32685.871
2019-02-18 20:00:00,32410.273
2019-02-18 21:00:00,31905.016
2019-02-18 22:00:00,30419.9
2019-02-18 23:00:00,28140.4
2019-02-19 00:00:00,26257.871
2019-02-19 01:00:00,24998.758
2019-02-19 02:00:00,24682.125
2019-02-19 03:00:00,24660.605
2019-02-19 04:00:00,24484.484
2019-02-19 05:00:00,25101.16
2019-02-19 06:00:00,26567.914
2019-02-19 07:00:00,29896.309
2019-02-19 08:00:00,30999.469
2019-02-19 09:00:00,31093.32
2019-02-19 10:00:00,30935.5
2019-02-19 11:00:00,30709.5
2019-02-19 12:00:00,30654.607
2019-02-19 13:00:00,30535.51
2019-02-19 14:00:00,30432.719
2019-02-19 15:00:00,30479.156
2019-02-19 16:00:00,30603.145
2019-02-19 17:00:00,31255.281
2019-02-19 18:00:00,32133.758
2019-02-19 19:00:00,32920.477
2019-02-19 20:00:00,32760.46
2019-02-19 21:00:00,32125.902
2019-02-19 22:00:00,30538.63
2019-02-19 23:00:00,28117.611
2019-02-20 00:00:00,26316.246
2019-02-20 01:00:00,24528.098
2019-02-20 02:00:00,23856.781
2019-02-20 03:00:00,23960.54
2019-02-20 04:00:00,23960.54
2019-02-20 05:00:00,24057.215
2019-02-20 06:00:00,26152.637
2019-02-20 07:00:00,28640.434
2019-02-20 08:00:00,30409.08
2019-02-20 09:00:00,30487.61
2019-02-20 10:00:00,30287.02
2019-02-20 11:00:00,30230.55
2019-02-20 12:00:00,29988.021
2019-02-20 13:00:00,29953.736
2019-02-20 14:00:00,29896.105
2019-02-20 15:00:00,29479.926
2019-02-20 16:00:00,29532.648
2019-02-20 17:00:00,30529.078
2019-02-20 18:00:00,31095.129
2019-02-20 19:00:00,31769.543
2019-02-20 20:00:00,31377.422
2019-02-20 21:00:00,30731.902
2019-02-20 22:00:00,28790.19
2019-02-20 23:00:00,27038.834
2019-02-21 00:00:00,25272.824
2019-02-21 01:00:00,23624.332
2019-02-21 02:00:00,22525.75
2019-02-21 03:00:00,22454.285
2019-02-21 04:00:00,22415.93
2019-02-21 05:00:00,23054.258
2019-02-21 06:00:00,25017.266
2019-02-21 07:00:00,27435.512
2019-02-21 08:00:00,29235.186
2019-02-21 09:00:00,29844.758
2019-02-21 10:00:00,29772.555
2019-02-21 11:00:00,29965.664
2019-02-21 12:00:00,29966.229
2019-02-21 13:00:00,29959.701
2019-02-21 14:00:00,30175.637
2019-02-21 15:00:00,30204.102
2019-02-21 16:00:00,30451.312
2019-02-21 17:00:00,31408.941
2019-02-21 18:00:00,32036.924
2019-02-21 19:00:00,32710.912
2019-02-21 20:00:00,32545.553
2019-02-21 21:00:00,32258.234
2019-02-21 22:00:00,30392.963
2019-02-21 23:00:00,28751.408
2019-02-22 00:00:00,26170.625
2019-02-22 01:00:00,25179.46
2019-02-22 02:00:00,24367.953
2019-02-22 03:00:00,24367.953
2019-02-22 04:00:00,24360.488
2019-02-22 05:00:00,25033.164
2019-02-22 06:00:00,26546.684
2019-02-22 07:00:00,29128.375
2019-02-22 08:00:00,31113.45
2019-02-22 09:00:00,31482.576
2019-02-22 10:00:00,31401.723
2019-02-22 11:00:00,31454.734
2019-02-22 12:00:00,31102.242
2019-02-22 13:00:00,31259.174
2019-02-22 14:00:00,31007.5
2019-02-22 15:00:00,30886.7
2019-02-22 16:00:00,30859.703
2019-02-22 17:00:00,31262.766
2019-02-22 18:00:00,32068.598
2019-02-22 19:00:00,32731.943
2019-02-22 20:00:00,32476.723
2019-02-22 21:00:00,31831.191
2019-02-22 22:00:00,30148.068
2019-02-22 23:00:00,28489.848
2019-02-23 00:00:00,26396.64
2019-02-23 01:00:00,25455.768
2019-02-23 02:00:00,25102.969
2019-02-23 03:00:00,24918.836
2019-02-23 04:00:00,24830.254
2019-02-23 05:00:00,24946.455
2019-02-23 06:00:00,25206.482
2019-02-23 07:00:00,25698.219
2019-02-23 08:00:00,26162.158
2019-02-23 09:00:00,27024.328
2019-02-23 10:00:00,27430.12
2019-02-23 11:00:00,27845.771
2019-02-23 12:00:00,27599.328
2019-02-23 13:00:00,27536.98
2019-02-23 14:00:00,27444.414
2019-02-23 15:00:00,27315.967
2019-02-23 16:00:00,27352.102
2019-02-23 17:00:00,27699.418
2019-02-23 18:00:00,28764.604
2019-02-23 19:00:00,29670.344
2019-02-23 20:00:00,29515.549
2019-02-23 21:00:00,28960.986
2019-02-23 22:00:00,28155.793
2019-02-23 23:00:00,27000.07
2019-02-24 00:00:00,25637.94
2019-02-24 01:00:00,24514.404
2019-02-24 02:00:00,23825.855
2019-02-24 03:00:00,23712.734
2019-02-24 04:00:00,23704.545
2019-02-24 05:00:00,23703.459
2019-02-24 06:00:00,24096.12
2019-02-24 07:00:00,25321.771
2019-02-24 08:00:00,26192.361
2019-02-24 09:00:00,26926.908
2019-02-24 10:00:00,27136.875
2019-02-24 11:00:00,27307.238
2019-02-24 12:00:00,27233.19
2019-02-24 13:00:00,27370.582
2019-02-24 14:00:00,27332.824
2019-02-24 15:00:00,27038.941
2019-02-24 16:00:00,27042.025
2019-02-24 17:00:00,27619.936
2019-02-24 18:00:00,28708.479
2019-02-24 19:00:00,30224.373
2019-02-24 20:00:00,30364.6
2019-02-24 21:00:00,29983.117
2019-02-24 22:00:00,28694.986
2019-02-24 23:00:00,27500.758
2019-02-25 00:00:00,26024.074
2019-02-25 01:00:00,25109.668
2019-02-25 02:00:00,24044.555
2019-02-25 03:00:00,23847.898
2019-02-25 04:00:00,24010.723
2019-02-25 05:00:00,25017.8
2019-02-25 06:00:00,26498.055
2019-02-25 07:00:00,29512.807
2019-02-25 08:00:00,30711.668
2019-02-25 09:00:00,30975.75
2019-02-25 10:00:00,30985.29
2019-02-25 11:00:00,30839.05
2019-02-25 12:00:00,30431.35
2019-02-25 13:00:00,29729.06
2019-02-25 14:00:00,29586.723
2019-02-25 15:00:00,29549.008
2019-02-25 16:00:00,29559.742
2019-02-25 17:00:00,29772.293
2019-02-25 18:00:00,30925.844
2019-02-25 19:00:00,32348.928
2019-02-25 20:00:00,32423.463
2019-02-25 21:00:00,32013.363
2019-02-25 22:00:00,30266.693
2019-02-25 23:00:00,28692.924
2019-02-26 00:00:00,26371.133
2019-02-26 01:00:00,25390.906
2019-02-26 02:00:00,24405.754
2019-02-26 03:00:00,24370.387
2019-02-26 04:00:00,24489.27
2019-02-26 05:00:00,25539.367
2019-02-26 06:00:00,26827.281
2019-02-26 07:00:00,30015.246
2019-02-26 08:00:00,31181.059
2019-02-26 09:00:00,30585.586
2019-02-26 10:00:00,29416.164
2019-02-26 11:00:00,28874.684
2019-02-26 12:00:00,28025.67
2019-02-26 13:00:00,28079.045
2019-02-26 14:00:00,28072.512
2019-02-26 15:00:00,28118.953
2019-02-26 16:00:00,28327.855
2019-02-26 17:00:00,28658.582
2019-02-26 18:00:00,30082.23
2019-02-26 19:00:00,31773.27
2019-02-26 20:00:00,31616.727
2019-02-26 21:00:00,30993.742
2019-02-26 22:00:00,29390.166
2019-02-26 23:00:00,27351.182
2019-02-27 00:00:00,25638.203
2019-02-27 01:00:00,24111.527
2019-02-27 02:00:00,23376.406
2019-02-27 03:00:00,23289.527
2019-02-27 04:00:00,23243.82
2019-02-27 05:00:00,23821.7
2019-02-27 06:00:00,25865.066
2019-02-27 07:00:00,27886.715
2019-02-27 08:00:00,30249.086
2019-02-27 09:00:00,30175.883
2019-02-27 10:00:00,29927.062
2019-02-27 11:00:00,29835.3
2019-02-27 12:00:00,29210.229
2019-02-27 13:00:00,29121.28
2019-02-27 14:00:00,29124.156
2019-02-27 15:00:00,29159.855
2019-02-27 16:00:00,29252.707
2019-02-27 17:00:00,29716.766
2019-02-27 18:00:00,30894.781
2019-02-27 19:00:00,32034.465
2019-02-27 20:00:00,31705.031
2019-02-27 21:00:00,31498.207
2019-02-27 22:00:00,30338.303
2019-02-27 23:00:00,27915.545
2019-02-28 00:00:00,25713.246
2019-02-28 01:00:00,25108.441
2019-02-28 02:00:00,24628.082
2019-02-28 03:00:00,24529.914
2019-02-28 04:00:00,24534.64
2019-02-28 05:00:00,24966.543
2019-02-28 06:00:00,26259.098
2019-02-28 07:00:00,30244.828
2019-02-28 08:00:00,30902.107
2019-02-28 09:00:00,30841.672
2019-02-28 10:00:00,30419.184
2019-02-28 11:00:00,30243.402
2019-02-28 12:00:00,30136.49
2019-02-28 13:00:00,30125.123
2019-02-28 14:00:00,30192.926
2019-02-28 15:00:00,30098.047
2019-02-28 16:00:00,30235.16
2019-02-28 17:00:00,30700.262
2019-02-28 18:00:00,31779.703
2019-02-28 19:00:00,33420.89
2019-02-28 20:00:00,33163.81
2019-02-28 21:00:00,32510.418
2019-02-28 22:00:00,31304.346
2019-02-28 23:00:00,29337.514
2019-03-01 00:00:00,26710.879
2019-03-01 01:00:00,26179.0
2019-03-01 02:00:00,25768.926
2019-03-01 03:00:00,25753.934
2019-03-01 04:00:00,25903.918
2019-03-01 05:00:00,26125.895
2019-03-01 06:00:00,27628.203
2019-03-01 07:00:00,30847.623
2019-03-01 08:00:00,32722.123
2019-03-01 09:00:00,32929.58
2019-03-01 10:00:00,33026.2
2019-03-01 11:00:00,32920.215
2019-03-01 12:00:00,32640.773
2019-03-01 13:00:00,32483.768
2019-03-01 14:00:00,32444.094
2019-03-01 15:00:00,32121.389
2019-03-01 16:00:00,32065.371
2019-03-01 17:00:00,32206.469
2019-03-01 18:00:00,33040.62
2019-03-01 19:00:00,34346.13
2019-03-01 20:00:00,34013.754
2019-03-01 21:00:00,33125.13
2019-03-01 22:00:00,31503.959
2019-03-01 23:00:00,30754.19
2019-03-02 00:00:00,28336.72
2019-03-02 01:00:00,27376.152
2019-03-02 02:00:00,26474.846
2019-03-02 03:00:00,26386.982
2019-03-02 04:00:00,26386.982
2019-03-02 05:00:00,26474.846
2019-03-02 06:00:00,27252.64
2019-03-02 07:00:00,28375.574
2019-03-02 08:00:00,29506.467
2019-03-02 09:00:00,30206.719
2019-03-02 10:00:00,30125.178
2019-03-02 11:00:00,29866.36
2019-03-02 12:00:00,29629.377
2019-03-02 13:00:00,28794.207
2019-03-02 14:00:00,28435.213
2019-03-02 15:00:00,28403.113
2019-03-02 16:00:00,28419.146
2019-03-02 17:00:00,28716.63
2019-03-02 18:00:00,30269.127
2019-03-02 19:00:00,31327.629
2019-03-02 20:00:00,31510.354
2019-03-02 21:00:00,31484.686
2019-03-02 22:00:00,31020.322
2019-03-02 23:00:00,29857.5
2019-03-03 00:00:00,28132.85
2019-03-03 01:00:00,26626.096
2019-03-03 02:00:00,26109.076
2019-03-03 03:00:00,26031.602
2019-03-03 04:00:00,26135.752
2019-03-03 05:00:00,26219.807
2019-03-03 06:00:00,26595.098
2019-03-03 07:00:00,28042.371
2019-03-03 08:00:00,29024.8
2019-03-03 09:00:00,29235.6
2019-03-03 10:00:00,29060.232
2019-03-03 11:00:00,28867.814
2019-03-03 12:00:00,28327.629
2019-03-03 13:00:00,28242.205
2019-03-03 14:00:00,27679.441
2019-03-03 15:00:00,27432.94
2019-03-03 16:00:00,27436.023
2019-03-03 17:00:00,28038.959
2019-03-03 18:00:00,29338.8
2019-03-03 19:00:00,31629.69
2019-03-03 20:00:00,32056.902
2019-03-03 21:00:00,31893.81
2019-03-03 22:00:00,31255.844
2019-03-03 23:00:00,29861.473
2019-03-04 00:00:00,27806.107
2019-03-04 01:00:00,26769.576
2019-03-04 02:00:00,26458.746
2019-03-04 03:00:00,26458.746
2019-03-04 04:00:00,26605.596
2019-03-04 05:00:00,27258.217
2019-03-04 06:00:00,28786.94
2019-03-04 07:00:00,32156.29
2019-03-04 08:00:00,33202.66
2019-03-04 09:00:00,32000.516
2019-03-04 10:00:00,31586.469
2019-03-04 11:00:00,31110.246
2019-03-04 12:00:00,30187.896
2019-03-04 13:00:00,29790.63
2019-03-04 14:00:00,29624.113
2019-03-04 15:00:00,29595.742
2019-03-04 16:00:00,29584.594
2019-03-04 17:00:00,30057.54
2019-03-04 18:00:00,31406.012
2019-03-04 19:00:00,32769.656
2019-03-04 20:00:00,33072.06
2019-03-04 21:00:00,32614.156
2019-03-04 22:00:00,31033.275
2019-03-04 23:00:00,28607.87
2019-03-05 00:00:00,26772.629
2019-03-05 01:00:00,25618.75
2019-03-05 02:00:00,24887.602
2019-03-05 03:00:00,24746.316
2019-03-05 04:00:00,24746.316
2019-03-05 05:00:00,25573.266
2019-03-05 06:00:00,26900.7
2019-03-05 07:00:00,29904.186
2019-03-05 08:00:00,31016.281
2019-03-05 09:00:00,30898.848
2019-03-05 10:00:00,30638.445
2019-03-05 11:00:00,29924.605
2019-03-05 12:00:00,29562.057
2019-03-05 13:00:00,29372.44
2019-03-05 14:00:00,29387.902
2019-03-05 15:00:00,29142.723
2019-03-05 16:00:00,29248.781
2019-03-05 17:00:00,29693.621
2019-03-05 18:00:00,30729.465
2019-03-05 19:00:00,32209.602
2019-03-05 20:00:00,32219.148
2019-03-05 21:00:00,31264.902
2019-03-05 22:00:00,30208.049
2019-03-05 23:00:00,27956.78
2019-03-06 00:00:00,25832.945
2019-03-06 01:00:00,24713.586
2019-03-06 02:00:00,23681.555
2019-03-06 03:00:00,23751.164
2019-03-06 04:00:00,23725.805
2019-03-06 05:00:00,24149.785
2019-03-06 06:00:00,26259.613
2019-03-06 07:00:00,28151.865
2019-03-06 08:00:00,29912.365
2019-03-06 09:00:00,30308.262
2019-03-06 10:00:00,30560.602
2019-03-06 11:00:00,30569.664
2019-03-06 12:00:00,30469.49
2019-03-06 13:00:00,30671.666
2019-03-06 14:00:00,30710.695
2019-03-06 15:00:00,30595.879
2019-03-06 16:00:00,30387.453
2019-03-06 17:00:00,30266.307
2019-03-06 18:00:00,31058.004
2019-03-06 19:00:00,31935.086
2019-03-06 20:00:00,32079.082
2019-03-06 21:00:00,31168.59
2019-03-06 22:00:00,30215.725
2019-03-06 23:00:00,27884.21
2019-03-07 00:00:00,25828.656
2019-03-07 01:00:00,24519.465
2019-03-07 02:00:00,23752.217
2019-03-07 03:00:00,23752.217
2019-03-07 04:00:00,23752.217
2019-03-07 05:00:00,24382.842
2019-03-07 06:00:00,26082.734
2019-03-07 07:00:00,29075.975
2019-03-07 08:00:00,30021.895
2019-03-07 09:00:00,30057.508
2019-03-07 10:00:00,29925.875
2019-03-07 11:00:00,29724.086
2019-03-07 12:00:00,29572.525
2019-03-07 13:00:00,29101.057
2019-03-07 14:00:00,29202.36
2019-03-07 15:00:00,29357.027
2019-03-07 16:00:00,29511.36
2019-03-07 17:00:00,30399.621
2019-03-07 18:00:00,31143.371
2019-03-07 19:00:00,32015.805
2019-03-07 20:00:00,32061.934
2019-03-07 21:00:00,31737.14
2019-03-07 22:00:00,30684.87
2019-03-07 23:00:00,28996.467
2019-03-08 00:00:00,26106.8
2019-03-08 01:00:00,24854.578
2019-03-08 02:00:00,24148.695
2019-03-08 03:00:00,24097.389
2019-03-08 04:00:00,24208.463
2019-03-08 05:00:00,25024.305
2019-03-08 06:00:00,25782.434
2019-03-08 07:00:00,29557.24
2019-03-08 08:00:00,30541.84
2019-03-08 09:00:00,31009.867
2019-03-08 10:00:00,31463.46
2019-03-08 11:00:00,31714.309
2019-03-08 12:00:00,31520.65
2019-03-08 13:00:00,31461.107
2019-03-08 14:00:00,31121.14
2019-03-08 15:00:00,30334.727
2019-03-08 16:00:00,30169.008
2019-03-08 17:00:00,30853.121
2019-03-08 18:00:00,31858.977
2019-03-08 19:00:00,32674.146
2019-03-08 20:00:00,32807.977
2019-03-08 21:00:00,32540.473
2019-03-08 22:00:00,31482.436
2019-03-08 23:00:00,29498.21
2019-03-09 00:00:00,27443.93
2019-03-09 01:00:00,26304.361
2019-03-09 02:00:00,25982.492
2019-03-09 03:00:00,25899.396
2019-03-09 04:00:00,25899.396
2019-03-09 05:00:00,26005.002
2019-03-09 06:00:00,26361.26
2019-03-09 07:00:00,27652.24
2019-03-09 08:00:00,28692.305
2019-03-09 09:00:00,29108.97
2019-03-09 10:00:00,29242.207
2019-03-09 11:00:00,29309.3
2019-03-09 12:00:00,29190.008
2019-03-09 13:00:00,28784.748
2019-03-09 14:00:00,28335.848
2019-03-09 15:00:00,27809.252
2019-03-09 16:00:00,27812.336
2019-03-09 17:00:00,28470.82
2019-03-09 18:00:00,29528.943
2019-03-09 19:00:00,30379.842
2019-03-09 20:00:00,31552.193
2019-03-09 21:00:00,30436.844
2019-03-09 22:00:00,29538.871
2019-03-09 23:00:00,29333.377
2019-03-10 00:00:00,27218.08
2019-03-10 01:00:00,25811.902
2019-03-10 02:00:00,25582.94
2019-03-10 03:00:00,34741.824
2019-03-10 04:00:00,25271.062
2019-03-10 05:00:00,25582.94
2019-03-10 06:00:00,25788.547
2019-03-10 07:00:00,26830.121
2019-03-10 08:00:00,27728.277
2019-03-10 09:00:00,28361.39
2019-03-10 10:00:00,27916.865
2019-03-10 11:00:00,28086.117
2019-03-10 12:00:00,27831.094
2019-03-10 13:00:00,27959.227
2019-03-10 14:00:00,27719.488
2019-03-10 15:00:00,27259.229
2019-03-10 16:00:00,27202.158
2019-03-10 17:00:00,27224.834
2019-03-10 18:00:00,27881.322
2019-03-10 19:00:00,28428.732
2019-03-10 20:00:00,30682.361
2019-03-10 21:00:00,30988.812
2019-03-10 22:00:00,30208.398
2019-03-10 23:00:00,29086.938
2019-03-11 00:00:00,26839.307
2019-03-11 01:00:00,25634.854
2019-03-11 02:00:00,25244.338
2019-03-11 03:00:00,25296.15
2019-03-11 04:00:00,25296.15
2019-03-11 05:00:00,25879.924
2019-03-11 06:00:00,27984.232
2019-03-11 07:00:00,31514.105
2019-03-11 08:00:00,32508.152
2019-03-11 09:00:00,32851.496
2019-03-11 10:00:00,32713.918
2019-03-11 11:00:00,32639.879
2019-03-11 12:00:00,31761.85
2019-03-11 13:00:00,31504.426
2019-03-11 14:00:00,31356.125
2019-03-11 15:00:00,31155.406
2019-03-11 16:00:00,31158.492
2019-03-11 17:00:00,31292.857
2019-03-11 18:00:00,31955.195
2019-03-11 19:00:00,32370.168
2019-03-11 20:00:00,33464.027
2019-03-11 21:00:00,33158.414
2019-03-11 22:00:00,32104.654
2019-03-11 23:00:00,30333.008
2019-03-12 00:00:00,27247.865
2019-03-12 01:00:00,26447.385
2019-03-12 02:00:00,25916.27
2019-03-12 03:00:00,25849.871
2019-03-12 04:00:00,25849.871
2019-03-12 05:00:00,26153.232
2019-03-12 06:00:00,26999.184
2019-03-12 07:00:00,30355.713
2019-03-12 08:00:00,31889.943
2019-03-12 09:00:00,32215.254
2019-03-12 10:00:00,32273.52
2019-03-12 11:00:00,32343.742
2019-03-12 12:00:00,32082.201
2019-03-12 13:00:00,31824.074
2019-03-12 14:00:00,31368.242
2019-03-12 15:00:00,31254.977
2019-03-12 16:00:00,31156.48
2019-03-12 17:00:00,31285.922
2019-03-12 18:00:00,31761.693
2019-03-12 19:00:00,32438.691
2019-03-12 20:00:00,32922.1
2019-03-12 21:00:00,32922.78
2019-03-12 22:00:00,32442.486
2019-03-12 23:00:00,30504.773
2019-03-13 00:00:00,27834.988
2019-03-13 01:00:00,27035.271
2019-03-13 02:00:00,26235.47
2019-03-13 03:00:00,26108.229
2019-03-13 04:00:00,26372.467
2019-03-13 05:00:00,26794.902
2019-03-13 06:00:00,28017.21
2019-03-13 07:00:00,31733.559
2019-03-13 08:00:00,32831.3
2019-03-13 09:00:00,32902.668
2019-03-13 10:00:00,32683.428
2019-03-13 11:00:00,32513.566
2019-03-13 12:00:00,32352.639
2019-03-13 13:00:00,32276.71
2019-03-13 14:00:00,32386.906
2019-03-13 15:00:00,32384.854
2019-03-13 16:00:00,32351.848
2019-03-13 17:00:00,32586.598
2019-03-13 18:00:00,32901.25
2019-03-13 19:00:00,32909.617
2019-03-13 20:00:00,33380.13
2019-03-13 21:00:00,33380.81
2019-03-13 22:00:00,32511.67
2019-03-13 23:00:00,31177.678
2019-03-14 00:00:00,28258.93
2019-03-14 01:00:00,27359.639
2019-03-14 02:00:00,26385.271
2019-03-14 03:00:00,26437.084
2019-03-14 04:00:00,26437.084
2019-03-14 05:00:00,26700.246
2019-03-14 06:00:00,28002.363
2019-03-14 07:00:00,31865.293
2019-03-14 08:00:00,32804.348
2019-03-14 09:00:00,32575.775
2019-03-14 10:00:00,32326.145
2019-03-14 11:00:00,32042.555
2019-03-14 12:00:00,31579.682
2019-03-14 13:00:00,30345.857
2019-03-14 14:00:00,30302.555
2019-03-14 15:00:00,30328.734
2019-03-14 16:00:00,29996.598
2019-03-14 17:00:00,30259.371
2019-03-14 18:00:00,30637.637
2019-03-14 19:00:00,31337.18
2019-03-14 20:00:00,32625.896
2019-03-14 21:00:00,32703.957
2019-03-14 22:00:00,32086.244
2019-03-14 23:00:00,29228.158
2019-03-15 00:00:00,27512.896
2019-03-15 01:00:00,26213.822
2019-03-15 02:00:00,25626.436
2019-03-15 03:00:00,25388.361
2019-03-15 04:00:00,25460.912
2019-03-15 05:00:00,26010.084
2019-03-15 06:00:00,27352.326
2019-03-15 07:00:00,31440.0
2019-03-15 08:00:00,32412.006
2019-03-15 09:00:00,32354.172
2019-03-15 10:00:00,32156.422
2019-03-15 11:00:00,31465.488
2019-03-15 12:00:00,30885.893
2019-03-15 13:00:00,30370.752
2019-03-15 14:00:00,29810.074
2019-03-15 15:00:00,29054.137
2019-03-15 16:00:00,28842.75
2019-03-15 17:00:00,28908.512
2019-03-15 18:00:00,29078.562
2019-03-15 19:00:00,30322.688
2019-03-15 20:00:00,31551.102
2019-03-15 21:00:00,31751.617
2019-03-15 22:00:00,30642.627
2019-03-15 23:00:00,29086.287
2019-03-16 00:00:00,27036.77
2019-03-16 01:00:00,25925.602
2019-03-16 02:00:00,25378.46
2019-03-16 03:00:00,25101.031
2019-03-16 04:00:00,24975.838
2019-03-16 05:00:00,25268.508
2019-03-16 06:00:00,25969.834
2019-03-16 07:00:00,26848.389
2019-03-16 08:00:00,28708.041
2019-03-16 09:00:00,29194.309
2019-03-16 10:00:00,29531.262
2019-03-16 11:00:00,29394.812
2019-03-16 12:00:00,29180.162
2019-03-16 13:00:00,28857.586
2019-03-16 14:00:00,28216.508
2019-03-16 15:00:00,27918.854
2019-03-16 16:00:00,27778.29
2019-03-16 17:00:00,27944.613
2019-03-16 18:00:00,28315.1
2019-03-16 19:00:00,28420.207
2019-03-16 20:00:00,29909.617
2019-03-16 21:00:00,30001.566
2019-03-16 22:00:00,29280.781
2019-03-16 23:00:00,28260.354
2019-03-17 00:00:00,26661.06
2019-03-17 01:00:00,25879.812
2019-03-17 02:00:00,24863.953
2019-03-17 03:00:00,24660.877
2019-03-17 04:00:00,24675.621
2019-03-17 05:00:00,24869.979
2019-03-17 06:00:00,25245.879
2019-03-17 07:00:00,26340.582
2019-03-17 08:00:00,27476.232
2019-03-17 09:00:00,27930.516
2019-03-17 10:00:00,27736.729
2019-03-17 11:00:00,27783.42
2019-03-17 12:00:00,27439.809
2019-03-17 13:00:00,27140.941
2019-03-17 14:00:00,26804.646
2019-03-17 15:00:00,26707.53
2019-03-17 16:00:00,26685.354
2019-03-17 17:00:00,26851.773
2019-03-17 18:00:00,27259.57
2019-03-17 19:00:00,28515.186
2019-03-17 20:00:00,29967.215
2019-03-17 21:00:00,30514.762
2019-03-17 22:00:00,29683.264
2019-03-17 23:00:00,27686.717
2019-03-18 00:00:00,26220.637
2019-03-18 01:00:00,25453.66
2019-03-18 02:00:00,24896.66
2019-03-18 03:00:00,24779.898
2019-03-18 04:00:00,25087.477
2019-03-18 05:00:00,25695.188
2019-03-18 06:00:00,27372.383
2019-03-18 07:00:00,30627.498
2019-03-18 08:00:00,32511.76
2019-03-18 09:00:00,32078.855
2019-03-18 10:00:00,31249.758
2019-03-18 11:00:00,30495.82
2019-03-18 12:00:00,29744.037
2019-03-18 13:00:00,29362.736
2019-03-18 14:00:00,28431.965
2019-03-18 15:00:00,28236.86
2019-03-18 16:00:00,28145.133
2019-03-18 17:00:00,28355.652
2019-03-18 18:00:00,29328.113
2019-03-18 19:00:00,30249.324
2019-03-18 20:00:00,31449.328
2019-03-18 21:00:00,31626.59
2019-03-18 22:00:00,30393.545
2019-03-18 23:00:00,28352.45
2019-03-19 00:00:00,26494.457
2019-03-19 01:00:00,25288.062
2019-03-19 02:00:00,24558.719
2019-03-19 03:00:00,24542.879
2019-03-19 04:00:00,24558.719
2019-03-19 05:00:00,25156.512
2019-03-19 06:00:00,26790.457
2019-03-19 07:00:00,30258.053
2019-03-19 08:00:00,32233.1
2019-03-19 09:00:00,32137.719
2019-03-19 10:00:00,31860.5
2019-03-19 11:00:00,31377.402
2019-03-19 12:00:00,30721.002
2019-03-19 13:00:00,30559.63
2019-03-19 14:00:00,30438.27
2019-03-19 15:00:00,30313.992
2019-03-19 16:00:00,30258.176
2019-03-19 17:00:00,30490.39
2019-03-19 18:00:00,30628.852
2019-03-19 19:00:00,30737.89
2019-03-19 20:00:00,31431.598
2019-03-19 21:00:00,31605.664
2019-03-19 22:00:00,30652.564
2019-03-19 23:00:00,28996.854
2019-03-20 00:00:00,26307.969
2019-03-20 01:00:00,25527.785
2019-03-20 02:00:00,24533.238
2019-03-20 03:00:00,24217.906
2019-03-20 04:00:00,24245.98
2019-03-20 05:00:00,24899.059
2019-03-20 06:00:00,26329.36
2019-03-20 07:00:00,29303.287
2019-03-20 08:00:00,31054.068
2019-03-20 09:00:00,31112.125
2019-03-20 10:00:00,31235.129
2019-03-20 11:00:00,31002.691
2019-03-20 12:00:00,30746.018
2019-03-20 13:00:00,30678.404
2019-03-20 14:00:00,30593.387
2019-03-20 15:00:00,30581.629
2019-03-20 16:00:00,30505.234
2019-03-20 17:00:00,30570.848
2019-03-20 18:00:00,30946.203
2019-03-20 19:00:00,31356.934
2019-03-20 20:00:00,32320.547
2019-03-20 21:00:00,32513.86
2019-03-20 22:00:00,31732.479
2019-03-20 23:00:00,29610.008
2019-03-21 00:00:00,27065.283
2019-03-21 01:00:00,25993.787
2019-03-21 02:00:00,25565.648
2019-03-21 03:00:00,25507.912
2019-03-21 04:00:00,25595.395
2019-03-21 05:00:00,25717.01
2019-03-21 06:00:00,27328.838
2019-03-21 07:00:00,30852.162
2019-03-21 08:00:00,32351.127
2019-03-21 09:00:00,32293.305
2019-03-21 10:00:00,32004.793
2019-03-21 11:00:00,31478.34
2019-03-21 12:00:00,30772.518
2019-03-21 13:00:00,30086.299
2019-03-21 14:00:00,29258.734
2019-03-21 15:00:00,28602.875
2019-03-21 16:00:00,28493.469
2019-03-21 17:00:00,28585.55
2019-03-21 18:00:00,28910.488
2019-03-21 19:00:00,29670.66
2019-03-21 20:00:00,31399.215
2019-03-21 21:00:00,31781.328
2019-03-21 22:00:00,30757.357
2019-03-21 23:00:00,27993.902
2019-03-22 00:00:00,26557.63
2019-03-22 01:00:00,25382.71
2019-03-22 02:00:00,24557.576
2019-03-22 03:00:00,24557.576
2019-03-22 04:00:00,24557.576
2019-03-22 05:00:00,25235.764
2019-03-22 06:00:00,26506.184
2019-03-22 07:00:00,30244.445
2019-03-22 08:00:00,31669.64
2019-03-22 09:00:00,31484.873
2019-03-22 10:00:00,31023.896
2019-03-22 11:00:00,30499.203
2019-03-22 12:00:00,29779.732
2019-03-22 13:00:00,28832.795
2019-03-22 14:00:00,28441.23
2019-03-22 15:00:00,27776.598
2019-03-22 16:00:00,27566.457
2019-03-22 17:00:00,28046.602
2019-03-22 18:00:00,28065.168
2019-03-22 19:00:00,28238.977
2019-03-22 20:00:00,29472.32
2019-03-22 21:00:00,29655.395
2019-03-22 22:00:00,28373.893
2019-03-22 23:00:00,27186.232
2019-03-23 00:00:00,25454.14
2019-03-23 01:00:00,24149.832
2019-03-23 02:00:00,23435.898
2019-03-23 03:00:00,23040.816
2019-03-23 04:00:00,23118.615
2019-03-23 05:00:00,23425.004
2019-03-23 06:00:00,23772.621
2019-03-23 07:00:00,25736.812
2019-03-23 08:00:00,26494.035
2019-03-23 09:00:00,26948.627
2019-03-23 10:00:00,27148.865
2019-03-23 11:00:00,27050.777
2019-03-23 12:00:00,26244.738
2019-03-23 13:00:00,25702.848
2019-03-23 14:00:00,25298.389
2019-03-23 15:00:00,24986.578
2019-03-23 16:00:00,25005.596
2019-03-23 17:00:00,25212.557
2019-03-23 18:00:00,25618.76
2019-03-23 19:00:00,25918.758
2019-03-23 20:00:00,26948.322
2019-03-23 21:00:00,27642.912
2019-03-23 22:00:00,27259.781
2019-03-23 23:00:00,26171.152
2019-03-24 00:00:00,24664.621
2019-03-24 01:00:00,23168.658
2019-03-24 02:00:00,22976.416
2019-03-24 03:00:00,22860.04
2019-03-24 04:00:00,22835.607
2019-03-24 05:00:00,22940.037
2019-03-24 06:00:00,23448.068
2019-03-24 07:00:00,24086.518
2019-03-24 08:00:00,25263.096
2019-03-24 09:00:00,26489.809
2019-03-24 10:00:00,27148.865
2019-03-24 11:00:00,27241.404
2019-03-24 12:00:00,27086.838
2019-03-24 13:00:00,26959.908
2019-03-24 14:00:00,26581.807
2019-03-24 15:00:00,26477.379
2019-03-24 16:00:00,26329.537
2019-03-24 17:00:00,26784.688
2019-03-24 18:00:00,27088.578
2019-03-24 19:00:00,27348.379
2019-03-24 20:00:00,28250.754
2019-03-24 21:00:00,28582.287
2019-03-24 22:00:00,27956.89
2019-03-24 23:00:00,27197.758
2019-03-25 00:00:00,25191.234
2019-03-25 01:00:00,23991.176
2019-03-25 02:00:00,23716.098
2019-03-25 03:00:00,23513.932
2019-03-25 04:00:00,23513.932
2019-03-25 05:00:00,24223.84
2019-03-25 06:00:00,26000.941
2019-03-25 07:00:00,29541.697
2019-03-25 08:00:00,30785.621
2019-03-25 09:00:00,30908.133
2019-03-25 10:00:00,30636.19
2019-03-25 11:00:00,30392.387
2019-03-25 12:00:00,29338.795
2019-03-25 13:00:00,28864.861
2019-03-25 14:00:00,28652.352
2019-03-25 15:00:00,28077.469
2019-03-25 16:00:00,27731.3
2019-03-25 17:00:00,27843.379
2019-03-25 18:00:00,28546.645
2019-03-25 19:00:00,28642.52
2019-03-25 20:00:00,30182.027
2019-03-25 21:00:00,30453.012
2019-03-25 22:00:00,29677.725
2019-03-25 23:00:00,27312.016
2019-03-26 00:00:00,25307.766
2019-03-26 01:00:00,23914.836
2019-03-26 02:00:00,23427.945
2019-03-26 03:00:00,23271.7
2019-03-26 04:00:00,23271.7
2019-03-26 05:00:00,24036.352
2019-03-26 06:00:00,25885.734
2019-03-26 07:00:00,29233.514
2019-03-26 08:00:00,30387.34
2019-03-26 09:00:00,30459.309
2019-03-26 10:00:00,30287.328
2019-03-26 11:00:00,29796.445
2019-03-26 12:00:00,29260.936
2019-03-26 13:00:00,29038.627
2019-03-26 14:00:00,28933.98
2019-03-26 15:00:00,28529.426
2019-03-26 16:00:00,28472.762
2019-03-26 17:00:00,28749.965
2019-03-26 18:00:00,29772.91
2019-03-26 19:00:00,30173.387
2019-03-26 20:00:00,30839.23
2019-03-26 21:00:00,31122.523
2019-03-26 22:00:00,29853.904
2019-03-26 23:00:00,27461.438
2019-03-27 00:00:00,25705.512
2019-03-27 01:00:00,24061.52
2019-03-27 02:00:00,23491.32
2019-03-27 03:00:00,23352.648
2019-03-27 04:00:00,23407.55
2019-03-27 05:00:00,23807.535
2019-03-27 06:00:00,25691.71
2019-03-27 07:00:00,28983.77
2019-03-27 08:00:00,30519.14
2019-03-27 09:00:00,30523.36
2019-03-27 10:00:00,30067.09
2019-03-27 11:00:00,29104.934
2019-03-27 12:00:00,28351.393
2019-03-27 13:00:00,28267.443
2019-03-27 14:00:00,27970.871
2019-03-27 15:00:00,27799.762
2019-03-27 16:00:00,27794.48
2019-03-27 17:00:00,27863.0
2019-03-27 18:00:00,28139.305
2019-03-27 19:00:00,28581.434
2019-03-27 20:00:00,29419.703
2019-03-27 21:00:00,29743.805
2019-03-27 22:00:00,28566.854
2019-03-27 23:00:00,26688.89
2019-03-28 00:00:00,24965.93
2019-03-28 01:00:00,23714.863
2019-03-28 02:00:00,22507.262
2019-03-28 03:00:00,22015.062
2019-03-28 04:00:00,22015.062
2019-03-28 05:00:00,22878.191
2019-03-28 06:00:00,24897.66
2019-03-28 07:00:00,27673.598
2019-03-28 08:00:00,29413.37
2019-03-28 09:00:00,29336.562
2019-03-28 10:00:00,28916.414
2019-03-28 11:00:00,28745.918
2019-03-28 12:00:00,28672.857
2019-03-28 13:00:00,27990.81
2019-03-28 14:00:00,28033.855
2019-03-28 15:00:00,28001.988
2019-03-28 16:00:00,27920.602
2019-03-28 17:00:00,28319.371
2019-03-28 18:00:00,28362.309
2019-03-28 19:00:00,28623.531
2019-03-28 20:00:00,29165.977
2019-03-28 21:00:00,29642.215
2019-03-28 22:00:00,28202.014
2019-03-28 23:00:00,26479.445
2019-03-29 00:00:00,24726.504
2019-03-29 01:00:00,22673.883
2019-03-29 02:00:00,22008.336
2019-03-29 03:00:00,21978.88
2019-03-29 04:00:00,21978.88
2019-03-29 05:00:00,22120.63
2019-03-29 06:00:00,23562.36
2019-03-29 07:00:00,26178.082
2019-03-29 08:00:00,27722.91
2019-03-29 09:00:00,28623.816
2019-03-29 10:00:00,29272.527
2019-03-29 11:00:00,29446.535
2019-03-29 12:00:00,29392.041
2019-03-29 13:00:00,29313.994
2019-03-29 14:00:00,29184.418
2019-03-29 15:00:00,28822.5
2019-03-29 16:00:00,28636.887
2019-03-29 17:00:00,28738.871
2019-03-29 18:00:00,28804.25
2019-03-29 19:00:00,28755.328
2019-03-29 20:00:00,29041.203
2019-03-29 21:00:00,29132.355
2019-03-29 22:00:00,28085.084
2019-03-29 23:00:00,26563.83
2019-03-30 00:00:00,25016.77
2019-03-30 01:00:00,23417.29
2019-03-30 02:00:00,22379.83
2019-03-30 03:00:00,22233.781
2019-03-30 04:00:00,22045.23
2019-03-30 05:00:00,22363.992
2019-03-30 06:00:00,22946.076
2019-03-30 07:00:00,24030.22
2019-03-30 08:00:00,25252.4
2019-03-30 09:00:00,25964.924
2019-03-30 10:00:00,26654.47
2019-03-30 11:00:00,26398.682
2019-03-30 12:00:00,26240.184
2019-03-30 13:00:00,25940.715
2019-03-30 14:00:00,25516.383
2019-03-30 15:00:00,24967.71
2019-03-30 16:00:00,24870.021
2019-03-30 17:00:00,25075.15
2019-03-30 18:00:00,25394.174
2019-03-30 19:00:00,26036.295
2019-03-30 20:00:00,26842.916
2019-03-30 21:00:00,27334.225
2019-03-30 22:00:00,26830.059
2019-03-30 23:00:00,25785.086
2019-03-31 00:00:00,24507.574
2019-03-31 01:00:00,22769.633
2019-03-31 02:00:00,22189.473
2019-03-31 03:00:00,21714.15
2019-03-31 04:00:00,21706.922
2019-03-31 05:00:00,21876.969
2019-03-31 06:00:00,22537.523
2019-03-31 07:00:00,23476.455
2019-03-31 08:00:00,24691.777
2019-03-31 09:00:00,25406.518
2019-03-31 10:00:00,25795.48
2019-03-31 11:00:00,25637.146
2019-03-31 12:00:00,25412.758
2019-03-31 13:00:00,25262.773
2019-03-31 14:00:00,24936.816
2019-03-31 15:00:00,24655.88
2019-03-31 16:00:00,24473.719
2019-03-31 17:00:00,24670.559
2019-03-31 18:00:00,24931.957
2019-03-31 19:00:00,25693.846
2019-03-31 20:00:00,26891.76
2019-03-31 21:00:00,27392.959
2019-03-31 22:00:00,26802.65
2019-03-31 23:00:00,25679.162
2019-04-01 00:00:00,24065.914
2019-04-01 01:00:00,22589.887
2019-04-01 02:00:00,22376.504
2019-04-01 03:00:00,22303.727
2019-04-01 04:00:00,22310.953
2019-04-01 05:00:00,22677.406
2019-04-01 06:00:00,24986.312
2019-04-01 07:00:00,27634.625
2019-04-01 08:00:00,29804.889
2019-04-01 09:00:00,30055.18
2019-04-01 10:00:00,30272.23
2019-04-01 11:00:00,30176.53
2019-04-01 12:00:00,29611.898
2019-04-01 13:00:00,28928.373
2019-04-01 14:00:00,28703.488
2019-04-01 15:00:00,28655.191
2019-04-01 16:00:00,28529.324
2019-04-01 17:00:00,28722.098
2019-04-01 18:00:00,29394.184
2019-04-01 19:00:00,29720.465
2019-04-01 20:00:00,30667.938
2019-04-01 21:00:00,30817.645
2019-04-01 22:00:00,29580.123
2019-04-01 23:00:00,27568.348
2019-04-02 00:00:00,25460.93
2019-04-02 01:00:00,24239.04
2019-04-02 02:00:00,23821.04
2019-04-02 03:00:00,23741.336
2019-04-02 04:00:00,23875.281
2019-04-02 05:00:00,24108.55
2019-04-02 06:00:00,25883.633
2019-04-02 07:00:00,28816.309
2019-04-02 08:00:00,30890.078
2019-04-02 09:00:00,30790.89
2019-04-02 10:00:00,31004.86
2019-04-02 11:00:00,30879.646
2019-04-02 12:00:00,30652.137
2019-04-02 13:00:00,30534.729
2019-04-02 14:00:00,30434.07
2019-04-02 15:00:00,29988.434
2019-04-02 16:00:00,29399.426
2019-04-02 17:00:00,29422.102
2019-04-02 18:00:00,29963.82
2019-04-02 19:00:00,30442.238
2019-04-02 20:00:00,30965.594
2019-04-02 21:00:00,31187.977
2019-04-02 22:00:00,30048.666
2019-04-02 23:00:00,27792.016
2019-04-03 00:00:00,25819.777
2019-04-03 01:00:00,24572.684
2019-04-03 02:00:00,23931.195
2019-04-03 03:00:00,23733.555
2019-04-03 04:00:00,23816.168
2019-04-03 05:00:00,24798.215
2019-04-03 06:00:00,25461.594
2019-04-03 07:00:00,28659.348
2019-04-03 08:00:00,30113.08
2019-04-03 09:00:00,29749.379
2019-04-03 10:00:00,29293.875
2019-04-03 11:00:00,29169.146
2019-04-03 12:00:00,28971.102
2019-04-03 13:00:00,28409.506
2019-04-03 14:00:00,28267.887
2019-04-03 15:00:00,27805.328
2019-04-03 16:00:00,27646.203
2019-04-03 17:00:00,27738.672
2019-04-03 18:00:00,27938.832
2019-04-03 19:00:00,28666.14
2019-04-03 20:00:00,29842.387
2019-04-03 21:00:00,30852.863
2019-04-03 22:00:00,29351.213
2019-04-03 23:00:00,27464.605
2019-04-04 00:00:00,25609.73
2019-04-04 01:00:00,23947.285
2019-04-04 02:00:00,23497.86
2019-04-04 03:00:00,23308.629
2019-04-04 04:00:00,23308.629
2019-04-04 05:00:00,23725.254
2019-04-04 06:00:00,25638.941
2019-04-04 07:00:00,28575.057
2019-04-04 08:00:00,30245.941
2019-04-04 09:00:00,30073.863
2019-04-04 10:00:00,30074.734
2019-04-04 11:00:00,30211.064
2019-04-04 12:00:00,30154.266
2019-04-04 13:00:00,29699.146
2019-04-04 14:00:00,29256.926
2019-04-04 15:00:00,28551.293
2019-04-04 16:00:00,28420.227
2019-04-04 17:00:00,28471.945
2019-04-04 18:00:00,28747.89
2019-04-04 19:00:00,28812.297
2019-04-04 20:00:00,29584.715
2019-04-04 21:00:00,30953.219
2019-04-04 22:00:00,29234.51
2019-04-04 23:00:00,27394.102
2019-04-05 00:00:00,25773.629
2019-04-05 01:00:00,24368.422
2019-04-05 02:00:00,23355.773
2019-04-05 03:00:00,22919.652
2019-04-05 04:00:00,22978.746
2019-04-05 05:00:00,23710.52
2019-04-05 06:00:00,25667.973
2019-04-05 07:00:00,28202.137
2019-04-05 08:00:00,30356.234
2019-04-05 09:00:00,30799.125
2019-04-05 10:00:00,30879.61
2019-04-05 11:00:00,30593.38
2019-04-05 12:00:00,30125.422
2019-04-05 13:00:00,29232.33
2019-04-05 14:00:00,29129.922
2019-04-05 15:00:00,28063.25
2019-04-05 16:00:00,27983.902
2019-04-05 17:00:00,28266.738
2019-04-05 18:00:00,28379.156
2019-04-05 19:00:00,28483.574
2019-04-05 20:00:00,29171.488
2019-04-05 21:00:00,29986.832
2019-04-05 22:00:00,28634.385
2019-04-05 23:00:00,27369.318
2019-04-06 00:00:00,25779.85
2019-04-06 01:00:00,24479.176
2019-04-06 02:00:00,23263.998
2019-04-06 03:00:00,23031.742
2019-04-06 04:00:00,23031.742
2019-04-06 05:00:00,23193.018
2019-04-06 06:00:00,24195.293
2019-04-06 07:00:00,25389.146
2019-04-06 08:00:00,26116.738
2019-04-06 09:00:00,27046.63
2019-04-06 10:00:00,27506.969
2019-04-06 11:00:00,28384.145
2019-04-06 12:00:00,27811.838
2019-04-06 13:00:00,27316.05
2019-04-06 14:00:00,26961.123
2019-04-06 15:00:00,26507.566
2019-04-06 16:00:00,26510.65
2019-04-06 17:00:00,26533.326
2019-04-06 18:00:00,26874.1
2019-04-06 19:00:00,27270.783
2019-04-06 20:00:00,28589.932
2019-04-06 21:00:00,28908.566
2019-04-06 22:00:00,28388.787
2019-04-06 23:00:00,27037.82
2019-04-07 00:00:00,25917.736
2019-04-07 01:00:00,24745.65
2019-04-07 02:00:00,24117.387
2019-04-07 03:00:00,24045.031
2019-04-07 04:00:00,24045.031
2019-04-07 05:00:00,24151.262
2019-04-07 06:00:00,24659.5
2019-04-07 07:00:00,25636.639
2019-04-07 08:00:00,26222.857
2019-04-07 09:00:00,26408.84
2019-04-07 10:00:00,26343.496
2019-04-07 11:00:00,26175.693
2019-04-07 12:00:00,25692.525
2019-04-07 13:00:00,25312.406
2019-04-07 14:00:00,25069.064
2019-04-07 15:00:00,25047.668
2019-04-07 16:00:00,24973.744
2019-04-07 17:00:00,25205.654
2019-04-07 18:00:00,25804.03
2019-04-07 19:00:00,26430.012
2019-04-07 20:00:00,27813.293
2019-04-07 21:00:00,28592.648
2019-04-07 22:00:00,27939.344
2019-04-07 23:00:00,26460.729
2019-04-08 00:00:00,24832.309
2019-04-08 01:00:00,23676.586
2019-04-08 02:00:00,23374.18
2019-04-08 03:00:00,23308.629
2019-04-08 04:00:00,23308.629
2019-04-08 05:00:00,23734.453
2019-04-08 06:00:00,25474.844
2019-04-08 07:00:00,28635.268
2019-04-08 08:00:00,30438.473
2019-04-08 09:00:00,30599.66
2019-04-08 10:00:00,30200.998
2019-04-08 11:00:00,29859.045
2019-04-08 12:00:00,28902.746
2019-04-08 13:00:00,28179.463
2019-04-08 14:00:00,28163.582
2019-04-08 15:00:00,28250.164
2019-04-08 16:00:00,28322.637
2019-04-08 17:00:00,28593.895
2019-04-08 18:00:00,29201.75
2019-04-08 19:00:00,29792.758
2019-04-08 20:00:00,30454.676
2019-04-08 21:00:00,30874.96
2019-04-08 22:00:00,29512.686
2019-04-08 23:00:00,27068.52
2019-04-09 00:00:00,24900.7
2019-04-09 01:00:00,23195.652
2019-04-09 02:00:00,22641.766
2019-04-09 03:00:00,22401.836
2019-04-09 04:00:00,22325.691
2019-04-09 05:00:00,22667.36
2019-04-09 06:00:00,24503.621
2019-04-09 07:00:00,27136.87
2019-04-09 08:00:00,29111.334
2019-04-09 09:00:00,29422.73
2019-04-09 10:00:00,28614.043
2019-04-09 11:00:00,28765.393
2019-04-09 12:00:00,28712.164
2019-04-09 13:00:00,28530.803
2019-04-09 14:00:00,28599.742
2019-04-09 15:00:00,28154.48
2019-04-09 16:00:00,28137.355
2019-04-09 17:00:00,28228.598
2019-04-09 18:00:00,28716.492
2019-04-09 19:00:00,29205.082
2019-04-09 20:00:00,29530.938
2019-04-09 21:00:00,30744.281
2019-04-09 22:00:00,29155.479
2019-04-09 23:00:00,27247.07
2019-04-10 00:00:00,25264.32
2019-04-10 01:00:00,23829.094
2019-04-10 02:00:00,22983.402
2019-04-10 03:00:00,22751.082
2019-04-10 04:00:00,22810.176
2019-04-10 05:00:00,23533.027
2019-04-10 06:00:00,25473.23
2019-04-10 07:00:00,28432.514
2019-04-10 08:00:00,30190.89
2019-04-10 09:00:00,29689.11
2019-04-10 10:00:00,28725.27
2019-04-10 11:00:00,28465.771
2019-04-10 12:00:00,28171.719
2019-04-10 13:00:00,27974.053
2019-04-10 14:00:00,27778.64
2019-04-10 15:00:00,27645.004
2019-04-10 16:00:00,27652.43
2019-04-10 17:00:00,27725.71
2019-04-10 18:00:00,28160.031
2019-04-10 19:00:00,28071.234
2019-04-10 20:00:00,29040.133
2019-04-10 21:00:00,29637.21
2019-04-10 22:00:00,28550.865
2019-04-10 23:00:00,26597.559
2019-04-11 00:00:00,24770.975
2019-04-11 01:00:00,23426.494
2019-04-11 02:00:00,22882.766
2019-04-11 03:00:00,22282.268
2019-04-11 04:00:00,22706.646
2019-04-11 05:00:00,23024.736
2019-04-11 06:00:00,24772.594
2019-04-11 07:00:00,27584.945
2019-04-11 08:00:00,28775.879
2019-04-11 09:00:00,28447.055
2019-04-11 10:00:00,28182.768
2019-04-11 11:00:00,27897.674
2019-04-11 12:00:00,27462.129
2019-04-11 13:00:00,27235.666
2019-04-11 14:00:00,27169.467
2019-04-11 15:00:00,27125.234
2019-04-11 16:00:00,26980.363
2019-04-11 17:00:00,27154.844
2019-04-11 18:00:00,27269.902
2019-04-11 19:00:00,27372.734
2019-04-11 20:00:00,27913.436
2019-04-11 21:00:00,28880.611
2019-04-11 22:00:00,27551.64
2019-04-11 23:00:00,25865.793
2019-04-12 00:00:00,23638.129
2019-04-12 01:00:00,22264.934
2019-04-12 02:00:00,21645.15
2019-04-12 03:00:00,21604.312
2019-04-12 04:00:00,21792.213
2019-04-12 05:00:00,22199.068
2019-04-12 06:00:00,23558.936
2019-04-12 07:00:00,25948.621
2019-04-12 08:00:00,27201.252
2019-04-12 09:00:00,27348.115
2019-04-12 10:00:00,27305.754
2019-04-12 11:00:00,27238.23
2019-04-12 12:00:00,26774.176
2019-04-12 13:00:00,26575.42
2019-04-12 14:00:00,26480.002
2019-04-12 15:00:00,26370.596
2019-04-12 16:00:00,26583.348
2019-04-12 17:00:00,26831.102
2019-04-12 18:00:00,27014.238
2019-04-12 19:00:00,27014.238
2019-04-12 20:00:00,27096.303
2019-04-12 21:00:00,27762.744
2019-04-12 22:00:00,26859.85
2019-04-12 23:00:00,25362.732
2019-04-13 00:00:00,23564.326
2019-04-13 01:00:00,21862.326
2019-04-13 02:00:00,21516.543
2019-04-13 03:00:00,21346.496
2019-04-13 04:00:00,21346.496
2019-04-13 05:00:00,21516.543
2019-04-13 06:00:00,21754.908
2019-04-13 07:00:00,22444.8
2019-04-13 08:00:00,23072.113
2019-04-13 09:00:00,24130.271
2019-04-13 10:00:00,24632.992
2019-04-13 11:00:00,24758.752
2019-04-13 12:00:00,24603.59
2019-04-13 13:00:00,24626.605
2019-04-13 14:00:00,24662.158
2019-04-13 15:00:00,24807.78
2019-04-13 16:00:00,25003.588
2019-04-13 17:00:00,25412.787
2019-04-13 18:00:00,25692.607
2019-04-13 19:00:00,25778.584
2019-04-13 20:00:00,26131.6
2019-04-13 21:00:00,26842.494
2019-04-13 22:00:00,26156.885
2019-04-13 23:00:00,24423.148
2019-04-14 00:00:00,22611.527
2019-04-14 01:00:00,21629.213
2019-04-14 02:00:00,21332.88
2019-04-14 03:00:00,21332.88
2019-04-14 04:00:00,21332.88
2019-04-14 05:00:00,21332.88
2019-04-14 06:00:00,21336.828
2019-04-14 07:00:00,21816.23
2019-04-14 08:00:00,22336.535
2019-04-14 09:00:00,23262.434
2019-04-14 10:00:00,23875.36
2019-04-14 11:00:00,24428.396
2019-04-14 12:00:00,24554.676
2019-04-14 13:00:00,25046.115
2019-04-14 14:00:00,25341.592
2019-04-14 15:00:00,25543.54
2019-04-14 16:00:00,25767.578
2019-04-14 17:00:00,26135.977
2019-04-14 18:00:00,26451.088
2019-04-14 19:00:00,26946.553
2019-04-14 20:00:00,27517.27
2019-04-14 21:00:00,28062.998
2019-04-14 22:00:00,27002.521
2019-04-14 23:00:00,25626.055
2019-04-15 00:00:00,23660.021
2019-04-15 01:00:00,22460.406
2019-04-15 02:00:00,21641.352
2019-04-15 03:00:00,21517.08
2019-04-15 04:00:00,21517.08
2019-04-15 05:00:00,21766.387
2019-04-15 06:00:00,23106.674
2019-04-15 07:00:00,26155.195
2019-04-15 08:00:00,27669.447
2019-04-15 09:00:00,28218.32
2019-04-15 10:00:00,28493.572
2019-04-15 11:00:00,28795.81
2019-04-15 12:00:00,28708.283
2019-04-15 13:00:00,28517.424
2019-04-15 14:00:00,28623.006
2019-04-15 15:00:00,28199.566
2019-04-15 16:00:00,28283.236
2019-04-15 17:00:00,28840.498
2019-04-15 18:00:00,29021.55
2019-04-15 19:00:00,28995.402
2019-04-15 20:00:00,29286.37
2019-04-15 21:00:00,30001.912
2019-04-15 22:00:00,28374.09
2019-04-15 23:00:00,26341.59
2019-04-16 00:00:00,24170.396
2019-04-16 01:00:00,22714.307
2019-04-16 02:00:00,22069.852
2019-04-16 03:00:00,21893.732
2019-04-16 04:00:00,22069.852
2019-04-16 05:00:00,22139.03
2019-04-16 06:00:00,23682.945
2019-04-16 07:00:00,26730.781
2019-04-16 08:00:00,27787.594
2019-04-16 09:00:00,28402.896
2019-04-16 10:00:00,28115.51
2019-04-16 11:00:00,28213.727
2019-04-16 12:00:00,28182.232
2019-04-16 13:00:00,28286.53
2019-04-16 14:00:00,28547.809
2019-04-16 15:00:00,28525.818
2019-04-16 16:00:00,28528.902
2019-04-16 17:00:00,28661.238
2019-04-16 18:00:00,29126.955
2019-04-16 19:00:00,29592.057
2019-04-16 20:00:00,29919.36
2019-04-16 21:00:00,30536.475
2019-04-16 22:00:00,29391.4
2019-04-16 23:00:00,26981.771
2019-04-17 00:00:00,24697.87
2019-04-17 01:00:00,23107.146
2019-04-17 02:00:00,22413.297
2019-04-17 03:00:00,22333.299
2019-04-17 04:00:00,22333.299
2019-04-17 05:00:00,22586.273
2019-04-17 06:00:00,24550.168
2019-04-17 07:00:00,27112.041
2019-04-17 08:00:00,29081.75
2019-04-17 09:00:00,28990.666
2019-04-17 10:00:00,28022.36
2019-04-17 11:00:00,27984.857
2019-04-17 12:00:00,27876.01
2019-04-17 13:00:00,27330.402
2019-04-17 14:00:00,27531.672
2019-04-17 15:00:00,27443.002
2019-04-17 16:00:00,27436.918
2019-04-17 17:00:00,27687.715
2019-04-17 18:00:00,27971.326
2019-04-17 19:00:00,28040.803
2019-04-17 20:00:00,28297.107
2019-04-17 21:00:00,29241.408
2019-04-17 22:00:00,28265.268
2019-04-17 23:00:00,26161.926
2019-04-18 00:00:00,23943.875
2019-04-18 01:00:00,22598.611
2019-04-18 02:00:00,21524.967
2019-04-18 03:00:00,21503.252
2019-04-18 04:00:00,21503.252
2019-04-18 05:00:00,21787.889
2019-04-18 06:00:00,23552.994
2019-04-18 07:00:00,26391.78
2019-04-18 08:00:00,27950.15
2019-04-18 09:00:00,28077.87
2019-04-18 10:00:00,28244.67
2019-04-18 11:00:00,28156.607
2019-04-18 12:00:00,28209.531
2019-04-18 13:00:00,28313.828
2019-04-18 14:00:00,28691.7
2019-04-18 15:00:00,28647.318
2019-04-18 16:00:00,28653.225
2019-04-18 17:00:00,28789.277
2019-04-18 18:00:00,29067.643
2019-04-18 19:00:00,29032.705
2019-04-18 20:00:00,29651.887
2019-04-18 21:00:00,30533.955
2019-04-18 22:00:00,28995.059
2019-04-18 23:00:00,27093.13
2019-04-19 00:00:00,25015.346
2019-04-19 01:00:00,23107.969
2019-04-19 02:00:00,22360.174
2019-04-19 03:00:00,22352.287
2019-04-19 04:00:00,22352.287
2019-04-19 05:00:00,22440.172
2019-04-19 06:00:00,24518.93
2019-04-19 07:00:00,26780.95
2019-04-19 08:00:00,28895.543
2019-04-19 09:00:00,28640.025
2019-04-19 10:00:00,28690.254
2019-04-19 11:00:00,28601.191
2019-04-19 12:00:00,28083.98
2019-04-19 13:00:00,28302.848
2019-04-19 14:00:00,28370.893
2019-04-19 15:00:00,28156.41
2019-04-19 16:00:00,28075.553
2019-04-19 17:00:00,28098.229
2019-04-19 18:00:00,28032.096
2019-04-19 19:00:00,27750.746
2019-04-19 20:00:00,27898.016
2019-04-19 21:00:00,28881.188
2019-04-19 22:00:00,27787.758
2019-04-19 23:00:00,26432.363
2019-04-20 00:00:00,24376.873
2019-04-20 01:00:00,22900.707
2019-04-20 02:00:00,22168.305
2019-04-20 03:00:00,21859.447
2019-04-20 04:00:00,22035.566
2019-04-20 05:00:00,22057.086
2019-04-20 06:00:00,22302.96
2019-04-20 07:00:00,23313.244
2019-04-20 08:00:00,24120.54
2019-04-20 09:00:00,24877.6
2019-04-20 10:00:00,25860.941
2019-04-20 11:00:00,25722.725
2019-04-20 12:00:00,25574.281
2019-04-20 13:00:00,25510.117
2019-04-20 14:00:00,25066.93
2019-04-20 15:00:00,24633.428
2019-04-20 16:00:00,24532.559
2019-04-20 17:00:00,24610.492
2019-04-20 18:00:00,25274.08
2019-04-20 19:00:00,25343.26
2019-04-20 20:00:00,25883.842
2019-04-20 21:00:00,26519.475
2019-04-20 22:00:00,25978.854
2019-04-20 23:00:00,24423.148
2019-04-21 00:00:00,22871.795
2019-04-21 01:00:00,21754.307
2019-04-21 02:00:00,21348.84
2019-04-21 03:00:00,21332.88
2019-04-21 04:00:00,21332.88
2019-04-21 05:00:00,21348.84
2019-04-21 06:00:00,21433.494
2019-04-21 07:00:00,22026.125
2019-04-21 08:00:00,22782.744
2019-04-21 09:00:00,23099.643
2019-04-21 10:00:00,23294.818
2019-04-21 11:00:00,23297.098
2019-04-21 12:00:00,23265.01
2019-04-21 13:00:00,23226.725
2019-04-21 14:00:00,23255.238
2019-04-21 15:00:00,23243.367
2019-04-21 16:00:00,23407.07
2019-04-21 17:00:00,23968.504
2019-04-21 18:00:00,24473.814
2019-04-21 19:00:00,24704.268
2019-04-21 20:00:00,25945.682
2019-04-21 21:00:00,26764.562
2019-04-21 22:00:00,26104.041
2019-04-21 23:00:00,24304.664
2019-04-22 00:00:00,22293.766
2019-04-22 01:00:00,21557.496
2019-04-22 02:00:00,21367.166
2019-04-22 03:00:00,21367.166
2019-04-22 04:00:00,21367.166
2019-04-22 05:00:00,21383.125
2019-04-22 06:00:00,22904.209
2019-04-22 07:00:00,26058.873
2019-04-22 08:00:00,27193.822
2019-04-22 09:00:00,27424.902
2019-04-22 10:00:00,27477.082
2019-04-22 11:00:00,27375.871
2019-04-22 12:00:00,27377.648
2019-04-22 13:00:00,27625.598
2019-04-22 14:00:00,27733.268
2019-04-22 15:00:00,27446.75
2019-04-22 16:00:00,27481.299
2019-04-22 17:00:00,27656.223
2019-04-22 18:00:00,27905.225
2019-04-22 19:00:00,27959.338
2019-04-22 20:00:00,28201.416
2019-04-22 21:00:00,28736.023
2019-04-22 22:00:00,27626.498
2019-04-22 23:00:00,25809.105
2019-04-23 00:00:00,23579.115
2019-04-23 01:00:00,21985.021
2019-04-23 02:00:00,21393.514
2019-04-23 03:00:00,21393.514
2019-04-23 04:00:00,21393.514
2019-04-23 05:00:00,21400.742
2019-04-23 06:00:00,23116.984
2019-04-23 07:00:00,26034.812
2019-04-23 08:00:00,27102.672
2019-04-23 09:00:00,27587.92
2019-04-23 10:00:00,27855.555
2019-04-23 11:00:00,27995.03
2019-04-23 12:00:00,27943.613
2019-04-23 13:00:00,28047.91
2019-04-23 14:00:00,28228.979
2019-04-23 15:00:00,28699.236
2019-04-23 16:00:00,28722.607
2019-04-23 17:00:00,28939.537
2019-04-23 18:00:00,29072.81
2019-04-23 19:00:00,29289.33
2019-04-23 20:00:00,29509.793
2019-04-23 21:00:00,30098.527
2019-04-23 22:00:00,28094.816
2019-04-23 23:00:00,26177.738
2019-04-24 00:00:00,23874.75
2019-04-24 01:00:00,22193.604
2019-04-24 02:00:00,21483.275
2019-04-24 03:00:00,21393.514
2019-04-24 04:00:00,21393.514
2019-04-24 05:00:00,21393.514
2019-04-24 06:00:00,22813.521
2019-04-24 07:00:00,26102.307
2019-04-24 08:00:00,27293.553
2019-04-24 09:00:00,27815.643
2019-04-24 10:00:00,27970.332
2019-04-24 11:00:00,28028.861
2019-04-24 12:00:00,27935.193
2019-04-24 13:00:00,27975.621
2019-04-24 14:00:00,28046.916
2019-04-24 15:00:00,27907.012
2019-04-24 16:00:00,27770.086
2019-04-24 17:00:00,27932.771
2019-04-24 18:00:00,28131.275
2019-04-24 19:00:00,27972.635
2019-04-24 20:00:00,28202.299
2019-04-24 21:00:00,28960.188
2019-04-24 22:00:00,27857.379
2019-04-24 23:00:00,25997.129
2019-04-25 00:00:00,23657.135
2019-04-25 01:00:00,21985.021
2019-04-25 02:00:00,21407.129
2019-04-25 03:00:00,21367.166
2019-04-25 04:00:00,21367.166
2019-04-25 05:00:00,21407.129
2019-04-25 06:00:00,22853.158
2019-04-25 07:00:00,25894.963
2019-04-25 08:00:00,27226.11
2019-04-25 09:00:00,27372.082
2019-04-25 10:00:00,27571.428
2019-04-25 11:00:00,27612.197
2019-04-25 12:00:00,27589.145
2019-04-25 13:00:00,27526.883
2019-04-25 14:00:00,27875.064
2019-04-25 15:00:00,27822.746
2019-04-25 16:00:00,27907.771
2019-04-25 17:00:00,28300.791
2019-04-25 18:00:00,28497.598
2019-04-25 19:00:00,28480.088
2019-04-25 20:00:00,28891.492
2019-04-25 21:00:00,29450.775
2019-04-25 22:00:00,28240.137
2019-04-25 23:00:00,26319.307
2019-04-26 00:00:00,23932.74
2019-04-26 01:00:00,22488.912
2019-04-26 02:00:00,21815.91
2019-04-26 03:00:00,21596.164
2019-04-26 04:00:00,21502.264
2019-04-26 05:00:00,21642.682
2019-04-26 06:00:00,22862.389
2019-04-26 07:00:00,25913.17
2019-04-26 08:00:00,27357.043
2019-04-26 09:00:00,27980.65
2019-04-26 10:00:00,28164.291
2019-04-26 11:00:00,28465.225
2019-04-26 12:00:00,28467.445
2019-04-26 13:00:00,28588.174
2019-04-26 14:00:00,29037.176
2019-04-26 15:00:00,29061.611
2019-04-26 16:00:00,29504.28
2019-04-26 17:00:00,29759.33
2019-04-26 18:00:00,29808.98
2019-04-26 19:00:00,29541.03
2019-04-26 20:00:00,29071.232
2019-04-26 21:00:00,29167.156
2019-04-26 22:00:00,28327.201
2019-04-26 23:00:00,26453.258
2019-04-27 00:00:00,24502.021
2019-04-27 01:00:00,22687.928
2019-04-27 02:00:00,21831.992
2019-04-27 03:00:00,21622.482
2019-04-27 04:00:00,21491.549
2019-04-27 05:00:00,21491.549
2019-04-27 06:00:00,21779.588
2019-04-27 07:00:00,22239.781
2019-04-27 08:00:00,23671.537
2019-04-27 09:00:00,25219.12
2019-04-27 10:00:00,25771.996
2019-04-27 11:00:00,26088.09
2019-04-27 12:00:00,25952.082
2019-04-27 13:00:00,25837.43
2019-04-27 14:00:00,26003.342
2019-04-27 15:00:00,26519.674
2019-04-27 16:00:00,27459.562
2019-04-27 17:00:00,27786.357
2019-04-27 18:00:00,27843.56
2019-04-27 19:00:00,28007.357
2019-04-27 20:00:00,27930.84
2019-04-27 21:00:00,28095.28
2019-04-27 22:00:00,26979.408
2019-04-27 23:00:00,25916.44
2019-04-28 00:00:00,23973.467
2019-04-28 01:00:00,22803.197
2019-04-28 02:00:00,21882.625
2019-04-28 03:00:00,21637.436
2019-04-28 04:00:00,21591.979
2019-04-28 05:00:00,21418.75
2019-04-28 06:00:00,21422.697
2019-04-28 07:00:00,21778.287
2019-04-28 08:00:00,22493.674
2019-04-28 09:00:00,23440.305
2019-04-28 10:00:00,24497.824
2019-04-28 11:00:00,25171.602
2019-04-28 12:00:00,25496.523
2019-04-28 13:00:00,25646.18
2019-04-28 14:00:00,25774.785
2019-04-28 15:00:00,25764.174
2019-04-28 16:00:00,25942.496
2019-04-28 17:00:00,26211.236
2019-04-28 18:00:00,26711.309
2019-04-28 19:00:00,26802.934
2019-04-28 20:00:00,27162.035
2019-04-28 21:00:00,27798.564
2019-04-28 22:00:00,26803.08
2019-04-28 23:00:00,25661.352
2019-04-29 00:00:00,23403.037
2019-04-29 01:00:00,21992.592
2019-04-29 02:00:00,21400.742
2019-04-29 03:00:00,21367.166
2019-04-29 04:00:00,21383.125
2019-04-29 05:00:00,21600.9
2019-04-29 06:00:00,23481.908
2019-04-29 07:00:00,26293.096
2019-04-29 08:00:00,28082.17
2019-04-29 09:00:00,28383.295
2019-04-29 10:00:00,28195.31
2019-04-29 11:00:00,28311.807
2019-04-29 12:00:00,28311.691
2019-04-29 13:00:00,28462.656
2019-04-29 14:00:00,28503.074
2019-04-29 15:00:00,28827.256
2019-04-29 16:00:00,28759.145
2019-04-29 17:00:00,29366.467
2019-04-29 18:00:00,29569.047
2019-04-29 19:00:00,29552.752
2019-04-29 20:00:00,29760.838
2019-04-29 21:00:00,30199.08
2019-04-29 22:00:00,28919.494
2019-04-29 23:00:00,26631.928
2019-04-30 00:00:00,24656.803
2019-04-30 01:00:00,22769.096
2019-04-30 02:00:00,21947.15
2019-04-30 03:00:00,21623.094
2019-04-30 04:00:00,21612.2
2019-04-30 05:00:00,21643.938
2019-04-30 06:00:00,23749.748
2019-04-30 07:00:00,26409.605
2019-04-30 08:00:00,27768.803
2019-04-30 09:00:00,27880.096
2019-04-30 10:00:00,28147.44
2019-04-30 11:00:00,28096.834
2019-04-30 12:00:00,28052.39
2019-04-30 13:00:00,28156.688
2019-04-30 14:00:00,28229.97
2019-04-30 15:00:00,28287.29
2019-04-30 16:00:00,28467.94
2019-04-30 17:00:00,28746.598
2019-04-30 18:00:00,28837.066
2019-04-30 19:00:00,28649.58
2019-04-30 20:00:00,28653.744
2019-04-30 21:00:00,29479.057
2019-04-30 22:00:00,28095.512
2019-04-30 23:00:00,26235.332
2019-05-01 00:00:00,23855.223
2019-05-01 01:00:00,22028.08
2019-05-01 02:00:00,21483.275
2019-05-01 03:00:00,21367.166
2019-05-01 04:00:00,21367.166
2019-05-01 05:00:00,21483.275
2019-05-01 06:00:00,22683.527
2019-05-01 07:00:00,25596.057
2019-05-01 08:00:00,27097.84
2019-05-01 09:00:00,27356.188
2019-05-01 10:00:00,27584.0
2019-05-01 11:00:00,27796.203
2019-05-01 12:00:00,28110.893
2019-05-01 13:00:00,28434.617
2019-05-01 14:00:00,28690.885
2019-05-01 15:00:00,28563.084
2019-05-01 16:00:00,29601.422
2019-05-01 17:00:00,29844.025
2019-05-01 18:00:00,30452.15
2019-05-01 19:00:00,30452.15
2019-05-01 20:00:00,30299.588
2019-05-01 21:00:00,30761.1
2019-05-01 22:00:00,29735.936
2019-05-01 23:00:00,27113.45
2019-05-02 00:00:00,24511.13
2019-05-02 01:00:00,22932.678
2019-05-02 02:00:00,21871.531
2019-05-02 03:00:00,21472.887
2019-05-02 04:00:00,21472.887
2019-05-02 05:00:00,21630.922
2019-05-02 06:00:00,23233.877
2019-05-02 07:00:00,25965.402
2019-05-02 08:00:00,27455.906
2019-05-02 09:00:00,28144.754
2019-05-02 10:00:00,28362.283
2019-05-02 11:00:00,29474.666
2019-05-02 12:00:00,29992.637
2019-05-02 13:00:00,30310.898
2019-05-02 14:00:00,30500.596
2019-05-02 15:00:00,30529.629
2019-05-02 16:00:00,30533.89
2019-05-02 17:00:00,30666.197
2019-05-02 18:00:00,30752.87
2019-05-02 19:00:00,30752.87
2019-05-02 20:00:00,30732.508
2019-05-02 21:00:00,31073.602
2019-05-02 22:00:00,30489.182
2019-05-02 23:00:00,29098.912
2019-05-03 00:00:00,25874.547
2019-05-03 01:00:00,24361.203
2019-05-03 02:00:00,23091.54
2019-05-03 03:00:00,22365.902
2019-05-03 04:00:00,22171.633
2019-05-03 05:00:00,22349.566
2019-05-03 06:00:00,23786.303
2019-05-03 07:00:00,26513.004
2019-05-03 08:00:00,28356.457
2019-05-03 09:00:00,29157.133
2019-05-03 10:00:00,30085.121
2019-05-03 11:00:00,30320.371
2019-05-03 12:00:00,30580.615
2019-05-03 13:00:00,30788.408
2019-05-03 14:00:00,31026.74
2019-05-03 15:00:00,30988.23
2019-05-03 16:00:00,30863.086
2019-05-03 17:00:00,30885.762
2019-05-03 18:00:00,30885.762
2019-05-03 19:00:00,30808.191
2019-05-03 20:00:00,30808.191
2019-05-03 21:00:00,30938.273
2019-05-03 22:00:00,30302.402
2019-05-03 23:00:00,28844.25
2019-05-04 00:00:00,25994.08
2019-05-04 01:00:00,23727.469
2019-05-04 02:00:00,22504.979
2019-05-04 03:00:00,21873.062
2019-05-04 04:00:00,21482.795
2019-05-04 05:00:00,21348.84
2019-05-04 06:00:00,21617.156
2019-05-04 07:00:00,22149.78
2019-05-04 08:00:00,23367.744
2019-05-04 09:00:00,24631.053
2019-05-04 10:00:00,25226.941
2019-05-04 11:00:00,25761.824
2019-05-04 12:00:00,25900.043
2019-05-04 13:00:00,25896.781
2019-05-04 14:00:00,25644.432
2019-05-04 15:00:00,25400.547
2019-05-04 16:00:00,25317.432
2019-05-04 17:00:00,25296.92
2019-05-04 18:00:00,25401.018
2019-05-04 19:00:00,25401.018
2019-05-04 20:00:00,25774.932
2019-05-04 21:00:00,26541.273
2019-05-04 22:00:00,25950.855
2019-05-04 23:00:00,24728.469
2019-05-05 00:00:00,23018.383
2019-05-05 01:00:00,21747.545
2019-05-05 02:00:00,21332.88
2019-05-05 03:00:00,21332.88
2019-05-05 04:00:00,21332.88
2019-05-05 05:00:00,21332.88
2019-05-05 06:00:00,21336.828
2019-05-05 07:00:00,21692.418
2019-05-05 08:00:00,22330.98
2019-05-05 09:00:00,22890.502
2019-05-05 10:00:00,23714.328
2019-05-05 11:00:00,24139.857
2019-05-05 12:00:00,24193.145
2019-05-05 13:00:00,24238.262
2019-05-05 14:00:00,24035.607
2019-05-05 15:00:00,24055.848
2019-05-05 16:00:00,24058.932
2019-05-05 17:00:00,24234.982
2019-05-05 18:00:00,24849.623
2019-05-05 19:00:00,25380.979
2019-05-05 20:00:00,25709.246
2019-05-05 21:00:00,26644.305
2019-05-05 22:00:00,26174.664
2019-05-05 23:00:00,24398.758
2019-05-06 00:00:00,22459.332
2019-05-06 01:00:00,21730.725
2019-05-06 02:00:00,21393.514
2019-05-06 03:00:00,21393.514
2019-05-06 04:00:00,21393.514
2019-05-06 05:00:00,21566.742
2019-05-06 06:00:00,22738.363
2019-05-06 07:00:00,25747.736
2019-05-06 08:00:00,27019.771
2019-05-06 09:00:00,27180.719
2019-05-06 10:00:00,27389.766
2019-05-06 11:00:00,27491.852
2019-05-06 12:00:00,27493.338
2019-05-06 13:00:00,27525.24
2019-05-06 14:00:00,27685.361
2019-05-06 15:00:00,27779.361
2019-05-06 16:00:00,28256.047
2019-05-06 17:00:00,28297.287
2019-05-06 18:00:00,28380.393
2019-05-06 19:00:00,28452.787
2019-05-06 20:00:00,28481.488
2019-05-06 21:00:00,28980.201
2019-05-06 22:00:00,27791.67
2019-05-06 23:00:00,26122.791
2019-05-07 00:00:00,23960.602
2019-05-07 01:00:00,22013.59
2019-05-07 02:00:00,21566.742
2019-05-07 03:00:00,21466.312
2019-05-07 04:00:00,21466.312
2019-05-07 05:00:00,21612.2
2019-05-07 06:00:00,22766.088
2019-05-07 07:00:00,25932.027
2019-05-07 08:00:00,27314.99
2019-05-07 09:00:00,27339.36
2019-05-07 10:00:00,27436.223
2019-05-07 11:00:00,27440.32
2019-05-07 12:00:00,27428.092
2019-05-07 13:00:00,27592.68
2019-05-07 14:00:00,27671.129
2019-05-07 15:00:00,28013.248
2019-05-07 16:00:00,28192.969
2019-05-07 17:00:00,28400.268
2019-05-07 18:00:00,28544.43
2019-05-07 19:00:00,28558.748
2019-05-07 20:00:00,28476.338
2019-05-07 21:00:00,28942.53
2019-05-07 22:00:00,28078.64
2019-05-07 23:00:00,26052.012
2019-05-08 00:00:00,23826.951
2019-05-08 01:00:00,21985.021
2019-05-08 02:00:00,21407.129
2019-05-08 03:00:00,21393.514
2019-05-08 04:00:00,21393.514
2019-05-08 05:00:00,21479.928
2019-05-08 06:00:00,22917.824
2019-05-08 07:00:00,25779.764
2019-05-08 08:00:00,27109.172
2019-05-08 09:00:00,27372.082
2019-05-08 10:00:00,27490.46
2019-05-08 11:00:00,27472.535
2019-05-08 12:00:00,27518.564
2019-05-08 13:00:00,27659.545
2019-05-08 14:00:00,28354.053
2019-05-08 15:00:00,28518.805
2019-05-08 16:00:00,28652.58
2019-05-08 17:00:00,28755.102
2019-05-08 18:00:00,29621.31
2019-05-08 19:00:00,28755.102
2019-05-08 20:00:00,28712.018
2019-05-08 21:00:00,29176.016
2019-05-08 22:00:00,28315.297
2019-05-08 23:00:00,26228.328
2019-05-09 00:00:00,24084.682
2019-05-09 01:00:00,22078.53
2019-05-09 02:00:00,21407.129
2019-05-09 03:00:00,21367.166
2019-05-09 04:00:00,21367.166
2019-05-09 05:00:00,21393.514
2019-05-09 06:00:00,22316.09
2019-05-09 07:00:00,25543.75
2019-05-09 08:00:00,26792.596
2019-05-09 09:00:00,27434.883
2019-05-09 10:00:00,27588.785
2019-05-09 11:00:00,27938.795
2019-05-09 12:00:00,27943.988
2019-05-09 13:00:00,28602.477
2019-05-09 14:00:00,28714.553
2019-05-09 15:00:00,28585.898
2019-05-09 16:00:00,28789.326
2019-05-09 17:00:00,28975.043
2019-05-09 18:00:00,29841.662
2019-05-09 19:00:00,29081.443
2019-05-09 20:00:00,29060.908
2019-05-09 21:00:00,29653.006
2019-05-09 22:00:00,28628.578
2019-05-09 23:00:00,26665.879
2019-05-10 00:00:00,24333.3
2019-05-10 01:00:00,22424.633
2019-05-10 02:00:00,21582.291
2019-05-10 03:00:00,21412.502
2019-05-10 04:00:00,21412.502
2019-05-10 05:00:00,21485.3
2019-05-10 06:00:00,22528.17
2019-05-10 07:00:00,25669.646
2019-05-10 08:00:00,26981.588
2019-05-10 09:00:00,27583.281
2019-05-10 10:00:00,27842.273
2019-05-10 11:00:00,28378.027
2019-05-10 12:00:00,28560.412
2019-05-10 13:00:00,28620.543
2019-05-10 14:00:00,28735.518
2019-05-10 15:00:00,28642.926
2019-05-10 16:00:00,28647.508
2019-05-10 17:00:00,28877.139
2019-05-10 18:00:00,28796.549
2019-05-10 19:00:00,28540.014
2019-05-10 20:00:00,28361.744
2019-05-10 21:00:00,28509.87
2019-05-10 22:00:00,27672.303
2019-05-10 23:00:00,26051.146
2019-05-11 00:00:00,23878.693
2019-05-11 01:00:00,22098.744
2019-05-11 02:00:00,21418.75
2019-05-11 03:00:00,21332.88
2019-05-11 04:00:00,21332.88
2019-05-11 05:00:00,21332.88
2019-05-11 06:00:00,21422.697
2019-05-11 07:00:00,21933.229
2019-05-11 08:00:00,22825.797
2019-05-11 09:00:00,24279.545
2019-05-11 10:00:00,25103.178
2019-05-11 11:00:00,25923.178
2019-05-11 12:00:00,26288.324
2019-05-11 13:00:00,26310.975
2019-05-11 14:00:00,26346.646
2019-05-11 15:00:00,26337.8
2019-05-11 16:00:00,26395.49
2019-05-11 17:00:00,26508.639
2019-05-11 18:00:00,27132.115
2019-05-11 19:00:00,27132.115
2019-05-11 20:00:00,27050.893
2019-05-11 21:00:00,26882.76
2019-05-11 22:00:00,26479.191
2019-05-11 23:00:00,24878.2
2019-05-12 00:00:00,23282.209
2019-05-12 01:00:00,21744.34
2019-05-12 02:00:00,21394.318
2019-05-12 03:00:00,21332.88
2019-05-12 04:00:00,21332.88
2019-05-12 05:00:00,21332.88
2019-05-12 06:00:00,21336.828
2019-05-12 07:00:00,21753.855
2019-05-12 08:00:00,22362.129
2019-05-12 09:00:00,22844.822
2019-05-12 10:00:00,23827.703
2019-05-12 11:00:00,24153.13
2019-05-12 12:00:00,24212.89
2019-05-12 13:00:00,24264.957
2019-05-12 14:00:00,24279.627
2019-05-12 15:00:00,24342.844
2019-05-12 16:00:00,24235.99
2019-05-12 17:00:00,24471.252
2019-05-12 18:00:00,24665.162
2019-05-12 19:00:00,25287.225
2019-05-12 20:00:00,25718.51
2019-05-12 21:00:00,26637.557
2019-05-12 22:00:00,26090.686
2019-05-12 23:00:00,24675.375
2019-05-13 00:00:00,22826.727
2019-05-13 01:00:00,21787.676
2019-05-13 02:00:00,21456.928
2019-05-13 03:00:00,21380.781
2019-05-13 04:00:00,21380.781
2019-05-13 05:00:00,21597.346
2019-05-13 06:00:00,22764.518
2019-05-13 07:00:00,25405.646
2019-05-13 08:00:00,27133.637
2019-05-13 09:00:00,27380.848
2019-05-13 10:00:00,27469.422
2019-05-13 11:00:00,27518.594
2019-05-13 12:00:00,27474.15
2019-05-13 13:00:00,27419.803
2019-05-13 14:00:00,27472.717
2019-05-13 15:00:00,27701.227
2019-05-13 16:00:00,27961.0
2019-05-13 17:00:00,28302.674
2019-05-13 18:00:00,28631.863
2019-05-13 19:00:00,28837.682
2019-05-13 20:00:00,28966.129
2019-05-13 21:00:00,29449.65
2019-05-13 22:00:00,28574.541
2019-05-13 23:00:00,26290.594
2019-05-14 00:00:00,23943.875
2019-05-14 01:00:00,22208.742
2019-05-14 02:00:00,21396.74
2019-05-14 03:00:00,21367.166
2019-05-14 04:00:00,21367.166
2019-05-14 05:00:00,21396.74
2019-05-14 06:00:00,22649.584
2019-05-14 07:00:00,25587.371
2019-05-14 08:00:00,27357.648
2019-05-14 09:00:00,27994.555
2019-05-14 10:00:00,28371.955
2019-05-14 11:00:00,28890.06
2019-05-14 12:00:00,29854.592
2019-05-14 13:00:00,30455.953
2019-05-14 14:00:00,30816.205
2019-05-14 15:00:00,30917.783
2019-05-14 16:00:00,31038.238
2019-05-14 17:00:00,31298.092
2019-05-14 18:00:00,31399.945
2019-05-14 19:00:00,31176.127
2019-05-14 20:00:00,31138.568
2019-05-14 21:00:00,31271.033
2019-05-14 22:00:00,30458.988
2019-05-14 23:00:00,27475.182
2019-05-15 00:00:00,25218.248
2019-05-15 01:00:00,23144.941
2019-05-15 02:00:00,22340.729
2019-05-15 03:00:00,21641.352
2019-05-15 04:00:00,21517.08
2019-05-15 05:00:00,21825.014
2019-05-15 06:00:00,23368.365
2019-05-15 07:00:00,25870.67
2019-05-15 08:00:00,27971.992
2019-05-15 09:00:00,28456.14
2019-05-15 10:00:00,28754.262
2019-05-15 11:00:00,29405.621
2019-05-15 12:00:00,29800.043
2019-05-15 13:00:00,30339.127
2019-05-15 14:00:00,30881.05
2019-05-15 15:00:00,30907.86
2019-05-15 16:00:00,30971.709
2019-05-15 17:00:00,31001.457
2019-05-15 18:00:00,31015.69
2019-05-15 19:00:00,31001.457
2019-05-15 20:00:00,31015.69
2019-05-15 21:00:00,31023.508
2019-05-15 22:00:00,30553.686
2019-05-15 23:00:00,28836.48
2019-05-16 00:00:00,26346.67
2019-05-16 01:00:00,24348.787
2019-05-16 02:00:00,23452.045
2019-05-16 03:00:00,22937.48
2019-05-16 04:00:00,22582.656
2019-05-16 05:00:00,22649.389
2019-05-16 06:00:00,23844.688
2019-05-16 07:00:00,26519.78
2019-05-16 08:00:00,28478.32
2019-05-16 09:00:00,29629.242
2019-05-16 10:00:00,30655.754
2019-05-16 11:00:00,30729.148
2019-05-16 12:00:00,30720.752
2019-05-16 13:00:00,30839.281
2019-05-16 14:00:00,30918.918
2019-05-16 15:00:00,31047.127
2019-05-16 16:00:00,31133.03
2019-05-16 17:00:00,31155.705
2019-05-16 18:00:00,31172.938
2019-05-16 19:00:00,31141.473
2019-05-16 20:00:00,31039.271
2019-05-16 21:00:00,30998.135
2019-05-16 22:00:00,30550.53
2019-05-16 23:00:00,28575.96
2019-05-17 00:00:00,27332.137
2019-05-17 01:00:00,25103.045
2019-05-17 02:00:00,23959.79
2019-05-17 03:00:00,23514.63
2019-05-17 04:00:00,23098.482
2019-05-17 05:00:00,23105.71
2019-05-17 06:00:00,24632.256
2019-05-17 07:00:00,26458.77
2019-05-17 08:00:00,28892.56
2019-05-17 09:00:00,30132.822
2019-05-17 10:00:00,30356.389
2019-05-17 11:00:00,30783.812
2019-05-17 12:00:00,30739.37
2019-05-17 13:00:00,30780.799
2019-05-17 14:00:00,30965.256
2019-05-17 15:00:00,30714.76
2019-05-17 16:00:00,30613.854
2019-05-17 17:00:00,30636.53
2019-05-17 18:00:00,30636.53
2019-05-17 19:00:00,30502.863
2019-05-17 20:00:00,29866.2
2019-05-17 21:00:00,30390.111
2019-05-17 22:00:00,29359.842
2019-05-17 23:00:00,28333.725
2019-05-18 00:00:00,25762.957
2019-05-18 01:00:00,24199.057
2019-05-18 02:00:00,22962.717
2019-05-18 03:00:00,22239.9
2019-05-18 04:00:00,22071.178
2019-05-18 05:00:00,21827.59
2019-05-18 06:00:00,21831.537
2019-05-18 07:00:00,22223.875
2019-05-18 08:00:00,23004.434
2019-05-18 09:00:00,24660.146
2019-05-18 10:00:00,25825.607
2019-05-18 11:00:00,26265.15
2019-05-18 12:00:00,26305.492
2019-05-18 13:00:00,26310.975
2019-05-18 14:00:00,26150.451
2019-05-18 15:00:00,25938.078
2019-05-18 16:00:00,25687.514
2019-05-18 17:00:00,25828.916
2019-05-18 18:00:00,26014.459
2019-05-18 19:00:00,26091.467
2019-05-18 20:00:00,26106.21
2019-05-18 21:00:00,26523.35
2019-05-18 22:00:00,26300.236
2019-05-18 23:00:00,24584.422
2019-05-19 00:00:00,22910.152
2019-05-19 01:00:00,21584.727
2019-05-19 02:00:00,21332.88
2019-05-19 03:00:00,21332.88
2019-05-19 04:00:00,21332.88
2019-05-19 05:00:00,21332.88
2019-05-19 06:00:00,21336.828
2019-05-19 07:00:00,21692.418
2019-05-19 08:00:00,22160.03
2019-05-19 09:00:00,23072.092
2019-05-19 10:00:00,24012.78
2019-05-19 11:00:00,24378.512
2019-05-19 12:00:00,25205.203
2019-05-19 13:00:00,25888.719
2019-05-19 14:00:00,26792.67
2019-05-19 15:00:00,26902.428
2019-05-19 16:00:00,26948.596
2019-05-19 17:00:00,28487.396
2019-05-19 18:00:00,28781.805
2019-05-19 19:00:00,28781.805
2019-05-19 20:00:00,28965.87
2019-05-19 21:00:00,29240.639
2019-05-19 22:00:00,28517.156
2019-05-19 23:00:00,26706.715
2019-05-20 00:00:00,23892.568
2019-05-20 01:00:00,22276.855
2019-05-20 02:00:00,21517.08
2019-05-20 03:00:00,21383.125
2019-05-20 04:00:00,21367.166
2019-05-20 05:00:00,21383.125
2019-05-20 06:00:00,22406.84
2019-05-20 07:00:00,25310.082
2019-05-20 08:00:00,26970.143
2019-05-20 09:00:00,27500.82
2019-05-20 10:00:00,28429.701
2019-05-20 11:00:00,28681.68
2019-05-20 12:00:00,28859.57
2019-05-20 13:00:00,29063.855
2019-05-20 14:00:00,30190.797
2019-05-20 15:00:00,30433.281
2019-05-20 16:00:00,30784.535
2019-05-20 17:00:00,30974.023
2019-05-20 18:00:00,31055.008
2019-05-20 19:00:00,30929.117
2019-05-20 20:00:00,30698.633
2019-05-20 21:00:00,30743.15
2019-05-20 22:00:00,29788.363
2019-05-20 23:00:00,26749.025
2019-05-21 00:00:00,24458.303
2019-05-21 01:00:00,22705.076
2019-05-21 02:00:00,21524.754
2019-05-21 03:00:00,21400.742
2019-05-21 04:00:00,21383.125
2019-05-21 05:00:00,21400.742
2019-05-21 06:00:00,22706.57
2019-05-21 07:00:00,25614.32
2019-05-21 08:00:00,27068.979
2019-05-21 09:00:00,28133.059
2019-05-21 10:00:00,28471.293
2019-05-21 11:00:00,28689.398
2019-05-21 12:00:00,28961.947
2019-05-21 13:00:00,29187.025
2019-05-21 14:00:00,29555.045
2019-05-21 15:00:00,29880.658
2019-05-21 16:00:00,29850.203
2019-05-21 17:00:00,30046.016
2019-05-21 18:00:00,30140.828
2019-05-21 19:00:00,29930.328
2019-05-21 20:00:00,29872.879
2019-05-21 21:00:00,30025.822
2019-05-21 22:00:00,29410.715
2019-05-21 23:00:00,26826.078
2019-05-22 00:00:00,24728.14
2019-05-22 01:00:00,22945.422
2019-05-22 02:00:00,21701.898
2019-05-22 03:00:00,21396.74
2019-05-22 04:00:00,21367.166
2019-05-22 05:00:00,21414.357
2019-05-22 06:00:00,22744.928
2019-05-22 07:00:00,25733.477
2019-05-22 08:00:00,27252.848
2019-05-22 09:00:00,28196.037
2019-05-22 10:00:00,29001.664
2019-05-22 11:00:00,29657.678
2019-05-22 12:00:00,30421.977
2019-05-22 13:00:00,30957.11
2019-05-22 14:00:00,31321.63
2019-05-22 15:00:00,31621.51
2019-05-22 16:00:00,32099.994
2019-05-22 17:00:00,32805.496
2019-05-22 18:00:00,32841.06
2019-05-22 19:00:00,32805.496
2019-05-22 20:00:00,32258.955
2019-05-22 21:00:00,32123.352
2019-05-22 22:00:00,31374.43
2019-05-22 23:00:00,28464.844
2019-05-23 00:00:00,25904.346
2019-05-23 01:00:00,24008.682
2019-05-23 02:00:00,22462.47
2019-05-23 03:00:00,21851.932
2019-05-23 04:00:00,21801.205
2019-05-23 05:00:00,21810.936
2019-05-23 06:00:00,23106.531
2019-05-23 07:00:00,25817.975
2019-05-23 08:00:00,27555.684
2019-05-23 09:00:00,28875.334
2019-05-23 10:00:00,29722.537
2019-05-23 11:00:00,30241.562
2019-05-23 12:00:00,30698.373
2019-05-23 13:00:00,31681.389
2019-05-23 14:00:00,32563.93
2019-05-23 15:00:00,33072.895
2019-05-23 16:00:00,33562.195
2019-05-23 17:00:00,34012.113
2019-05-23 18:00:00,34050.844
2019-05-23 19:00:00,33910.57
2019-05-23 20:00:00,33396.203
2019-05-23 21:00:00,33259.066
2019-05-23 22:00:00,32213.97
2019-05-23 23:00:00,29355.172
2019-05-24 00:00:00,26850.4
2019-05-24 01:00:00,25515.268
2019-05-24 02:00:00,23694.525
2019-05-24 03:00:00,23335.033
2019-05-24 04:00:00,23012.805
2019-05-24 05:00:00,23022.535
2019-05-24 06:00:00,23959.506
2019-05-24 07:00:00,26341.422
2019-05-24 08:00:00,28434.951
2019-05-24 09:00:00,30040.086
2019-05-24 10:00:00,31110.62
2019-05-24 11:00:00,32189.99
2019-05-24 12:00:00,32924.68
2019-05-24 13:00:00,33714.027
2019-05-24 14:00:00,34281.117
2019-05-24 15:00:00,34430.805
2019-05-24 16:00:00,34842.85
2019-05-24 17:00:00,34865.53
2019-05-24 18:00:00,34907.816
2019-05-24 19:00:00,34491.82
2019-05-24 20:00:00,34388.113
2019-05-24 21:00:00,34248.52
2019-05-24 22:00:00,33664.71
2019-05-24 23:00:00,31781.78
2019-05-25 00:00:00,28617.559
2019-05-25 01:00:00,26603.97
2019-05-25 02:00:00,24999.318
2019-05-25 03:00:00,24141.41
2019-05-25 04:00:00,23903.27
2019-05-25 05:00:00,23200.178
2019-05-25 06:00:00,23204.125
2019-05-25 07:00:00,23839.264
2019-05-25 08:00:00,25287.172
2019-05-25 09:00:00,27219.564
2019-05-25 10:00:00,29397.945
2019-05-25 11:00:00,32019.629
2019-05-25 12:00:00,33189.74
2019-05-25 13:00:00,33779.535
2019-05-25 14:00:00,33579.02
2019-05-25 15:00:00,33851.773
2019-05-25 16:00:00,33946.57
2019-05-25 17:00:00,34018.53
2019-05-25 18:00:00,34049.055
2019-05-25 19:00:00,33957.492
2019-05-25 20:00:00,33797.504
2019-05-25 21:00:00,34509.004
2019-05-25 22:00:00,33841.492
2019-05-25 23:00:00,32305.45
2019-05-26 00:00:00,28388.762
2019-05-26 01:00:00,26875.352
2019-05-26 02:00:00,25047.352
2019-05-26 03:00:00,24350.855
2019-05-26 04:00:00,23604.383
2019-05-26 05:00:00,23457.857
2019-05-26 06:00:00,23099.22
2019-05-26 07:00:00,23563.793
2019-05-26 08:00:00,24437.469
2019-05-26 09:00:00,25952.424
2019-05-26 10:00:00,27572.45
2019-05-26 11:00:00,29565.184
2019-05-26 12:00:00,30364.018
2019-05-26 13:00:00,30847.408
2019-05-26 14:00:00,31498.164
2019-05-26 15:00:00,31357.543
2019-05-26 16:00:00,31452.494
2019-05-26 17:00:00,31494.523
2019-05-26 18:00:00,31411.543
2019-05-26 19:00:00,31335.855
2019-05-26 20:00:00,31099.566
2019-05-26 21:00:00,31117.16
2019-05-26 22:00:00,30240.836
2019-05-26 23:00:00,28071.172
2019-05-27 00:00:00,26231.404
2019-05-27 01:00:00,24567.164
2019-05-27 02:00:00,23621.447
2019-05-27 03:00:00,23038.988
2019-05-27 04:00:00,23003.625
2019-05-27 05:00:00,23003.625
2019-05-27 06:00:00,23168.803
2019-05-27 07:00:00,23656.68
2019-05-27 08:00:00,24632.146
2019-05-27 09:00:00,25692.422
2019-05-27 10:00:00,27249.717
2019-05-27 11:00:00,28436.691
2019-05-27 12:00:00,30154.234
2019-05-27 13:00:00,31503.713
2019-05-27 14:00:00,31833.295
2019-05-27 15:00:00,32013.463
2019-05-27 16:00:00,32198.055
2019-05-27 17:00:00,32496.625
2019-05-27 18:00:00,32803.54
2019-05-27 19:00:00,32803.54
2019-05-27 20:00:00,32722.465
2019-05-27 21:00:00,33053.535
2019-05-27 22:00:00,32295.604
2019-05-27 23:00:00,29753.465
2019-05-28 00:00:00,26372.3
2019-05-28 01:00:00,24505.297
2019-05-28 02:00:00,23637.406
2019-05-28 03:00:00,23038.988
2019-05-28 04:00:00,23003.625
2019-05-28 05:00:00,23054.947
2019-05-28 06:00:00,24503.309
2019-05-28 07:00:00,26985.887
2019-05-28 08:00:00,29055.852
2019-05-28 09:00:00,30731.908
2019-05-28 10:00:00,32154.455
2019-05-28 11:00:00,33343.074
2019-05-28 12:00:00,34725.21
2019-05-28 13:00:00,35820.37
2019-05-28 14:00:00,36420.04
2019-05-28 15:00:00,36587.69
2019-05-28 16:00:00,36779.91
2019-05-28 17:00:00,37259.18
2019-05-28 18:00:00,37259.18
2019-05-28 19:00:00,36885.477
2019-05-28 20:00:00,36646.03
2019-05-28 21:00:00,36628.758
2019-05-28 22:00:00,35911.266
2019-05-28 23:00:00,33978.723
2019-05-29 00:00:00,28547.105
2019-05-29 01:00:00,26783.545
2019-05-29 02:00:00,25164.623
2019-05-29 03:00:00,24587.58
2019-05-29 04:00:00,24183.455
2019-05-29 05:00:00,24183.455
2019-05-29 06:00:00,25378.531
2019-05-29 07:00:00,27882.225
2019-05-29 08:00:00,30110.666
2019-05-29 09:00:00,31845.982
2019-05-29 10:00:00,33071.508
2019-05-29 11:00:00,34116.727
2019-05-29 12:00:00,35299.6
2019-05-29 13:00:00,36228.08
2019-05-29 14:00:00,37343.086
2019-05-29 15:00:00,37566.18
2019-05-29 16:00:00,38152.1
2019-05-29 17:00:00,39099.77
2019-05-29 18:00:00,39079.79
2019-05-29 19:00:00,38557.01
2019-05-29 20:00:00,37890.832
2019-05-29 21:00:00,37266.15
2019-05-29 22:00:00,35726.17
2019-05-29 23:00:00,32715.867
2019-05-30 00:00:00,28068.287
2019-05-30 01:00:00,26009.018
2019-05-30 02:00:00,24575.234
2019-05-30 03:00:00,23881.4
2019-05-30 04:00:00,23478.516
2019-05-30 05:00:00,23611.438
2019-05-30 06:00:00,25069.973
2019-05-30 07:00:00,27473.254
2019-05-30 08:00:00,29740.734
2019-05-30 09:00:00,30676.7
2019-05-30 10:00:00,31816.473
2019-05-30 11:00:00,32763.104
2019-05-30 12:00:00,34235.477
2019-05-30 13:00:00,35501.383
2019-05-30 14:00:00,36328.12
2019-05-30 15:00:00,37343.707
2019-05-30 16:00:00,37489.508
2019-05-30 17:00:00,38264.81
2019-05-30 18:00:00,38363.44
2019-05-30 19:00:00,38046.504
2019-05-30 20:00:00,37140.605
2019-05-30 21:00:00,36720.707
2019-05-30 22:00:00,35551.93
2019-05-30 23:00:00,33011.934
2019-05-31 00:00:00,27937.223
2019-05-31 01:00:00,26109.541
2019-05-31 02:00:00,24905.248
2019-05-31 03:00:00,24003.068
2019-05-31 04:00:00,23782.182
2019-05-31 05:00:00,23829.84
2019-05-31 06:00:00,25160.926
2019-05-31 07:00:00,27528.42
2019-05-31 08:00:00,29614.47
2019-05-31 09:00:00,31507.227
2019-05-31 10:00:00,32586.74
2019-05-31 11:00:00,33472.406
2019-05-31 12:00:00,34564.42
2019-05-31 13:00:00,35276.88
2019-05-31 14:00:00,36279.36
2019-05-31 15:00:00,36750.562
2019-05-31 16:00:00,37101.93
2019-05-31 17:00:00,37436.848
2019-05-31 18:00:00,37436.848
2019-05-31 19:00:00,36970.945
2019-05-31 20:00:00,35476.203
2019-05-31 21:00:00,35403.582
2019-05-31 22:00:00,34819.06
2019-05-31 23:00:00,32952.74
2019-06-01 00:00:00,28726.03
2019-06-01 01:00:00,26499.527
2019-06-01 02:00:00,24920.51
2019-06-01 03:00:00,24320.84
2019-06-01 04:00:00,23895.018
2019-06-01 05:00:00,23426.365
2019-06-01 06:00:00,23747.885
2019-06-01 07:00:00,24246.477
2019-06-01 08:00:00,25883.8
2019-06-01 09:00:00,28128.314
2019-06-01 10:00:00,30123.77
2019-06-01 11:00:00,31615.64
2019-06-01 12:00:00,33325.195
2019-06-01 13:00:00,34153.797
2019-06-01 14:00:00,34489.87
2019-06-01 15:00:00,34714.844
2019-06-01 16:00:00,35146.164
2019-06-01 17:00:00,35321.758
2019-06-01 18:00:00,35571.742
2019-06-01 19:00:00,35748.43
2019-06-01 20:00:00,35473.43
2019-06-01 21:00:00,35064.49
2019-06-01 22:00:00,33995.33
2019-06-01 23:00:00,32284.432
2019-06-02 00:00:00,28036.139
2019-06-02 01:00:00,26005.28
2019-06-02 02:00:00,24668.379
2019-06-02 03:00:00,23776.566
2019-06-02 04:00:00,23495.906
2019-06-02 05:00:00,23180.736
2019-06-02 06:00:00,23068.303
2019-06-02 07:00:00,23300.816
2019-06-02 08:00:00,24189.676
2019-06-02 09:00:00,25501.314
2019-06-02 10:00:00,26774.209
2019-06-02 11:00:00,27834.916
2019-06-02 12:00:00,29071.656
2019-06-02 13:00:00,30133.91
2019-06-02 14:00:00,31205.852
2019-06-02 15:00:00,31955.496
2019-06-02 16:00:00,32315.979
2019-06-02 17:00:00,32570.447
2019-06-02 18:00:00,32857.246
2019-06-02 19:00:00,32638.69
2019-06-02 20:00:00,32023.775
2019-06-02 21:00:00,31738.11
2019-06-02 22:00:00,31036.658
2019-06-02 23:00:00,29496.55
2019-06-03 00:00:00,25502.312
2019-06-03 01:00:00,24155.826
2019-06-03 02:00:00,22920.543
2019-06-03 03:00:00,22781.166
2019-06-03 04:00:00,22743.74
2019-06-03 05:00:00,22826.178
2019-06-03 06:00:00,23939.844
2019-06-03 07:00:00,26906.762
2019-06-03 08:00:00,28300.54
2019-06-03 09:00:00,29688.723
2019-06-03 10:00:00,31077.857
2019-06-03 11:00:00,32474.504
2019-06-03 12:00:00,33561.168
2019-06-03 13:00:00,34353.91
2019-06-03 14:00:00,34541.434
2019-06-03 15:00:00,34688.04
2019-06-03 16:00:00,34539.266
2019-06-03 17:00:00,34780.01
2019-06-03 18:00:00,34993.883
2019-06-03 19:00:00,34759.543
2019-06-03 20:00:00,34718.234
2019-06-03 21:00:00,34659.99
2019-06-03 22:00:00,33515.453
2019-06-03 23:00:00,32152.838
2019-06-04 00:00:00,26952.154
2019-06-04 01:00:00,25386.627
2019-06-04 02:00:00,23827.236
2019-06-04 03:00:00,23448.232
2019-06-04 04:00:00,23431.344
2019-06-04 05:00:00,23448.232
2019-06-04 06:00:00,24198.8
2019-06-04 07:00:00,26916.49
2019-06-04 08:00:00,28457.297
2019-06-04 09:00:00,30351.975
2019-06-04 10:00:00,31515.56
2019-06-04 11:00:00,32243.557
2019-06-04 12:00:00,32986.668
2019-06-04 13:00:00,33513.5
2019-06-04 14:00:00,33883.055
2019-06-04 15:00:00,34281.66
2019-06-04 16:00:00,35509.402
2019-06-04 17:00:00,35503.47
2019-06-04 18:00:00,35503.47
2019-06-04 19:00:00,34780.105
2019-06-04 20:00:00,33996.035
2019-06-04 21:00:00,33512.633
2019-06-04 22:00:00,32301.236
2019-06-04 23:00:00,29954.172
2019-06-05 00:00:00,25815.832
2019-06-05 01:00:00,23853.146
2019-06-05 02:00:00,22665.418
2019-06-05 03:00:00,22112.986
2019-06-05 04:00:00,21947.463
2019-06-05 05:00:00,22112.986
2019-06-05 06:00:00,23111.605
2019-06-05 07:00:00,25759.145
2019-06-05 08:00:00,27504.438
2019-06-05 09:00:00,28228.041
2019-06-05 10:00:00,28698.47
2019-06-05 11:00:00,30034.977
2019-06-05 12:00:00,31131.04
2019-06-05 13:00:00,31591.865
2019-06-05 14:00:00,31353.904
2019-06-05 15:00:00,31458.912
2019-06-05 16:00:00,31492.734
2019-06-05 17:00:00,31688.59
2019-06-05 18:00:00,31772.707
2019-06-05 19:00:00,31333.379
2019-06-05 20:00:00,31160.877
2019-06-05 21:00:00,31225.787
2019-06-05 22:00:00,30669.062
2019-06-05 23:00:00,28697.428
2019-06-06 00:00:00,24538.254
2019-06-06 01:00:00,22629.176
2019-06-06 02:00:00,21799.783
2019-06-06 03:00:00,21676.445
2019-06-06 04:00:00,21676.445
2019-06-06 05:00:00,21702.793
2019-06-06 06:00:00,22420.383
2019-06-06 07:00:00,24915.209
2019-06-06 08:00:00,27034.475
2019-06-06 09:00:00,27870.705
2019-06-06 10:00:00,28379.682
2019-06-06 11:00:00,29646.303
2019-06-06 12:00:00,30406.59
2019-06-06 13:00:00,31134.936
2019-06-06 14:00:00,31627.06
2019-06-06 15:00:00,32463.424
2019-06-06 16:00:00,33075.434
2019-06-06 17:00:00,33409.85
2019-06-06 18:00:00,33615.637
2019-06-06 19:00:00,33302.215
2019-06-06 20:00:00,33034.824
2019-06-06 21:00:00,32853.223
2019-06-06 22:00:00,31276.455
2019-06-06 23:00:00,29210.209
2019-06-07 00:00:00,25168.748
2019-06-07 01:00:00,23607.791
2019-06-07 02:00:00,22069.586
2019-06-07 03:00:00,21725.008
2019-06-07 04:00:00,21695.434
2019-06-07 05:00:00,21735.396
2019-06-07 06:00:00,22453.2
2019-06-07 07:00:00,24807.914
2019-06-07 08:00:00,27130.88
2019-06-07 09:00:00,28161.014
2019-06-07 10:00:00,29173.588
2019-06-07 11:00:00,30342.05
2019-06-07 12:00:00,32007.434
2019-06-07 13:00:00,33096.555
2019-06-07 14:00:00,33826.22
2019-06-07 15:00:00,34357.66
2019-06-07 16:00:00,34837.88
2019-06-07 17:00:00,35744.637
2019-06-07 18:00:00,35878.785
2019-06-07 19:00:00,35327.95
2019-06-07 20:00:00,34558.68
2019-06-07 21:00:00,34188.785
2019-06-07 22:00:00,33265.477
2019-06-07 23:00:00,31560.85
2019-06-08 00:00:00,26954.46
2019-06-08 01:00:00,24875.01
2019-06-08 02:00:00,23145.64
2019-06-08 03:00:00,22686.41
2019-06-08 04:00:00,22063.18
2019-06-08 05:00:00,21946.795
2019-06-08 06:00:00,21950.742
2019-06-08 07:00:00,22763.836
2019-06-08 08:00:00,24074.479
2019-06-08 09:00:00,26481.824
2019-06-08 10:00:00,28158.23
2019-06-08 11:00:00,29736.434
2019-06-08 12:00:00,32245.273
2019-06-08 13:00:00,33861.12
2019-06-08 14:00:00,34801.547
2019-06-08 15:00:00,36433.223
2019-06-08 16:00:00,37695.85
2019-06-08 17:00:00,37808.285
2019-06-08 18:00:00,39315.117
2019-06-08 19:00:00,39315.117
2019-06-08 20:00:00,38056.44
2019-06-08 21:00:00,37142.41
2019-06-08 22:00:00,36100.613
2019-06-08 23:00:00,33953.09
2019-06-09 00:00:00,29680.092
2019-06-09 01:00:00,27211.883
2019-06-09 02:00:00,26203.697
2019-06-09 03:00:00,25141.422
2019-06-09 04:00:00,24144.385
2019-06-09 05:00:00,23747.037
2019-06-09 06:00:00,23600.525
2019-06-09 07:00:00,23949.729
2019-06-09 08:00:00,25917.45
2019-06-09 09:00:00,27826.895
2019-06-09 10:00:00,30477.53
2019-06-09 11:00:00,33321.336
2019-06-09 12:00:00,34923.188
2019-06-09 13:00:00,35926.477
2019-06-09 14:00:00,36254.703
2019-06-09 15:00:00,36641.91
2019-06-09 16:00:00,36791.6
2019-06-09 17:00:00,36758.695
2019-06-09 18:00:00,36801.562
2019-06-09 19:00:00,36765.242
2019-06-09 20:00:00,36131.152
2019-06-09 21:00:00,35117.055
2019-06-09 22:00:00,33981.973
2019-06-09 23:00:00,31933.58
2019-06-10 00:00:00,28304.584
2019-06-10 01:00:00,25590.852
2019-06-10 02:00:00,25101.742
2019-06-10 03:00:00,23981.7
2019-06-10 04:00:00,23578.742
2019-06-10 05:00:00,23744.266
2019-06-10 06:00:00,24953.775
2019-06-10 07:00:00,26758.426
2019-06-10 08:00:00,29739.926
2019-06-10 09:00:00,30748.01
2019-06-10 10:00:00,31027.84
2019-06-10 11:00:00,32337.404
2019-06-10 12:00:00,33609.67
2019-06-10 13:00:00,34587.93
2019-06-10 14:00:00,35291.363
2019-06-10 15:00:00,35544.008
2019-06-10 16:00:00,36166.61
2019-06-10 17:00:00,37025.41
2019-06-10 18:00:00,37025.41
2019-06-10 19:00:00,36066.855
2019-06-10 20:00:00,35633.66
2019-06-10 21:00:00,35487.92
2019-06-10 22:00:00,34402.71
2019-06-10 23:00:00,31943.273
2019-06-11 00:00:00,28887.984
2019-06-11 01:00:00,27106.781
2019-06-11 02:00:00,25343.389
2019-06-11 03:00:00,24779.2
2019-06-11 04:00:00,24644.582
2019-06-11 05:00:00,24682.94
2019-06-11 06:00:00,25361.172
2019-06-11 07:00:00,27097.268
2019-06-11 08:00:00,29953.707
2019-06-11 09:00:00,30588.85
2019-06-11 10:00:00,31373.607
2019-06-11 11:00:00,32478.07
2019-06-11 12:00:00,33647.05
2019-06-11 13:00:00,34965.39
2019-06-11 14:00:00,35475.914
2019-06-11 15:00:00,36336.676
2019-06-11 16:00:00,36938.098
2019-06-11 17:00:00,38424.99
2019-06-11 18:00:00,38815.848
2019-06-11 19:00:00,38625.973
2019-06-11 20:00:00,37701.074
2019-06-11 21:00:00,35838.117
2019-06-11 22:00:00,34933.594
2019-06-11 23:00:00,32388.035
2019-06-12 00:00:00,28860.26
2019-06-12 01:00:00,27889.914
2019-06-12 02:00:00,26624.752
2019-06-12 03:00:00,25346.09
2019-06-12 04:00:00,24571.236
2019-06-12 05:00:00,24747.586
2019-06-12 06:00:00,26379.064
2019-06-12 07:00:00,28380.475
2019-06-12 08:00:00,30427.088
2019-06-12 09:00:00,31420.613
2019-06-12 10:00:00,32289.744
2019-06-12 11:00:00,34423.254
2019-06-12 12:00:00,35927.883
2019-06-12 13:00:00,36973.44
2019-06-12 14:00:00,37592.117
2019-06-12 15:00:00,38300.47
2019-06-12 16:00:00,38950.45
2019-06-12 17:00:00,39468.652
2019-06-12 18:00:00,39651.008
2019-06-12 19:00:00,39625.16
2019-06-12 20:00:00,38733.746
2019-06-12 21:00:00,38494.484
2019-06-12 22:00:00,37922.047
2019-06-12 23:00:00,34612.9
2019-06-13 00:00:00,29381.047
2019-06-13 01:00:00,27376.527
2019-06-13 02:00:00,26166.994
2019-06-13 03:00:00,25334.623
2019-06-13 04:00:00,24674.668
2019-06-13 05:00:00,24944.627
2019-06-13 06:00:00,25973.586
2019-06-13 07:00:00,27933.89
2019-06-13 08:00:00,30402.602
2019-06-13 09:00:00,31345.17
2019-06-13 10:00:00,32546.78
2019-06-13 11:00:00,33621.133
2019-06-13 12:00:00,35147.69
2019-06-13 13:00:00,36429.914
2019-06-13 14:00:00,37238.29
2019-06-13 15:00:00,37770.965
2019-06-13 16:00:00,38272.06
2019-06-13 17:00:00,38562.55
2019-06-13 18:00:00,38920.383
2019-06-13 19:00:00,38444.445
2019-06-13 20:00:00,37485.6
2019-06-13 21:00:00,36625.902
2019-06-13 22:00:00,35397.324
2019-06-13 23:00:00,33101.92
2019-06-14 00:00:00,27707.814
2019-06-14 01:00:00,26197.432
2019-06-14 02:00:00,24615.547
2019-06-14 03:00:00,23668.156
2019-06-14 04:00:00,23055.91
2019-06-14 05:00:00,23115.004
2019-06-14 06:00:00,24548.402
2019-06-14 07:00:00,26754.809
2019-06-14 08:00:00,28623.322
2019-06-14 09:00:00,30514.807
2019-06-14 10:00:00,31558.178
2019-06-14 11:00:00,32442.941
2019-06-14 12:00:00,33928.42
2019-06-14 13:00:00,35317.566
2019-06-14 14:00:00,36930.355
2019-06-14 15:00:00,37534.93
2019-06-14 16:00:00,38066.145
2019-06-14 17:00:00,38646.027
2019-06-14 18:00:00,38667.832
2019-06-14 19:00:00,37761.92
2019-06-14 20:00:00,36406.47
2019-06-14 21:00:00,34912.867
2019-06-14 22:00:00,33985.344
2019-06-14 23:00:00,31839.383
2019-06-15 00:00:00,27264.533
2019-06-15 01:00:00,25566.559
2019-06-15 02:00:00,24154.256
2019-06-15 03:00:00,22888.39
2019-06-15 04:00:00,22667.27
2019-06-15 05:00:00,22573.37
2019-06-15 06:00:00,22501.17
2019-06-15 07:00:00,23253.004
2019-06-15 08:00:00,24951.889
2019-06-15 09:00:00,26785.146
2019-06-15 10:00:00,28263.441
2019-06-15 11:00:00,29965.463
2019-06-15 12:00:00,32192.361
2019-06-15 13:00:00,33123.1
2019-06-15 14:00:00,34072.176
2019-06-15 15:00:00,35137.016
2019-06-15 16:00:00,36811.098
2019-06-15 17:00:00,37749.02
2019-06-15 18:00:00,38191.27
2019-06-15 19:00:00,38015.137
2019-06-15 20:00:00,36421.95
2019-06-15 21:00:00,35474.484
2019-06-15 22:00:00,34659.22
2019-06-15 23:00:00,32846.21
2019-06-16 00:00:00,28402.076
2019-06-16 01:00:00,26596.285
2019-06-16 02:00:00,25048.2
2019-06-16 03:00:00,23923.324
2019-06-16 04:00:00,23340.852
2019-06-16 05:00:00,23169.443
2019-06-16 06:00:00,23079.49
2019-06-16 07:00:00,23557.182
2019-06-16 08:00:00,25319.389
2019-06-16 09:00:00,27057.48
2019-06-16 10:00:00,29494.73
2019-06-16 11:00:00,32051.08
2019-06-16 12:00:00,34857.28
2019-06-16 13:00:00,36971.773
2019-06-16 14:00:00,38088.152
2019-06-16 15:00:00,38454.48
2019-06-16 16:00:00,39305.805
2019-06-16 17:00:00,39556.38
2019-06-16 18:00:00,39909.953
2019-06-16 19:00:00,39475.06
2019-06-16 20:00:00,39330.19
2019-06-16 21:00:00,38766.336
2019-06-16 22:00:00,37649.63
2019-06-16 23:00:00,35860.855
2019-06-17 00:00:00,31262.281
2019-06-17 01:00:00,29308.785
2019-06-17 02:00:00,27410.258
2019-06-17 03:00:00,26424.188
2019-06-17 04:00:00,26037.738
2019-06-17 05:00:00,26262.066
2019-06-17 06:00:00,27420.566
2019-06-17 07:00:00,29764.438
2019-06-17 08:00:00,32637.203
2019-06-17 09:00:00,34989.77
2019-06-17 10:00:00,36857.543
2019-06-17 11:00:00,38901.75
2019-06-17 12:00:00,40953.395
2019-06-17 13:00:00,42748.113
2019-06-17 14:00:00,43547.793
2019-06-17 15:00:00,43865.73
2019-06-17 16:00:00,44038.883
2019-06-17 17:00:00,44051.934
2019-06-17 18:00:00,44034.12
2019-06-17 19:00:00,44195.254
2019-06-17 20:00:00,43621.535
2019-06-17 21:00:00,43003.684
2019-06-17 22:00:00,40538.797
2019-06-17 23:00:00,38080.125
2019-06-18 00:00:00,32157.58
2019-06-18 01:00:00,29942.44
2019-06-18 02:00:00,28743.285
2019-06-18 03:00:00,27928.145
2019-06-18 04:00:00,27064.26
2019-06-18 05:00:00,27271.365
2019-06-18 06:00:00,28679.7
2019-06-18 07:00:00,30963.484
2019-06-18 08:00:00,32964.305
2019-06-18 09:00:00,35556.832
2019-06-18 10:00:00,37160.113
2019-06-18 11:00:00,39252.57
2019-06-18 12:00:00,41375.566
2019-06-18 13:00:00,42171.293
2019-06-18 14:00:00,42608.492
2019-06-18 15:00:00,42849.195
2019-06-18 16:00:00,43329.035
2019-06-18 17:00:00,43168.547
2019-06-18 18:00:00,43012.33
2019-06-18 19:00:00,42714.348
2019-06-18 20:00:00,42129.29
2019-06-18 21:00:00,40225.53
2019-06-18 22:00:00,39180.203
2019-06-18 23:00:00,36140.125
2019-06-19 00:00:00,30153.424
2019-06-19 01:00:00,28012.959
2019-06-19 02:00:00,26631.396
2019-06-19 03:00:00,26024.26
2019-06-19 04:00:00,25536.303
2019-06-19 05:00:00,25562.236
2019-06-19 06:00:00,26395.926
2019-06-19 07:00:00,28198.768
2019-06-19 08:00:00,30994.713
2019-06-19 09:00:00,32494.34
2019-06-19 10:00:00,35202.098
2019-06-19 11:00:00,37244.63
2019-06-19 12:00:00,38308.203
2019-06-19 13:00:00,39717.137
2019-06-19 14:00:00,40896.793
2019-06-19 15:00:00,41386.438
2019-06-19 16:00:00,41411.83
2019-06-19 17:00:00,41424.88
2019-06-19 18:00:00,41984.34
2019-06-19 19:00:00,41440.49
2019-06-19 20:00:00,40284.19
2019-06-19 21:00:00,39548.887
2019-06-19 22:00:00,38436.996
2019-06-19 23:00:00,34981.72
2019-06-20 00:00:00,29835.28
2019-06-20 01:00:00,27832.676
2019-06-20 02:00:00,26504.531
2019-06-20 03:00:00,25924.094
2019-06-20 04:00:00,25256.684
2019-06-20 05:00:00,25603.684
2019-06-20 06:00:00,26540.48
2019-06-20 07:00:00,28417.377
2019-06-20 08:00:00,31119.887
2019-06-20 09:00:00,32521.652
2019-06-20 10:00:00,34070.125
2019-06-20 11:00:00,36305.484
2019-06-20 12:00:00,37766.02
2019-06-20 13:00:00,38715.754
2019-06-20 14:00:00,39551.055
2019-06-20 15:00:00,40658.06
2019-06-20 16:00:00,41333.797
2019-06-20 17:00:00,41564.94
2019-06-20 18:00:00,41555.312
2019-06-20 19:00:00,41105.01
2019-06-20 20:00:00,40149.793
2019-06-20 21:00:00,39609.027
2019-06-20 22:00:00,38297.414
2019-06-20 23:00:00,36053.477
2019-06-21 00:00:00,32403.58
2019-06-21 01:00:00,30133.385
2019-06-21 02:00:00,28128.568
2019-06-21 03:00:00,27474.748
2019-06-21 04:00:00,27335.916
2019-06-21 05:00:00,27335.916
2019-06-21 06:00:00,27986.404
2019-06-21 07:00:00,30162.451
2019-06-21 08:00:00,32341.816
2019-06-21 09:00:00,34095.984
2019-06-21 10:00:00,35851.883
2019-06-21 11:00:00,37485.258
2019-06-21 12:00:00,39314.098
2019-06-21 13:00:00,40338.363
2019-06-21 14:00:00,41459.094
2019-06-21 15:00:00,42184.34
2019-06-21 16:00:00,42634.918
2019-06-21 17:00:00,42651.742
2019-06-21 18:00:00,42314.68
2019-06-21 19:00:00,40631.176
2019-06-21 20:00:00,38702.04
2019-06-21 21:00:00,38083.73
2019-06-21 22:00:00,36619.16
2019-06-21 23:00:00,34559.363
2019-06-22 00:00:00,30830.441
2019-06-22 01:00:00,29174.842
2019-06-22 02:00:00,27304.262
2019-06-22 03:00:00,26315.48
2019-06-22 04:00:00,26177.016
2019-06-22 05:00:00,26100.727
2019-06-22 06:00:00,26230.557
2019-06-22 07:00:00,26538.275
2019-06-22 08:00:00,27393.082
2019-06-22 09:00:00,29332.97
2019-06-22 10:00:00,31604.484
2019-06-22 11:00:00,33047.953
2019-06-22 12:00:00,34858.36
2019-06-22 13:00:00,35876.367
2019-06-22 14:00:00,36608.88
2019-06-22 15:00:00,37659.902
2019-06-22 16:00:00,37713.37
2019-06-22 17:00:00,37848.53
2019-06-22 18:00:00,37848.53
2019-06-22 19:00:00,37792.07
2019-06-22 20:00:00,37122.562
2019-06-22 21:00:00,35915.56
2019-06-22 22:00:00,34879.594
2019-06-22 23:00:00,33262.92
2019-06-23 00:00:00,29290.53
2019-06-23 01:00:00,27531.88
2019-06-23 02:00:00,26318.867
2019-06-23 03:00:00,25151.797
2019-06-23 04:00:00,24050.066
2019-06-23 05:00:00,23944.078
2019-06-23 06:00:00,23593.951
2019-06-23 07:00:00,23993.545
2019-06-23 08:00:00,25711.996
2019-06-23 09:00:00,27967.654
2019-06-23 10:00:00,29773.77
2019-06-23 11:00:00,32651.883
2019-06-23 12:00:00,34699.332
2019-06-23 13:00:00,36294.777
2019-06-23 14:00:00,38266.113
2019-06-23 15:00:00,38775.383
2019-06-23 16:00:00,39204.043
2019-06-23 17:00:00,39724.64
2019-06-23 18:00:00,40143.234
2019-06-23 19:00:00,40270.48
2019-06-23 20:00:00,39228.43
2019-06-23 21:00:00,38608.465
2019-06-23 22:00:00,37266.113
2019-06-23 23:00:00,34410.28
2019-06-24 00:00:00,29669.06
2019-06-24 01:00:00,27799.898
2019-06-24 02:00:00,26361.02
2019-06-24 03:00:00,25354.703
2019-06-24 04:00:00,24973.105
2019-06-24 05:00:00,25130.79
2019-06-24 06:00:00,26212.791
2019-06-24 07:00:00,28157.615
2019-06-24 08:00:00,30420.506
2019-06-24 09:00:00,32531.559
2019-06-24 10:00:00,33870.785
2019-06-24 11:00:00,36324.31
2019-06-24 12:00:00,37645.31
2019-06-24 13:00:00,39344.47
2019-06-24 14:00:00,40641.188
2019-06-24 15:00:00,41571.3
2019-06-24 16:00:00,42409.02
2019-06-24 17:00:00,43214.945
2019-06-24 18:00:00,42769.91
2019-06-24 19:00:00,41889.04
2019-06-24 20:00:00,41101.54
2019-06-24 21:00:00,39750.82
2019-06-24 22:00:00,37722.535
2019-06-24 23:00:00,35221.824
2019-06-25 00:00:00,29993.44
2019-06-25 01:00:00,27714.44
2019-06-25 02:00:00,26781.031
2019-06-25 03:00:00,25625.89
2019-06-25 04:00:00,25057.762
2019-06-25 05:00:00,25257.445
2019-06-25 06:00:00,26789.697
2019-06-25 07:00:00,28330.52
2019-06-25 08:00:00,30717.182
2019-06-25 09:00:00,32311.262
2019-06-25 10:00:00,33508.5
2019-06-25 11:00:00,35207.12
2019-06-25 12:00:00,36982.44
2019-06-25 13:00:00,37740.73
2019-06-25 14:00:00,39639.902
2019-06-25 15:00:00,40715.934
2019-06-25 16:00:00,40953.42
2019-06-25 17:00:00,41775.777
2019-06-25 18:00:00,42114.85
2019-06-25 19:00:00,40976.1
2019-06-25 20:00:00,39734.605
2019-06-25 21:00:00,38066.32
2019-06-25 22:00:00,36947.08
2019-06-25 23:00:00,33842.78
2019-06-26 00:00:00,29365.516
2019-06-26 01:00:00,27314.637
2019-06-26 02:00:00,25938.55
2019-06-26 03:00:00,25331.598
2019-06-26 04:00:00,24905.668
2019-06-26 05:00:00,25126.91
2019-06-26 06:00:00,26016.393
2019-06-26 07:00:00,28123.045
2019-06-26 08:00:00,30556.389
2019-06-26 09:00:00,31838.543
2019-06-26 10:00:00,33248.066
2019-06-26 11:00:00,34644.316
2019-06-26 12:00:00,36392.51
2019-06-26 13:00:00,37318.746
2019-06-26 14:00:00,38894.715
2019-06-26 15:00:00,39769.85
2019-06-26 16:00:00,40289.477
2019-06-26 17:00:00,41141.35
2019-06-26 18:00:00,41141.35
2019-06-26 19:00:00,40604.836
2019-06-26 20:00:00,38994.58
2019-06-26 21:00:00,37710.664
2019-06-26 22:00:00,36923.273
2019-06-26 23:00:00,33904.207
2019-06-27 00:00:00,30048.87
2019-06-27 01:00:00,28020.662
2019-06-27 02:00:00,26813.213
2019-06-27 03:00:00,25721.002
2019-06-27 04:00:00,25371.35
2019-06-27 05:00:00,25685.639
2019-06-27 06:00:00,26895.848
2019-06-27 07:00:00,28956.523
2019-06-27 08:00:00,31607.514
2019-06-27 09:00:00,33329.17
2019-06-27 10:00:00,35232.207
2019-06-27 11:00:00,37526.203
2019-06-27 12:00:00,39705.53
2019-06-27 13:00:00,41016.91
2019-06-27 14:00:00,42249.773
2019-06-27 15:00:00,44343.58
2019-06-27 16:00:00,44947.754
2019-06-27 17:00:00,45825.84
2019-06-27 18:00:00,45908.957
2019-06-27 19:00:00,45180.953
2019-06-27 20:00:00,44655.934
2019-06-27 21:00:00,41968.19
2019-06-27 22:00:00,41125.49
2019-06-27 23:00:00,38111.72
2019-06-28 00:00:00,32389.48
2019-06-28 01:00:00,30107.793
2019-06-28 02:00:00,28768.434
2019-06-28 03:00:00,27951.707
2019-06-28 04:00:00,27542.148
2019-06-28 05:00:00,27575.406
2019-06-28 06:00:00,28175.377
2019-06-28 07:00:00,30248.635
2019-06-28 08:00:00,32875.473
2019-06-28 09:00:00,35117.438
2019-06-28 10:00:00,38016.344
2019-06-28 11:00:00,40569.31
2019-06-28 12:00:00,42366.984
2019-06-28 13:00:00,45058.375
2019-06-28 14:00:00,45635.91
2019-06-28 15:00:00,46457.93
2019-06-28 16:00:00,46692.797
2019-06-28 17:00:00,47258.54
2019-06-28 18:00:00,46960.242
2019-06-28 19:00:00,46751.957
2019-06-28 20:00:00,44680.59
2019-06-28 21:00:00,43775.637
2019-06-28 22:00:00,41774.027
2019-06-28 23:00:00,38094.76
2019-06-29 00:00:00,33235.797
2019-06-29 01:00:00,31194.758
2019-06-29 02:00:00,29004.363
2019-06-29 03:00:00,28269.98
2019-06-29 04:00:00,27631.203
2019-06-29 05:00:00,27158.172
2019-06-29 06:00:00,26993.432
2019-06-29 07:00:00,27757.463
2019-06-29 08:00:00,28857.094
2019-06-29 09:00:00,31850.371
2019-06-29 10:00:00,33835.86
2019-06-29 11:00:00,36080.062
2019-06-29 12:00:00,37497.473
2019-06-29 13:00:00,38227.176
2019-06-29 14:00:00,38933.305
2019-06-29 15:00:00,39583.445
2019-06-29 16:00:00,40459.945
2019-06-29 17:00:00,41387.59
2019-06-29 18:00:00,41346.277
2019-06-29 19:00:00,40060.824
2019-06-29 20:00:00,38454.668
2019-06-29 21:00:00,37983.89
2019-06-29 22:00:00,37344.65
2019-06-29 23:00:00,36196.65
2019-06-30 00:00:00,31816.05
2019-06-30 01:00:00,30431.121
2019-06-30 02:00:00,29138.227
2019-06-30 03:00:00,27392.613
2019-06-30 04:00:00,26683.47
2019-06-30 05:00:00,26301.4
2019-06-30 06:00:00,26004.125
2019-06-30 07:00:00,26526.457
2019-06-30 08:00:00,28286.363
2019-06-30 09:00:00,31277.682
2019-06-30 10:00:00,33756.98
2019-06-30 11:00:00,36204.06
2019-06-30 12:00:00,37416.03
2019-06-30 13:00:00,37751.016
2019-06-30 14:00:00,38348.31
2019-06-30 15:00:00,39018.4
2019-06-30 16:00:00,39176.617
2019-06-30 17:00:00,39408.37
2019-06-30 18:00:00,39440.027
2019-06-30 19:00:00,39042.234
2019-06-30 20:00:00,38807.703
2019-06-30 21:00:00,38435.957
2019-06-30 22:00:00,37729.047
2019-06-30 23:00:00,36782.47
2019-07-01 00:00:00,33764.84
2019-07-01 01:00:00,31507.508
2019-07-01 02:00:00,29977.4
2019-07-01 03:00:00,28592.447
2019-07-01 04:00:00,27456.162
2019-07-01 05:00:00,27456.162
2019-07-01 06:00:00,27856.268
2019-07-01 07:00:00,30803.17
2019-07-01 08:00:00,32971.89
2019-07-01 09:00:00,35448.55
2019-07-01 10:00:00,37152.8
2019-07-01 11:00:00,38401.914
2019-07-01 12:00:00,39864.277
2019-07-01 13:00:00,40891.164
2019-07-01 14:00:00,43022.434
2019-07-01 15:00:00,43732.65
2019-07-01 16:00:00,43818.03
2019-07-01 17:00:00,43831.082
2019-07-01 18:00:00,43788.105
2019-07-01 19:00:00,43048.36
2019-07-01 20:00:00,42496.99
2019-07-01 21:00:00,41668.156
2019-07-01 22:00:00,40204.332
2019-07-01 23:00:00,37950.87
2019-07-02 00:00:00,34229.832
2019-07-02 01:00:00,31598.805
2019-07-02 02:00:00,30718.213
2019-07-02 03:00:00,29959.586
2019-07-02 04:00:00,29621.562
2019-07-02 05:00:00,29405.059
2019-07-02 06:00:00,30196.258
2019-07-02 07:00:00,31666.285
2019-07-02 08:00:00,33091.25
2019-07-02 09:00:00,34916.35
2019-07-02 10:00:00,37695.96
2019-07-02 11:00:00,40547.066
2019-07-02 12:00:00,42728.91
2019-07-02 13:00:00,45108.453
2019-07-02 14:00:00,46278.785
2019-07-02 15:00:00,47192.113
2019-07-02 16:00:00,47344.7
2019-07-02 17:00:00,47429.34
2019-07-02 18:00:00,47429.34
2019-07-02 19:00:00,46588.496
2019-07-02 20:00:00,45244.176
2019-07-02 21:00:00,43901.246
2019-07-02 22:00:00,42158.113
2019-07-02 23:00:00,39445.438
2019-07-03 00:00:00,34915.516
2019-07-03 01:00:00,32087.457
2019-07-03 02:00:00,30340.06
2019-07-03 03:00:00,29343.709
2019-07-03 04:00:00,28523.602
2019-07-03 05:00:00,28592.016
2019-07-03 06:00:00,28933.541
2019-07-03 07:00:00,31039.25
2019-07-03 08:00:00,33537.395
2019-07-03 09:00:00,36154.42
2019-07-03 10:00:00,39603.094
2019-07-03 11:00:00,41573.848
2019-07-03 12:00:00,43398.594
2019-07-03 13:00:00,44682.52
2019-07-03 14:00:00,46017.58
2019-07-03 15:00:00,46412.094
2019-07-03 16:00:00,46876.86
2019-07-03 17:00:00,47850.145
2019-07-03 18:00:00,47429.375
2019-07-03 19:00:00,46036.92
2019-07-03 20:00:00,44685.805
2019-07-03 21:00:00,43702.945
2019-07-03 22:00:00,42667.652
2019-07-03 23:00:00,40149.95
2019-07-04 00:00:00,34970.53
2019-07-04 01:00:00,32052.928
2019-07-04 02:00:00,30776.55
2019-07-04 03:00:00,29596.4
2019-07-04 04:00:00,29291.643
2019-07-04 05:00:00,29149.166
2019-07-04 06:00:00,30158.12
2019-07-04 07:00:00,32589.88
2019-07-04 08:00:00,35715.926
2019-07-04 09:00:00,38387.67
2019-07-04 10:00:00,40630.598
2019-07-04 11:00:00,42208.473
2019-07-04 12:00:00,42965.254
2019-07-04 13:00:00,44143.984
2019-07-04 14:00:00,44544.92
2019-07-04 15:00:00,45222.914
2019-07-04 16:00:00,45396.062
2019-07-04 17:00:00,45409.113
2019-07-04 18:00:00,45409.113
2019-07-04 19:00:00,44860.99
2019-07-04 20:00:00,44000.445
2019-07-04 21:00:00,43774.273
2019-07-04 22:00:00,42796.39
2019-07-04 23:00:00,40379.33
2019-07-05 00:00:00,34706.84
2019-07-05 01:00:00,33371.555
2019-07-05 02:00:00,31715.14
2019-07-05 03:00:00,30491.057
2019-07-05 04:00:00,29684.145
2019-07-05 05:00:00,29770.652
2019-07-05 06:00:00,31039.436
2019-07-05 07:00:00,33125.715
2019-07-05 08:00:00,35835.668
2019-07-05 09:00:00,38303.086
2019-07-05 10:00:00,40726.98
2019-07-05 11:00:00,42035.293
2019-07-05 12:00:00,42956.32
2019-07-05 13:00:00,43767.336
2019-07-05 14:00:00,44478.42
2019-07-05 15:00:00,45036.082
2019-07-05 16:00:00,45524.668
2019-07-05 17:00:00,45609.637
2019-07-05 18:00:00,45878.29
2019-07-05 19:00:00,45837.11
2019-07-05 20:00:00,44866.062
2019-07-05 21:00:00,42461.844
2019-07-05 22:00:00,40904.637
2019-07-05 23:00:00,37760.695
2019-07-06 00:00:00,32547.33
2019-07-06 01:00:00,30332.598
2019-07-06 02:00:00,28234.291
2019-07-06 03:00:00,27712.34
2019-07-06 04:00:00,27140.469
2019-07-06 05:00:00,26544.387
2019-07-06 06:00:00,26431.951
2019-07-06 07:00:00,27160.607
2019-07-06 08:00:00,28247.53
2019-07-06 09:00:00,29721.48
2019-07-06 10:00:00,31892.967
2019-07-06 11:00:00,34278.297
2019-07-06 12:00:00,36202.96
2019-07-06 13:00:00,37224.332
2019-07-06 14:00:00,37347.574
2019-07-06 15:00:00,38080.312
2019-07-06 16:00:00,39806.027
2019-07-06 17:00:00,40584.55
2019-07-06 18:00:00,40747.215
2019-07-06 19:00:00,40008.98
2019-07-06 20:00:00,38911.145
2019-07-06 21:00:00,36881.832
2019-07-06 22:00:00,36212.48
2019-07-06 23:00:00,33951.375
2019-07-07 00:00:00,30336.473
2019-07-07 01:00:00,28757.496
2019-07-07 02:00:00,27124.861
2019-07-07 03:00:00,26128.662
2019-07-07 04:00:00,25674.416
2019-07-07 05:00:00,25215.904
2019-07-07 06:00:00,24950.195
2019-07-07 07:00:00,25099.309
2019-07-07 08:00:00,26562.12
2019-07-07 09:00:00,28771.035
2019-07-07 10:00:00,30103.258
2019-07-07 11:00:00,31703.412
2019-07-07 12:00:00,33881.793
2019-07-07 13:00:00,35341.08
2019-07-07 14:00:00,36184.117
2019-07-07 15:00:00,37815.09
2019-07-07 16:00:00,38918.7
2019-07-07 17:00:00,39850.652
2019-07-07 18:00:00,40876.297
2019-07-07 19:00:00,40797.965
2019-07-07 20:00:00,40557.645
2019-07-07 21:00:00,38656.613
2019-07-07 22:00:00,37498.348
2019-07-07 23:00:00,34550.684
2019-07-08 00:00:00,30444.162
2019-07-08 01:00:00,28497.66
2019-07-08 02:00:00,27045.256
2019-07-08 03:00:00,26012.943
2019-07-08 04:00:00,25561.568
2019-07-08 05:00:00,25610.764
2019-07-08 06:00:00,27421.95
2019-07-08 07:00:00,28911.666
2019-07-08 08:00:00,31035.234
2019-07-08 09:00:00,33323.66
2019-07-08 10:00:00,34966.805
2019-07-08 11:00:00,38009.75
2019-07-08 12:00:00,40372.723
2019-07-08 13:00:00,41640.836
2019-07-08 14:00:00,43826.54
2019-07-08 15:00:00,44871.977
2019-07-08 16:00:00,45544.05
2019-07-08 17:00:00,47055.453
2019-07-08 18:00:00,47133.73
2019-07-08 19:00:00,47055.453
2019-07-08 20:00:00,45441.227
2019-07-08 21:00:00,43932.953
2019-07-08 22:00:00,42286.37
2019-07-08 23:00:00,39220.633
2019-07-09 00:00:00,32855.2
2019-07-09 01:00:00,30807.55
2019-07-09 02:00:00,29030.078
2019-07-09 03:00:00,28297.578
2019-07-09 04:00:00,28218.975
2019-07-09 05:00:00,28218.975
2019-07-09 06:00:00,28886.797
2019-07-09 07:00:00,31109.432
2019-07-09 08:00:00,33310.414
2019-07-09 09:00:00,35901.1
2019-07-09 10:00:00,39125.523
2019-07-09 11:00:00,41322.906
2019-07-09 12:00:00,44201.094
2019-07-09 13:00:00,46162.64
2019-07-09 14:00:00,46987.977
2019-07-09 15:00:00,47908.81
2019-07-09 16:00:00,48354.676
2019-07-09 17:00:00,48581.98
2019-07-09 18:00:00,48669.742
2019-07-09 19:00:00,48581.98
2019-07-09 20:00:00,48235.594
2019-07-09 21:00:00,47037.582
2019-07-09 22:00:00,45223.613
2019-07-09 23:00:00,41243.023
2019-07-10 00:00:00,36017.285
2019-07-10 01:00:00,32479.604
2019-07-10 02:00:00,30601.53
2019-07-10 03:00:00,29854.352
2019-07-10 04:00:00,29494.727
2019-07-10 05:00:00,29487.738
2019-07-10 06:00:00,30369.46
2019-07-10 07:00:00,32699.469
2019-07-10 08:00:00,35590.246
2019-07-10 09:00:00,38519.086
2019-07-10 10:00:00,40463.664
2019-07-10 11:00:00,43022.723
2019-07-10 12:00:00,44518.562
2019-07-10 13:00:00,46242.64
2019-07-10 14:00:00,46717.56
2019-07-10 15:00:00,47158.16
2019-07-10 16:00:00,47657.086
2019-07-10 17:00:00,48015.85
2019-07-10 18:00:00,47668.656
2019-07-10 19:00:00,47111.633
2019-07-10 20:00:00,46147.016
2019-07-10 21:00:00,45016.785
2019-07-10 22:00:00,43992.69
2019-07-10 23:00:00,40942.836
2019-07-11 00:00:00,35410.08
2019-07-11 01:00:00,32541.691
2019-07-11 02:00:00,31153.84
2019-07-11 03:00:00,29796.746
2019-07-11 04:00:00,29503.766
2019-07-11 05:00:00,29523.164
2019-07-11 06:00:00,30541.531
2019-07-11 07:00:00,32730.89
2019-07-11 08:00:00,35855.43
2019-07-11 09:00:00,38740.277
2019-07-11 10:00:00,41440.598
2019-07-11 11:00:00,43721.45
2019-07-11 12:00:00,45155.4
2019-07-11 13:00:00,46089.01
2019-07-11 14:00:00,46335.848
2019-07-11 15:00:00,46638.105
2019-07-11 16:00:00,47230.14
2019-07-11 17:00:00,47243.19
2019-07-11 18:00:00,47435.117
2019-07-11 19:00:00,47105.31
2019-07-11 20:00:00,46487.805
2019-07-11 21:00:00,46086.676
2019-07-11 22:00:00,44610.73
2019-07-11 23:00:00,41672.64
2019-07-12 00:00:00,36677.477
2019-07-12 01:00:00,33688.938
2019-07-12 02:00:00,31753.871
2019-07-12 03:00:00,30503.006
2019-07-12 04:00:00,29462.766
2019-07-12 05:00:00,29462.766
2019-07-12 06:00:00,30342.46
2019-07-12 07:00:00,32968.914
2019-07-12 08:00:00,34937.406
2019-07-12 09:00:00,38205.676
2019-07-12 10:00:00,40468.668
2019-07-12 11:00:00,42622.863
2019-07-12 12:00:00,43796.016
2019-07-12 13:00:00,45326.5
2019-07-12 14:00:00,45614.65
2019-07-12 15:00:00,45745.086
2019-07-12 16:00:00,46358.727
2019-07-12 17:00:00,46330.465
2019-07-12 18:00:00,45998.86
2019-07-12 19:00:00,45311.21
2019-07-12 20:00:00,44476.88
2019-07-12 21:00:00,43851.277
2019-07-12 22:00:00,42357.844
2019-07-12 23:00:00,39383.715
2019-07-13 00:00:00,33818.594
2019-07-13 01:00:00,31794.605
2019-07-13 02:00:00,29734.787
2019-07-13 03:00:00,28381.994
2019-07-13 04:00:00,28137.045
2019-07-13 05:00:00,28052.482
2019-07-13 06:00:00,28039.2
2019-07-13 07:00:00,28290.062
2019-07-13 08:00:00,29793.88
2019-07-13 09:00:00,32560.344
2019-07-13 10:00:00,35577.832
2019-07-13 11:00:00,38835.74
2019-07-13 12:00:00,41595.465
2019-07-13 13:00:00,42020.754
2019-07-13 14:00:00,43290.496
2019-07-13 15:00:00,43666.082
2019-07-13 16:00:00,43968.11
2019-07-13 17:00:00,44387.863
2019-07-13 18:00:00,44485.992
2019-07-13 19:00:00,43887.414
2019-07-13 20:00:00,42231.246
2019-07-13 21:00:00,40717.402
2019-07-13 22:00:00,40129.594
2019-07-13 23:00:00,37938.71
2019-07-14 00:00:00,32760.645
2019-07-14 01:00:00,30559.008
2019-07-14 02:00:00,28936.838
2019-07-14 03:00:00,27970.17
2019-07-14 04:00:00,27227.197
2019-07-14 05:00:00,26803.139
2019-07-14 06:00:00,26576.387
2019-07-14 07:00:00,26903.977
2019-07-14 08:00:00,28161.037
2019-07-14 09:00:00,30345.496
2019-07-14 10:00:00,32456.637
2019-07-14 11:00:00,35739.785
2019-07-14 12:00:00,37563.723
2019-07-14 13:00:00,40199.543
2019-07-14 14:00:00,41817.734
2019-07-14 15:00:00,43387.918
2019-07-14 16:00:00,43729.527
2019-07-14 17:00:00,44656.13
2019-07-14 18:00:00,44118.99
2019-07-14 19:00:00,44432.23
2019-07-14 20:00:00,44279.453
2019-07-14 21:00:00,43436.383
2019-07-14 22:00:00,41245.332
2019-07-14 23:00:00,38982.758
2019-07-15 00:00:00,34121.82
2019-07-15 01:00:00,31563.344
2019-07-15 02:00:00,30296.62
2019-07-15 03:00:00,29141.998
2019-07-15 04:00:00,28740.713
2019-07-15 05:00:00,28810.19
2019-07-15 06:00:00,30382.96
2019-07-15 07:00:00,32079.96
2019-07-15 08:00:00,35878.18
2019-07-15 09:00:00,38698.594
2019-07-15 10:00:00,41794.72
2019-07-15 11:00:00,44377.17
2019-07-15 12:00:00,46173.68
2019-07-15 13:00:00,47726.734
2019-07-15 14:00:00,48609.992
2019-07-15 15:00:00,48740.43
2019-07-15 16:00:00,49478.434
2019-07-15 17:00:00,49040.93
2019-07-15 18:00:00,49040.93
2019-07-15 19:00:00,48332.637
2019-07-15 20:00:00,47886.27
2019-07-15 21:00:00,46856.715
2019-07-15 22:00:00,44204.207
2019-07-15 23:00:00,40644.016
2019-07-16 00:00:00,35894.465
2019-07-16 01:00:00,32899.367
2019-07-16 02:00:00,31299.697
2019-07-16 03:00:00,30324.697
2019-07-16 04:00:00,29861.898
2019-07-16 05:00:00,29388.738
2019-07-16 06:00:00,30855.385
2019-07-16 07:00:00,33000.375
2019-07-16 08:00:00,36075.08
2019-07-16 09:00:00,38821.62
2019-07-16 10:00:00,40288.375
2019-07-16 11:00:00,43820.242
2019-07-16 12:00:00,46566.395
2019-07-16 13:00:00,47538.66
2019-07-16 14:00:00,48001.234
2019-07-16 15:00:00,47932.188
2019-07-16 16:00:00,47283.36
2019-07-16 17:00:00,46928.887
2019-07-16 18:00:00,46928.887
2019-07-16 19:00:00,46371.426
2019-07-16 20:00:00,46183.72
2019-07-16 21:00:00,44817.96
2019-07-16 22:00:00,43679.543
2019-07-16 23:00:00,39910.547
2019-07-17 00:00:00,34565.805
2019-07-17 01:00:00,31997.729
2019-07-17 02:00:00,30360.25
2019-07-17 03:00:00,29244.008
2019-07-17 04:00:00,28720.215
2019-07-17 05:00:00,28720.215
2019-07-17 06:00:00,29649.95
2019-07-17 07:00:00,31842.104
2019-07-17 08:00:00,34602.188
2019-07-17 09:00:00,36709.066
2019-07-17 10:00:00,39479.594
2019-07-17 11:00:00,42052.758
2019-07-17 12:00:00,43327.41
2019-07-17 13:00:00,45011.062
2019-07-17 14:00:00,46349.086
2019-07-17 15:00:00,46492.645
2019-07-17 16:00:00,46863.22
2019-07-17 17:00:00,47397.69
2019-07-17 18:00:00,47397.69
2019-07-17 19:00:00,47053.113
2019-07-17 20:00:00,46471.707
2019-07-17 21:00:00,45372.996
2019-07-17 22:00:00,43337.53
2019-07-17 23:00:00,40560.617
2019-07-18 00:00:00,34459.773
2019-07-18 01:00:00,32065.635
2019-07-18 02:00:00,30637.225
2019-07-18 03:00:00,29374.965
2019-07-18 04:00:00,28549.465
2019-07-18 05:00:00,28549.465
2019-07-18 06:00:00,29822.887
2019-07-18 07:00:00,31804.719
2019-07-18 08:00:00,34318.46
2019-07-18 09:00:00,36228.26
2019-07-18 10:00:00,39975.113
2019-07-18 11:00:00,42167.055
2019-07-18 12:00:00,43808.926
2019-07-18 13:00:00,45390.996
2019-07-18 14:00:00,46291.59
2019-07-18 15:00:00,46843.414
2019-07-18 16:00:00,46928.797
2019-07-18 17:00:00,46941.848
2019-07-18 18:00:00,47118.69
2019-07-18 19:00:00,46941.848
2019-07-18 20:00:00,46835.598
2019-07-18 21:00:00,46027.65
2019-07-18 22:00:00,44416.453
2019-07-18 23:00:00,41585.18
2019-07-19 00:00:00,35998.54
2019-07-19 01:00:00,33304.37
2019-07-19 02:00:00,31428.342
2019-07-19 03:00:00,30243.582
2019-07-19 04:00:00,29517.531
2019-07-19 05:00:00,29667.26
2019-07-19 06:00:00,30477.0
2019-07-19 07:00:00,32448.195
2019-07-19 08:00:00,34937.52
2019-07-19 09:00:00,38415.863
2019-07-19 10:00:00,40901.168
2019-07-19 11:00:00,43974.12
2019-07-19 12:00:00,45053.215
2019-07-19 13:00:00,46182.45
2019-07-19 14:00:00,46589.1
2019-07-19 15:00:00,46891.36
2019-07-19 16:00:00,47563.676
2019-07-19 17:00:00,47576.727
2019-07-19 18:00:00,47576.727
2019-07-19 19:00:00,47586.355
2019-07-19 20:00:00,46393.992
2019-07-19 21:00:00,45546.223
2019-07-19 22:00:00,44617.617
2019-07-19 23:00:00,42928.734
2019-07-20 00:00:00,36397.473
2019-07-20 01:00:00,35213.348
2019-07-20 02:00:00,32981.92
2019-07-20 03:00:00,31450.15
2019-07-20 04:00:00,30172.771
2019-07-20 05:00:00,30057.205
2019-07-20 06:00:00,29742.281
2019-07-20 07:00:00,30252.34
2019-07-20 08:00:00,32447.158
2019-07-20 09:00:00,35202.52
2019-07-20 10:00:00,36783.027
2019-07-20 11:00:00,38912.977
2019-07-20 12:00:00,41161.07
2019-07-20 13:00:00,43337.81
2019-07-20 14:00:00,42098.75
2019-07-20 15:00:00,41446.25
2019-07-20 16:00:00,41513.223
2019-07-20 17:00:00,41535.902
2019-07-20 18:00:00,41535.902
2019-07-20 19:00:00,41350.355
2019-07-20 20:00:00,41051.008
2019-07-20 21:00:00,40276.684
2019-07-20 22:00:00,39049.242
2019-07-20 23:00:00,37788.8
2019-07-21 00:00:00,34346.938
2019-07-21 01:00:00,32161.018
2019-07-21 02:00:00,29884.928
2019-07-21 03:00:00,29216.37
2019-07-21 04:00:00,28614.857
2019-07-21 05:00:00,28185.63
2019-07-21 06:00:00,28257.996
2019-07-21 07:00:00,28185.48
2019-07-21 08:00:00,29193.213
2019-07-21 09:00:00,31463.605
2019-07-21 10:00:00,34669.293
2019-07-21 11:00:00,36198.363
2019-07-21 12:00:00,38700.613
2019-07-21 13:00:00,42662.246
2019-07-21 14:00:00,43431.656
2019-07-21 15:00:00,43696.32
2019-07-21 16:00:00,43784.75
2019-07-21 17:00:00,43459.2
2019-07-21 18:00:00,43164.99
2019-07-21 19:00:00,43095.363
2019-07-21 20:00:00,42972.367
2019-07-21 21:00:00,43219.24
2019-07-21 22:00:00,42355.156
2019-07-21 23:00:00,39233.074
2019-07-22 00:00:00,34075.004
2019-07-22 01:00:00,32602.477
2019-07-22 02:00:00,31377.326
2019-07-22 03:00:00,30538.014
2019-07-22 04:00:00,29991.436
2019-07-22 05:00:00,30322.928
2019-07-22 06:00:00,31513.215
2019-07-22 07:00:00,34398.668
2019-07-22 08:00:00,36536.77
2019-07-22 09:00:00,39531.754
2019-07-22 10:00:00,41558.48
2019-07-22 11:00:00,43086.03
2019-07-22 12:00:00,44414.105
2019-07-22 13:00:00,45972.48
2019-07-22 14:00:00,46679.89
2019-07-22 15:00:00,46836.844
2019-07-22 16:00:00,47520.688
2019-07-22 17:00:00,47686.035
2019-07-22 18:00:00,47760.21
2019-07-22 19:00:00,46724.324
2019-07-22 20:00:00,46043.754
2019-07-22 21:00:00,45322.746
2019-07-22 22:00:00,43586.8
2019-07-22 23:00:00,40298.086
2019-07-23 00:00:00,34949.25
2019-07-23 01:00:00,32303.643
2019-07-23 02:00:00,31110.467
2019-07-23 03:00:00,30011.965
2019-07-23 04:00:00,29566.73
2019-07-23 05:00:00,29747.957
2019-07-23 06:00:00,30434.615
2019-07-23 07:00:00,33100.957
2019-07-23 08:00:00,35132.188
2019-07-23 09:00:00,37777.348
2019-07-23 10:00:00,40085.117
2019-07-23 11:00:00,42367.76
2019-07-23 12:00:00,43331.164
2019-07-23 13:00:00,43702.82
2019-07-23 14:00:00,44154.26
2019-07-23 15:00:00,44626.832
2019-07-23 16:00:00,44874.223
2019-07-23 17:00:00,45597.99
2019-07-23 18:00:00,45597.99
2019-07-23 19:00:00,44961.85
2019-07-23 20:00:00,44069.41
2019-07-23 21:00:00,43862.87
2019-07-23 22:00:00,42586.344
2019-07-23 23:00:00,39247.383
2019-07-24 00:00:00,34134.203
2019-07-24 01:00:00,32365.355
2019-07-24 02:00:00,30429.812
2019-07-24 03:00:00,29952.562
2019-07-24 04:00:00,29338.71
2019-07-24 05:00:00,29375.355
2019-07-24 06:00:00,30258.287
2019-07-24 07:00:00,32510.076
2019-07-24 08:00:00,34745.81
2019-07-24 09:00:00,37049.023
2019-07-24 10:00:00,39353.164
2019-07-24 11:00:00,41399.633
2019-07-24 12:00:00,43088.47
2019-07-24 13:00:00,43620.562
2019-07-24 14:00:00,44169.38
2019-07-24 15:00:00,44910.996
2019-07-24 16:00:00,45588.65
2019-07-24 17:00:00,46169.32
2019-07-24 18:00:00,46161.64
2019-07-24 19:00:00,45471.07
2019-07-24 20:00:00,44384.83
2019-07-24 21:00:00,43778.156
2019-07-24 22:00:00,42522.0
2019-07-24 23:00:00,39431.844
2019-07-25 00:00:00,33339.723
2019-07-25 01:00:00,32049.53
2019-07-25 02:00:00,30388.035
2019-07-25 03:00:00,29000.1
2019-07-25 04:00:00,28443.871
2019-07-25 05:00:00,28580.328
2019-07-25 06:00:00,30119.201
2019-07-25 07:00:00,32198.93
2019-07-25 08:00:00,34314.945
2019-07-25 09:00:00,36981.113
2019-07-25 10:00:00,40211.547
2019-07-25 11:00:00,42062.645
2019-07-25 12:00:00,43493.22
2019-07-25 13:00:00,44387.12
2019-07-25 14:00:00,44962.742
2019-07-25 15:00:00,45940.78
2019-07-25 16:00:00,46448.11
2019-07-25 17:00:00,47034.523
2019-07-25 18:00:00,47355.188
2019-07-25 19:00:00,46994.707
2019-07-25 20:00:00,45509.17
2019-07-25 21:00:00,45166.332
2019-07-25 22:00:00,42560.734
2019-07-25 23:00:00,39902.82
2019-07-26 00:00:00,34556.914
2019-07-26 01:00:00,31773.76
2019-07-26 02:00:00,30693.066
2019-07-26 03:00:00,29512.438
2019-07-26 04:00:00,29160.66
2019-07-26 05:00:00,29226.434
2019-07-26 06:00:00,30311.752
2019-07-26 07:00:00,32181.723
2019-07-26 08:00:00,34323.438
2019-07-26 09:00:00,37551.375
2019-07-26 10:00:00,39249.547
2019-07-26 11:00:00,41604.355
2019-07-26 12:00:00,43370.688
2019-07-26 13:00:00,45630.473
2019-07-26 14:00:00,46733.992
2019-07-26 15:00:00,47040.61
2019-07-26 16:00:00,46989.63
2019-07-26 17:00:00,46931.086
2019-07-26 18:00:00,46231.953
2019-07-26 19:00:00,45321.973
2019-07-26 20:00:00,44690.844
2019-07-26 21:00:00,43925.46
2019-07-26 22:00:00,41785.25
2019-07-26 23:00:00,38164.316
2019-07-27 00:00:00,33988.652
2019-07-27 01:00:00,31258.75
2019-07-27 02:00:00,29683.783
2019-07-27 03:00:00,28724.775
2019-07-27 04:00:00,28007.83
2019-07-27 05:00:00,27840.096
2019-07-27 06:00:00,27872.754
2019-07-27 07:00:00,28150.816
2019-07-27 08:00:00,29379.271
2019-07-27 09:00:00,31626.055
2019-07-27 10:00:00,34239.547
2019-07-27 11:00:00,35839.383
2019-07-27 12:00:00,38306.336
2019-07-27 13:00:00,38407.504
2019-07-27 14:00:00,38615.633
2019-07-27 15:00:00,38773.715
2019-07-27 16:00:00,38663.348
2019-07-27 17:00:00,38579.855
2019-07-27 18:00:00,38338.695
2019-07-27 19:00:00,38204.36
2019-07-27 20:00:00,37931.957
2019-07-27 21:00:00,37484.4
2019-07-27 22:00:00,37092.336
2019-07-27 23:00:00,35213.316
2019-07-28 00:00:00,30623.19
2019-07-28 01:00:00,29333.504
2019-07-28 02:00:00,27647.291
2019-07-28 03:00:00,27206.209
2019-07-28 04:00:00,26272.877
2019-07-28 05:00:00,26061.566
2019-07-28 06:00:00,26007.1
2019-07-28 07:00:00,26164.424
2019-07-28 08:00:00,27650.275
2019-07-28 09:00:00,28859.121
2019-07-28 10:00:00,31006.402
2019-07-28 11:00:00,32894.305
2019-07-28 12:00:00,35481.992
2019-07-28 13:00:00,37192.93
2019-07-28 14:00:00,38246.02
2019-07-28 15:00:00,39749.777
2019-07-28 16:00:00,40324.73
2019-07-28 17:00:00,42005.13
2019-07-28 18:00:00,42695.69
2019-07-28 19:00:00,42250.66
2019-07-28 20:00:00,41308.72
2019-07-28 21:00:00,40982.766
2019-07-28 22:00:00,39789.062
2019-07-28 23:00:00,36421.934
2019-07-29 00:00:00,31966.377
2019-07-29 01:00:00,29566.016
2019-07-29 02:00:00,28110.707
2019-07-29 03:00:00,27529.45
2019-07-29 04:00:00,27442.988
2019-07-29 05:00:00,27529.45
2019-07-29 06:00:00,28291.725
2019-07-29 07:00:00,30578.402
2019-07-29 08:00:00,32976.69
2019-07-29 09:00:00,34578.266
2019-07-29 10:00:00,36713.36
2019-07-29 11:00:00,38828.715
2019-07-29 12:00:00,41130.04
2019-07-29 13:00:00,42141.285
2019-07-29 14:00:00,43740.938
2019-07-29 15:00:00,44544.156
2019-07-29 16:00:00,45196.28
2019-07-29 17:00:00,45371.258
2019-07-29 18:00:00,45445.434
2019-07-29 19:00:00,45432.312
2019-07-29 20:00:00,43914.87
2019-07-29 21:00:00,43105.664
2019-07-29 22:00:00,40413.207
2019-07-29 23:00:00,37813.7
2019-07-30 00:00:00,32367.523
2019-07-30 01:00:00,30276.262
2019-07-30 02:00:00,28672.805
2019-07-30 03:00:00,28391.434
2019-07-30 04:00:00,27740.55
2019-07-30 05:00:00,28092.617
2019-07-30 06:00:00,28883.814
2019-07-30 07:00:00,31095.0
2019-07-30 08:00:00,33176.117
2019-07-30 09:00:00,35143.57
2019-07-30 10:00:00,37679.89
2019-07-30 11:00:00,39863.824
2019-07-30 12:00:00,42561.156
2019-07-30 13:00:00,44094.035
2019-07-30 14:00:00,45142.777
2019-07-30 15:00:00,46298.125
2019-07-30 16:00:00,46383.508
2019-07-30 17:00:00,46624.69
2019-07-30 18:00:00,46624.69
2019-07-30 19:00:00,46393.066
2019-07-30 20:00:00,45147.344
2019-07-30 21:00:00,44332.117
2019-07-30 22:00:00,41996.875
2019-07-30 23:00:00,38016.004
2019-07-31 00:00:00,32602.404
2019-07-31 01:00:00,30932.762
2019-07-31 02:00:00,29505.662
2019-07-31 03:00:00,28779.754
2019-07-31 04:00:00,28479.195
2019-07-31 05:00:00,28548.676
2019-07-31 06:00:00,29508.248
2019-07-31 07:00:00,31895.729
2019-07-31 08:00:00,34261.598
2019-07-31 09:00:00,36711.35
2019-07-31 10:00:00,38568.125
2019-07-31 11:00:00,40891.992
2019-07-31 12:00:00,43615.164
2019-07-31 13:00:00,44187.34
2019-07-31 14:00:00,46262.39
2019-07-31 15:00:00,46498.5
2019-07-31 16:00:00,46878.113
2019-07-31 17:00:00,47786.875
2019-07-31 18:00:00,47495.13
2019-07-31 19:00:00,46169.555
2019-07-31 20:00:00,43966.043
2019-07-31 21:00:00,43032.066
2019-07-31 22:00:00,41947.93
2019-07-31 23:00:00,38690.316
2019-08-01 00:00:00,32983.418
2019-08-01 01:00:00,31022.26
2019-08-01 02:00:00,29017.299
2019-08-01 03:00:00,28567.047
2019-08-01 04:00:00,28357.238
2019-08-01 05:00:00,28429.383
2019-08-01 06:00:00,29069.604
2019-08-01 07:00:00,31670.01
2019-08-01 08:00:00,33813.984
2019-08-01 09:00:00,36077.38
2019-08-01 10:00:00,38620.305
2019-08-01 11:00:00,40768.574
2019-08-01 12:00:00,42381.977
2019-08-01 13:00:00,44636.566
2019-08-01 14:00:00,46247.414
2019-08-01 15:00:00,47325.17
2019-08-01 16:00:00,47423.676
2019-08-01 17:00:00,47515.004
2019-08-01 18:00:00,47515.004
2019-08-01 19:00:00,46816.97
2019-08-01 20:00:00,45277.5
2019-08-01 21:00:00,43570.098
2019-08-01 22:00:00,41361.57
2019-08-01 23:00:00,38577.11
2019-08-02 00:00:00,32817.39
2019-08-02 01:00:00,32502.361
2019-08-02 02:00:00,31943.06
2019-08-02 03:00:00,31653.932
2019-08-02 04:00:00,31586.646
2019-08-02 05:00:00,31586.646
2019-08-02 06:00:00,32381.523
2019-08-02 07:00:00,33786.734
2019-08-02 08:00:00,37260.914
2019-08-02 09:00:00,39579.24
2019-08-02 10:00:00,42128.953
2019-08-02 11:00:00,44284.5
2019-08-02 12:00:00,45937.62
2019-08-02 13:00:00,47706.617
2019-08-02 14:00:00,48677.54
2019-08-02 15:00:00,48807.977
2019-08-02 16:00:00,49335.69
2019-08-02 17:00:00,49348.742
2019-08-02 18:00:00,49348.742
2019-08-02 19:00:00,48906.41
2019-08-02 20:00:00,47619.617
2019-08-02 21:00:00,46750.387
2019-08-02 22:00:00,45288.707
2019-08-02 23:00:00,43068.59
2019-08-03 00:00:00,36265.023
