mae,rmse
2844.4761940198173,3904.6128621621024
